Invoice_ID,Date,Branch,Category,Product_Name,Customer_Type,Gender,Quantity,Unit_Price,Sales,Payment_Method,Cashier,Year,Month,Month_Name
INV100112,2024-01-01,Hodan-Taleex,Personal Care,Body Lotion 200ml,Member,Male,3,2.8,8.4,Evc Plus,Amina Hassan,2024,1,January
INV100223,2024-01-01,Hodan-Taleex,Personal Care,Toothpaste,Member,Female,5,2.14,10.7,Evc Plus,Amina Hassan,2024,1,January
INV100161,2024-01-01,Hamar Weyne,Bakery,White Bread,Regular,Female,5,0.93,4.65,Evc Plus,Khadija Omar,2024,1,January
INV100249,2024-01-01,Hodan-Taleex,Personal Care,Body Lotion 200ml,Regular,Female,3,2.99,8.97,Evc Plus,Mohamed Ali,2024,1,January
INV100115,2024-01-01,Hodan-Taleex,Personal Care,Hand Sanitizer 100ml,Regular,Male,3,1.31,3.93,Evc Plus,Amina Hassan,2024,1,January
INV100002,2024-01-01,Hamar Weyne,Household,Laundry Detergent 1kg,Member,Male,6,3.13,18.78,Evc Plus,Hodan Warsame,2024,1,January
INV100061,2024-01-01,Hodan-Taleex,Beverages,Black Tea Pack,Member,Female,8,1.28,10.24,Cash,Amina Hassan,2024,1,January
INV100201,2024-01-01,Hodan-Taleex,Snacks,Peanuts 200g,Member,Female,2,1.27,2.54,Evc Plus,Abdirahman Nur,2024,1,January
INV100106,2024-01-01,Hamar Weyne,Beverages,Orange Juice 1L,Regular,Female,5,2.06,10.3,Evc Plus,Ahmed Abdi,2024,1,January
INV100240,2024-01-01,Laba Dhagax,Beverages,Sprite 500ml,Member,Male,7,1.07,7.49,Zaad,Yusuf Farah,2024,1,January
INV100243,2024-01-02,Hodan-Taleex,Beverages,Soft Drink Cola 500ml,Regular,Male,2,1.13,2.26,Evc Plus,Amina Hassan,2024,1,January
INV100150,2024-01-02,Hamar Weyne,Bakery,Croissant,Member,Female,8,0.87,6.96,Evc Plus,Ahmed Abdi,2024,1,January
INV100296,2024-01-02,Hodan-Taleex,Bakery,White Bread,Regular,Female,2,0.72,1.44,Evc Plus,Abdirahman Nur,2024,1,January
INV100047,2024-01-02,Hodan-Taleex,Bakery,Croissant,Regular,Male,3,0.91,2.73,Cash,Abdirahman Nur,2024,1,January
INV100301,2024-01-02,Hodan-Taleex,Beverages,Sprite 500ml,Member,Male,5,1.19,5.95,Evc Plus,Fadumo Yusuf,2024,1,January
INV100163,2024-01-02,Hodan-Taleex,Household,Cooking Oil 1L,Member,Female,7,3.16,22.12,Cash,Fadumo Yusuf,2024,1,January
INV100306,2024-01-02,Hodan-Taleex,Beverages,Sprite 500ml,Member,Female,2,0.9,1.8,Cash,Mohamed Ali,2024,1,January
INV100180,2024-01-03,Hodan-Taleex,Household,Pasta 500g,Regular,Female,5,1.03,5.15,Evc Plus,Fadumo Yusuf,2024,1,January
INV100020,2024-01-03,Hodan-Taleex,Fruits,Watermelon (each),Member,Male,3,2.76,8.28,Evc Plus,Abdirahman Nur,2024,1,January
INV100127,2024-01-03,Laba Dhagax,Snacks,Peanuts 200g,Member,Male,6,1.37,8.22,Evc Plus,Yusuf Farah,2024,1,January
INV100255,2024-01-03,Hodan-Taleex,Household,Cooking Oil 1L,Regular,Female,6,3.88,23.28,Evc Plus,Mohamed Ali,2024,1,January
INV100300,2024-01-03,Laba Dhagax,Snacks,Biscuit Snack Pack,Member,Female,3,0.87,2.61,Evc Plus,Sahra Ibrahim,2024,1,January
INV100034,2024-01-03,Hodan-Taleex,Vegetables,Carrot (kg),Member,Female,2,0.82,1.64,Zaad,Fadumo Yusuf,2024,1,January
INV100035,2024-01-03,Hodan-Taleex,Beverages,Orange Juice 1L,Regular,Male,5,1.72,8.6,Cash,Fadumo Yusuf,2024,1,January
INV100327,2024-01-03,Hodan-Taleex,Beverages,Black Tea Pack,Regular,Female,6,1.35,8.1,Evc Plus,Abdirahman Nur,2024,1,January
INV100157,2024-01-03,Hodan-Taleex,Bakery,Biscuits Pack,Regular,Female,6,1.37,8.22,Evc Plus,Fadumo Yusuf,2024,1,January
INV100036,2024-01-03,Hodan-Taleex,Dairy,Cheese 200g,Regular,Male,1,3.79,3.79,Visa,Amina Hassan,2024,1,January
INV100063,2024-01-03,Laba Dhagax,Snacks,Peanuts 200g,Regular,Female,5,0.81,4.05,Zaad,Yusuf Farah,2024,1,January
INV100268,2024-01-03,Hodan-Taleex,Vegetables,Carrot (kg),Regular,Male,3,1.19,3.57,Zaad,Amina Hassan,2024,1,January
INV100129,2024-01-03,Hamar Weyne,Vegetables,Cucumber (kg),Regular,Female,4,0.92,3.68,Evc Plus,Ahmed Abdi,2024,1,January
INV100199,2024-01-03,Laba Dhagax,Dairy,Fresh Cream 200ml,Regular,Female,1,1.97,1.97,Zaad,Yusuf Farah,2024,1,January
INV100225,2024-01-03,Hodan-Taleex,Beverages,Sprite 500ml,Regular,Male,3,1.05,3.15,Evc Plus,Abdirahman Nur,2024,1,January
INV100271,2024-01-03,Laba Dhagax,Household,Laundry Detergent 1kg,Regular,Male,6,3.47,20.82,Evc Plus,Yusuf Farah,2024,1,January
INV100231,2024-01-04,Hodan-Taleex,Beverages,Sprite 500ml,Regular,Male,1,0.8,0.8,Zaad,Abdirahman Nur,2024,1,January
INV100066,2024-01-04,Hodan-Taleex,Fruits,Mango (kg),Regular,Male,6,1.4,8.4,Cash,Amina Hassan,2024,1,January
INV100006,2024-01-04,Hodan-Taleex,Dairy,Milk 1L,Member,Female,2,1.07,2.14,Zaad,Mohamed Ali,2024,1,January
INV100303,2024-01-04,Laba Dhagax,Fruits,Mango (kg),Member,Male,7,1.73,12.11,Evc Plus,Sahra Ibrahim,2024,1,January
INV100227,2024-01-04,Laba Dhagax,Vegetables,Cabbage (each),Regular,Female,1,1.28,1.28,Visa,Yusuf Farah,2024,1,January
INV100329,2024-01-04,Hamar Weyne,Personal Care,Bar Soap,Regular,Male,3,0.75,2.25,Zaad,Ahmed Abdi,2024,1,January
INV100038,2024-01-04,Hodan-Taleex,Dairy,Yogurt 500g,Regular,Female,4,1.39,5.56,Visa,Abdirahman Nur,2024,1,January
INV100245,2024-01-04,Hamar Weyne,Vegetables,Onion (kg),Regular,Female,2,0.98,1.96,Evc Plus,Khadija Omar,2024,1,January
INV100158,2024-01-04,Laba Dhagax,Fruits,Mango (kg),Member,Female,4,1.46,5.84,Cash,Yusuf Farah,2024,1,January
INV100144,2024-01-04,Hodan-Taleex,Fruits,Banana (kg),Member,Male,6,1.28,7.68,Visa,Abdirahman Nur,2024,1,January
INV100098,2024-01-05,Hodan-Taleex,Bakery,Brown Bread,Regular,Male,2,0.85,1.7,Evc Plus,Amina Hassan,2024,1,January
INV100267,2024-01-05,Hamar Weyne,Bakery,Donut,Regular,Female,5,0.79,3.95,Zaad,Ahmed Abdi,2024,1,January
INV100087,2024-01-05,Hamar Weyne,Household,Laundry Detergent 1kg,Member,Female,3,3.71,11.13,Zaad,Hodan Warsame,2024,1,January
INV100177,2024-01-05,Hodan-Taleex,Personal Care,Toothpaste,Regular,Male,4,2.37,9.48,Visa,Amina Hassan,2024,1,January
INV100209,2024-01-05,Hamar Weyne,Snacks,Candy Pack,Member,Female,6,0.8,4.8,Evc Plus,Ahmed Abdi,2024,1,January
INV100278,2024-01-05,Hodan-Taleex,Personal Care,Hand Sanitizer 100ml,Member,Female,3,1.43,4.29,Evc Plus,Fadumo Yusuf,2024,1,January
INV100239,2024-01-05,Hodan-Taleex,Fruits,Orange (kg),Regular,Female,1,1.15,1.15,Visa,Fadumo Yusuf,2024,1,January
INV100041,2024-01-05,Laba Dhagax,Dairy,Yogurt 500g,Regular,Male,2,1.74,3.48,Evc Plus,Sahra Ibrahim,2024,1,January
INV100320,2024-01-05,Hodan-Taleex,Fruits,Watermelon (each),Member,Female,6,2.05,12.3,Zaad,Fadumo Yusuf,2024,1,January
INV100175,2024-01-05,Laba Dhagax,Fruits,Grapes (kg),Regular,Male,4,3.95,15.8,Visa,Yusuf Farah,2024,1,January
INV100295,2024-01-05,Hodan-Taleex,Beverages,Black Tea Pack,Member,Male,4,1.22,4.88,Visa,Amina Hassan,2024,1,January
INV100206,2024-01-05,Laba Dhagax,Personal Care,Bar Soap,Member,Female,7,0.7,4.9,Evc Plus,Yusuf Farah,2024,1,January
INV100013,2024-01-06,Hodan-Taleex,Household,Sugar 2kg,Member,Male,6,2.87,17.22,Zaad,Amina Hassan,2024,1,January
INV100305,2024-01-06,Hamar Weyne,Bakery,Biscuits Pack,Regular,Female,6,1.13,6.78,Zaad,Ahmed Abdi,2024,1,January
INV100024,2024-01-06,Laba Dhagax,Personal Care,Hand Sanitizer 100ml,Regular,Female,1,1.49,1.49,Evc Plus,Yusuf Farah,2024,1,January
INV100062,2024-01-06,Laba Dhagax,Personal Care,Hand Sanitizer 100ml,Member,Male,7,2.18,15.26,Zaad,Yusuf Farah,2024,1,January
INV100107,2024-01-06,Hodan-Taleex,Household,Flour 2kg,Member,Female,3,2.84,8.52,Zaad,Amina Hassan,2024,1,January
INV100310,2024-01-06,Hamar Weyne,Vegetables,Tomato (kg),Regular,Female,4,0.87,3.48,Evc Plus,Khadija Omar,2024,1,January
INV100145,2024-01-06,Hamar Weyne,Household,Pasta 500g,Member,Male,4,1.53,6.12,Evc Plus,Hodan Warsame,2024,1,January
INV100125,2024-01-07,Hodan-Taleex,Beverages,Orange Juice 1L,Regular,Female,3,1.68,5.04,Evc Plus,Fadumo Yusuf,2024,1,January
INV100116,2024-01-07,Hamar Weyne,Snacks,Biscuit Snack Pack,Regular,Female,4,0.98,3.92,Evc Plus,Khadija Omar,2024,1,January
INV100076,2024-01-07,Hodan-Taleex,Vegetables,Potato (kg),Regular,Male,4,0.96,3.84,Evc Plus,Fadumo Yusuf,2024,1,January
INV100070,2024-01-07,Hamar Weyne,Fruits,Grapes (kg),Member,Male,8,3.21,25.68,Evc Plus,Hodan Warsame,2024,1,January
INV100026,2024-01-07,Hamar Weyne,Household,Pasta 500g,Regular,Female,6,1.41,8.46,Evc Plus,Hodan Warsame,2024,1,January
INV100189,2024-01-07,Hodan-Taleex,Personal Care,Bar Soap,Regular,Female,4,0.92,3.68,Evc Plus,Abdirahman Nur,2024,1,January
INV100277,2024-01-07,Hamar Weyne,Beverages,Orange Juice 1L,Regular,Female,3,1.68,5.04,Evc Plus,Khadija Omar,2024,1,January
INV100149,2024-01-08,Laba Dhagax,Household,Pasta 500g,Regular,Male,4,1.09,4.36,Cash,Yusuf Farah,2024,1,January
INV100235,2024-01-08,Hodan-Taleex,Snacks,Biscuit Snack Pack,Member,Male,3,0.86,2.58,Evc Plus,Amina Hassan,2024,1,January
INV100166,2024-01-08,Hodan-Taleex,Fruits,Banana (kg),Regular,Male,5,1.0,5.0,Evc Plus,Mohamed Ali,2024,1,January
INV100165,2024-01-08,Hodan-Taleex,Bakery,White Bread,Member,Male,7,0.84,5.88,Evc Plus,Abdirahman Nur,2024,1,January
INV100132,2024-01-08,Hamar Weyne,Fruits,Mango (kg),Member,Female,4,1.45,5.8,Cash,Khadija Omar,2024,1,January
INV100298,2024-01-08,Laba Dhagax,Household,Sugar 2kg,Regular,Male,6,2.62,15.72,Evc Plus,Yusuf Farah,2024,1,January
INV100052,2024-01-08,Hodan-Taleex,Dairy,Butter 250g,Regular,Male,6,3.07,18.42,Evc Plus,Fadumo Yusuf,2024,1,January
INV100173,2024-01-08,Hodan-Taleex,Vegetables,Cabbage (each),Regular,Female,2,1.39,2.78,Cash,Abdirahman Nur,2024,1,January
INV100283,2024-01-08,Hodan-Taleex,Vegetables,Carrot (kg),Regular,Female,6,1.09,6.54,Zaad,Mohamed Ali,2024,1,January
INV100014,2024-01-08,Hodan-Taleex,Fruits,Grapes (kg),Member,Female,7,3.53,24.71,Evc Plus,Abdirahman Nur,2024,1,January
INV100128,2024-01-08,Hamar Weyne,Personal Care,Toothpaste,Regular,Female,4,2.06,8.24,Cash,Hodan Warsame,2024,1,January
INV100219,2024-01-08,Hodan-Taleex,Bakery,Brown Bread,Member,Male,4,1.02,4.08,Evc Plus,Amina Hassan,2024,1,January
INV100207,2024-01-08,Laba Dhagax,Beverages,Apple Juice 1L,Regular,Female,4,1.62,6.48,Evc Plus,Sahra Ibrahim,2024,1,January
INV100193,2024-01-08,Hodan-Taleex,Household,Sugar 2kg,Regular,Female,3,2.93,8.79,Evc Plus,Amina Hassan,2024,1,January
INV100322,2024-01-09,Hodan-Taleex,Snacks,Popcorn Pack,Member,Female,5,0.83,4.15,Evc Plus,Mohamed Ali,2024,1,January
INV100160,2024-01-09,Hamar Weyne,Personal Care,Body Lotion 200ml,Regular,Male,4,2.63,10.52,Zaad,Khadija Omar,2024,1,January
INV100134,2024-01-09,Hamar Weyne,Bakery,Biscuits Pack,Member,Male,3,1.32,3.96,Cash,Ahmed Abdi,2024,1,January
INV100005,2024-01-09,Laba Dhagax,Personal Care,Body Lotion 200ml,Member,Male,7,3.13,21.91,Evc Plus,Sahra Ibrahim,2024,1,January
INV100259,2024-01-09,Hamar Weyne,Fruits,Mango (kg),Member,Male,3,1.28,3.84,Evc Plus,Khadija Omar,2024,1,January
INV100004,2024-01-09,Hamar Weyne,Personal Care,Shampoo 400ml,Member,Female,3,3.4,10.2,Cash,Hodan Warsame,2024,1,January
INV100186,2024-01-09,Hodan-Taleex,Snacks,Potato Chips,Member,Male,3,0.98,2.94,Evc Plus,Mohamed Ali,2024,1,January
INV100195,2024-01-10,Hodan-Taleex,Household,Pasta 500g,Member,Male,7,1.52,10.64,Zaad,Mohamed Ali,2024,1,January
INV100143,2024-01-10,Hodan-Taleex,Personal Care,Hand Sanitizer 100ml,Regular,Female,4,2.11,8.44,Evc Plus,Mohamed Ali,2024,1,January
INV100147,2024-01-10,Hamar Weyne,Household,Sugar 2kg,Member,Female,4,2.04,8.16,Evc Plus,Ahmed Abdi,2024,1,January
INV100182,2024-01-10,Hamar Weyne,Personal Care,Body Lotion 200ml,Regular,Male,4,2.75,11.0,Evc Plus,Hodan Warsame,2024,1,January
INV100188,2024-01-10,Hodan-Taleex,Beverages,Sprite 500ml,Member,Female,4,1.24,4.96,Evc Plus,Mohamed Ali,2024,1,January
INV100293,2024-01-10,Hamar Weyne,Personal Care,Shampoo 400ml,Regular,Female,2,2.78,5.56,Evc Plus,Hodan Warsame,2024,1,January
INV100117,2024-01-10,Hodan-Taleex,Household,Rice 5kg,Regular,Male,1,8.59,8.59,Zaad,Amina Hassan,2024,1,January
INV100057,2024-01-10,Hodan-Taleex,Household,Cooking Oil 1L,Regular,Male,6,3.73,22.38,Zaad,Fadumo Yusuf,2024,1,January
INV100135,2024-01-10,Hamar Weyne,Household,Rice 5kg,Regular,Female,1,9.0,9.0,Evc Plus,Ahmed Abdi,2024,1,January
INV100241,2024-01-11,Laba Dhagax,Personal Care,Toothbrush,Member,Male,5,1.09,5.45,Evc Plus,Sahra Ibrahim,2024,1,January
INV100172,2024-01-11,Laba Dhagax,Bakery,Croissant,Member,Female,6,1.04,6.24,Evc Plus,Yusuf Farah,2024,1,January
INV100040,2024-01-11,Hodan-Taleex,Household,Laundry Detergent 1kg,Regular,Male,1,3.1,3.1,Zaad,Amina Hassan,2024,1,January
INV100313,2024-01-11,Hodan-Taleex,Snacks,Candy Pack,Regular,Female,3,0.54,1.62,Evc Plus,Mohamed Ali,2024,1,January
INV100292,2024-01-11,Hodan-Taleex,Fruits,Grapes (kg),Member,Male,4,2.84,11.36,Evc Plus,Mohamed Ali,2024,1,January
INV100254,2024-01-11,Hamar Weyne,Dairy,Fresh Cream 200ml,Member,Male,5,1.52,7.6,Evc Plus,Khadija Omar,2024,1,January
INV100108,2024-01-11,Hamar Weyne,Dairy,Butter 250g,Regular,Female,3,2.32,6.96,Evc Plus,Hodan Warsame,2024,1,January
INV100257,2024-01-11,Hodan-Taleex,Vegetables,Tomato (kg),Regular,Female,6,0.87,5.22,Evc Plus,Amina Hassan,2024,1,January
INV100330,2024-01-12,Hodan-Taleex,Bakery,Brown Bread,Member,Male,8,0.9,7.2,Visa,Mohamed Ali,2024,1,January
INV100302,2024-01-12,Hamar Weyne,Fruits,Grapes (kg),Regular,Female,3,3.62,10.86,Cash,Ahmed Abdi,2024,1,January
INV100203,2024-01-12,Hodan-Taleex,Household,Rice 5kg,Member,Female,8,8.42,67.36,Zaad,Fadumo Yusuf,2024,1,January
INV100183,2024-01-12,Hodan-Taleex,Beverages,Apple Juice 1L,Regular,Female,1,1.79,1.79,Zaad,Amina Hassan,2024,1,January
INV100190,2024-01-12,Hodan-Taleex,Vegetables,Cucumber (kg),Regular,Male,2,0.75,1.5,Evc Plus,Abdirahman Nur,2024,1,January
INV100263,2024-01-12,Hamar Weyne,Household,Pasta 500g,Regular,Female,3,1.47,4.41,Evc Plus,Khadija Omar,2024,1,January
INV100011,2024-01-12,Hamar Weyne,Fruits,Grapes (kg),Member,Female,5,3.45,17.25,Evc Plus,Hodan Warsame,2024,1,January
INV100101,2024-01-12,Hodan-Taleex,Personal Care,Body Lotion 200ml,Regular,Female,4,2.51,10.04,Zaad,Amina Hassan,2024,1,January
INV100264,2024-01-12,Laba Dhagax,Fruits,Banana (kg),Member,Female,5,0.82,4.1,Zaad,Sahra Ibrahim,2024,1,January
INV100309,2024-01-12,Hodan-Taleex,Household,Flour 2kg,Member,Female,4,1.95,7.8,Evc Plus,Amina Hassan,2024,1,January
INV100299,2024-01-12,Hamar Weyne,Bakery,Croissant,Member,Female,5,0.8,4.0,Evc Plus,Ahmed Abdi,2024,1,January
INV100308,2024-01-12,Hodan-Taleex,Dairy,Butter 250g,Regular,Male,6,2.29,13.74,Visa,Abdirahman Nur,2024,1,January
INV100234,2024-01-12,Hodan-Taleex,Personal Care,Toothpaste,Regular,Male,3,2.1,6.3,Evc Plus,Abdirahman Nur,2024,1,January
INV100291,2024-01-12,Hodan-Taleex,Beverages,Orange Juice 1L,Member,Female,2,1.9,3.8,Zaad,Fadumo Yusuf,2024,1,January
INV100178,2024-01-13,Laba Dhagax,Vegetables,Cucumber (kg),Regular,Female,3,0.85,2.55,Zaad,Sahra Ibrahim,2024,1,January
INV100280,2024-01-13,Hodan-Taleex,Household,Dish Soap 500ml,Regular,Female,5,1.3,6.5,Zaad,Amina Hassan,2024,1,January
INV100140,2024-01-13,Hodan-Taleex,Dairy,Butter 250g,Regular,Female,1,3.23,3.23,Visa,Amina Hassan,2024,1,January
INV100185,2024-01-13,Hamar Weyne,Bakery,Cupcake,Regular,Male,1,0.74,0.74,Cash,Hodan Warsame,2024,1,January
INV100080,2024-01-13,Hodan-Taleex,Snacks,Chocolate Bar,Regular,Female,6,0.85,5.1,Evc Plus,Fadumo Yusuf,2024,1,January
INV100179,2024-01-13,Hamar Weyne,Beverages,Black Tea Pack,Regular,Female,6,1.86,11.16,Visa,Ahmed Abdi,2024,1,January
INV100274,2024-01-13,Hodan-Taleex,Fruits,Mango (kg),Regular,Female,6,1.76,10.56,Evc Plus,Mohamed Ali,2024,1,January
INV100265,2024-01-13,Hamar Weyne,Beverages,Sprite 500ml,Regular,Male,5,1.05,5.25,Evc Plus,Khadija Omar,2024,1,January
INV100124,2024-01-13,Hodan-Taleex,Personal Care,Body Lotion 200ml,Member,Female,6,3.42,20.52,Evc Plus,Mohamed Ali,2024,1,January
INV100082,2024-01-13,Hodan-Taleex,Household,Laundry Detergent 1kg,Member,Male,6,3.35,20.1,Cash,Abdirahman Nur,2024,1,January
INV100017,2024-01-13,Hamar Weyne,Personal Care,Shampoo 400ml,Member,Female,3,3.81,11.43,Cash,Ahmed Abdi,2024,1,January
INV100045,2024-01-13,Hodan-Taleex,Vegetables,Tomato (kg),Member,Male,3,0.89,2.67,Cash,Mohamed Ali,2024,1,January
INV100229,2024-01-14,Laba Dhagax,Vegetables,Tomato (kg),Regular,Female,6,0.75,4.5,Zaad,Yusuf Farah,2024,1,January
INV100142,2024-01-14,Hodan-Taleex,Beverages,Black Tea Pack,Member,Male,2,1.56,3.12,Zaad,Fadumo Yusuf,2024,1,January
INV100210,2024-01-14,Hamar Weyne,Household,Flour 2kg,Member,Male,8,2.39,19.12,Evc Plus,Khadija Omar,2024,1,January
INV100314,2024-01-14,Hamar Weyne,Dairy,Fresh Cream 200ml,Member,Female,5,2.1,10.5,Zaad,Ahmed Abdi,2024,1,January
INV100103,2024-01-14,Hamar Weyne,Household,Sugar 2kg,Member,Male,5,2.26,11.3,Visa,Ahmed Abdi,2024,1,January
INV100181,2024-01-14,Laba Dhagax,Household,Pasta 500g,Regular,Female,2,1.6,3.2,Evc Plus,Sahra Ibrahim,2024,1,January
INV100176,2024-01-15,Hodan-Taleex,Beverages,Coffee 200g,Regular,Female,1,3.55,3.55,Evc Plus,Fadumo Yusuf,2024,1,January
INV100007,2024-01-15,Hodan-Taleex,Fruits,Mango (kg),Member,Female,8,1.23,9.84,Zaad,Fadumo Yusuf,2024,1,January
INV100221,2024-01-15,Hodan-Taleex,Snacks,Popcorn Pack,Regular,Male,6,0.73,4.38,Zaad,Abdirahman Nur,2024,1,January
INV100053,2024-01-15,Hamar Weyne,Vegetables,Tomato (kg),Regular,Male,6,1.02,6.12,Evc Plus,Khadija Omar,2024,1,January
INV100294,2024-01-15,Hodan-Taleex,Personal Care,Bar Soap,Member,Male,8,0.85,6.8,Zaad,Abdirahman Nur,2024,1,January
INV100334,2024-01-15,Hodan-Taleex,Bakery,Brown Bread,Member,Female,7,0.73,5.11,Zaad,Amina Hassan,2024,1,January
INV100261,2024-01-15,Hamar Weyne,Snacks,Potato Chips,Regular,Female,5,1.13,5.65,Evc Plus,Ahmed Abdi,2024,1,January
INV100099,2024-01-15,Hodan-Taleex,Beverages,Sprite 500ml,Regular,Female,4,0.92,3.68,Visa,Mohamed Ali,2024,1,January
INV100146,2024-01-15,Hamar Weyne,Bakery,Biscuits Pack,Member,Male,3,0.8,2.4,Visa,Hodan Warsame,2024,1,January
INV100022,2024-01-15,Hodan-Taleex,Household,Sugar 2kg,Member,Male,5,2.46,12.3,Zaad,Abdirahman Nur,2024,1,January
INV100156,2024-01-15,Hodan-Taleex,Personal Care,Body Lotion 200ml,Member,Male,5,3.28,16.4,Cash,Amina Hassan,2024,1,January
INV100269,2024-01-15,Hodan-Taleex,Beverages,Apple Juice 1L,Regular,Male,6,1.94,11.64,Cash,Mohamed Ali,2024,1,January
INV100123,2024-01-15,Laba Dhagax,Fruits,Apple (kg),Regular,Male,1,1.78,1.78,Evc Plus,Yusuf Farah,2024,1,January
INV100056,2024-01-15,Laba Dhagax,Beverages,Sprite 500ml,Member,Male,4,0.89,3.56,Evc Plus,Yusuf Farah,2024,1,January
INV100262,2024-01-16,Hodan-Taleex,Household,Pasta 500g,Member,Female,3,1.35,4.05,Cash,Fadumo Yusuf,2024,1,January
INV100168,2024-01-16,Hamar Weyne,Dairy,Fresh Cream 200ml,Member,Female,5,2.33,11.65,Visa,Ahmed Abdi,2024,1,January
INV100048,2024-01-16,Hodan-Taleex,Personal Care,Toothbrush,Regular,Female,1,0.84,0.84,Evc Plus,Amina Hassan,2024,1,January
INV100174,2024-01-16,Hodan-Taleex,Dairy,Cheese 200g,Regular,Female,1,2.98,2.98,Evc Plus,Abdirahman Nur,2024,1,January
INV100325,2024-01-16,Hamar Weyne,Dairy,Milk 1L,Member,Female,7,1.73,12.11,Evc Plus,Khadija Omar,2024,1,January
INV100152,2024-01-16,Laba Dhagax,Personal Care,Bar Soap,Member,Female,4,0.75,3.0,Evc Plus,Yusuf Farah,2024,1,January
INV100224,2024-01-16,Hodan-Taleex,Vegetables,Cucumber (kg),Member,Female,5,0.87,4.35,Cash,Amina Hassan,2024,1,January
INV100167,2024-01-16,Laba Dhagax,Vegetables,Cabbage (each),Regular,Male,6,1.3,7.8,Zaad,Sahra Ibrahim,2024,1,January
INV100044,2024-01-16,Hamar Weyne,Beverages,Black Tea Pack,Regular,Male,2,1.41,2.82,Evc Plus,Hodan Warsame,2024,1,January
INV100094,2024-01-16,Hamar Weyne,Vegetables,Potato (kg),Regular,Female,2,0.9,1.8,Evc Plus,Ahmed Abdi,2024,1,January
INV100085,2024-01-17,Laba Dhagax,Personal Care,Toothbrush,Member,Male,7,0.86,6.02,Evc Plus,Yusuf Farah,2024,1,January
INV100226,2024-01-17,Laba Dhagax,Dairy,Eggs Tray (30pcs),Member,Female,5,5.49,27.45,Evc Plus,Sahra Ibrahim,2024,1,January
INV100121,2024-01-17,Hodan-Taleex,Personal Care,Shampoo 400ml,Regular,Male,4,2.85,11.4,Evc Plus,Abdirahman Nur,2024,1,January
INV100276,2024-01-17,Laba Dhagax,Bakery,Brown Bread,Member,Male,7,0.97,6.79,Evc Plus,Yusuf Farah,2024,1,January
INV100162,2024-01-17,Hamar Weyne,Snacks,Candy Pack,Regular,Female,4,0.52,2.08,Cash,Ahmed Abdi,2024,1,January
INV100323,2024-01-17,Hamar Weyne,Bakery,White Bread,Member,Male,7,0.67,4.69,Zaad,Hodan Warsame,2024,1,January
INV100025,2024-01-17,Hodan-Taleex,Beverages,Bottled Water 500ml,Regular,Female,5,0.53,2.65,Zaad,Abdirahman Nur,2024,1,January
INV100031,2024-01-17,Hodan-Taleex,Bakery,Brown Bread,Regular,Female,5,0.77,3.85,Visa,Mohamed Ali,2024,1,January
INV100311,2024-01-17,Hodan-Taleex,Personal Care,Bar Soap,Regular,Female,3,0.96,2.88,Cash,Abdirahman Nur,2024,1,January
INV100084,2024-01-17,Laba Dhagax,Vegetables,Cabbage (each),Member,Female,5,1.21,6.05,Evc Plus,Yusuf Farah,2024,1,January
INV100256,2024-01-17,Hamar Weyne,Beverages,Coffee 200g,Regular,Male,4,3.68,14.72,Cash,Khadija Omar,2024,1,January
INV100279,2024-01-18,Hodan-Taleex,Beverages,Sprite 500ml,Regular,Female,1,1.0,1.0,Cash,Mohamed Ali,2024,1,January
INV100232,2024-01-18,Hodan-Taleex,Bakery,Brown Bread,Member,Male,6,1.08,6.48,Zaad,Fadumo Yusuf,2024,1,January
INV100097,2024-01-18,Hodan-Taleex,Dairy,Yogurt 500g,Regular,Female,3,1.52,4.56,Evc Plus,Fadumo Yusuf,2024,1,January
INV100030,2024-01-18,Hamar Weyne,Beverages,Black Tea Pack,Regular,Female,1,1.98,1.98,Evc Plus,Hodan Warsame,2024,1,January
INV100133,2024-01-18,Laba Dhagax,Personal Care,Toothpaste,Regular,Male,3,1.62,4.86,Visa,Sahra Ibrahim,2024,1,January
INV100131,2024-01-18,Laba Dhagax,Vegetables,Cucumber (kg),Regular,Female,4,1.0,4.0,Evc Plus,Yusuf Farah,2024,1,January
INV100003,2024-01-18,Hodan-Taleex,Dairy,Milk 1L,Regular,Male,5,1.48,7.4,Zaad,Amina Hassan,2024,1,January
INV100073,2024-01-18,Hodan-Taleex,Fruits,Mango (kg),Regular,Female,6,1.98,11.88,Zaad,Fadumo Yusuf,2024,1,January
INV100136,2024-01-18,Laba Dhagax,Fruits,Watermelon (each),Member,Male,4,2.02,8.08,Evc Plus,Sahra Ibrahim,2024,1,January
INV100250,2024-01-18,Hamar Weyne,Personal Care,Toothbrush,Regular,Female,2,0.89,1.78,Zaad,Khadija Omar,2024,1,January
INV100043,2024-01-18,Laba Dhagax,Vegetables,Carrot (kg),Regular,Male,1,1.03,1.03,Evc Plus,Sahra Ibrahim,2024,1,January
INV100331,2024-01-18,Hamar Weyne,Snacks,Biscuit Snack Pack,Regular,Female,4,0.92,3.68,Evc Plus,Ahmed Abdi,2024,1,January
INV100110,2024-01-18,Hamar Weyne,Dairy,Butter 250g,Regular,Male,4,2.03,8.12,Evc Plus,Khadija Omar,2024,1,January
INV100064,2024-01-18,Hodan-Taleex,Snacks,Candy Pack,Member,Male,8,0.65,5.2,Cash,Mohamed Ali,2024,1,January
INV100029,2024-01-19,Hodan-Taleex,Fruits,Banana (kg),Member,Male,2,0.92,1.84,Zaad,Fadumo Yusuf,2024,1,January
INV100246,2024-01-19,Laba Dhagax,Vegetables,Potato (kg),Member,Male,4,0.87,3.48,Visa,Yusuf Farah,2024,1,January
INV100266,2024-01-19,Laba Dhagax,Household,Rice 5kg,Regular,Male,4,9.23,36.92,Zaad,Yusuf Farah,2024,1,January
INV100138,2024-01-19,Laba Dhagax,Household,Pasta 500g,Regular,Female,1,1.7,1.7,Zaad,Sahra Ibrahim,2024,1,January
INV100113,2024-01-19,Laba Dhagax,Dairy,Yogurt 500g,Regular,Male,4,1.87,7.48,Evc Plus,Sahra Ibrahim,2024,1,January
INV100236,2024-01-19,Laba Dhagax,Fruits,Mango (kg),Member,Female,2,1.81,3.62,Visa,Sahra Ibrahim,2024,1,January
INV100054,2024-01-19,Hamar Weyne,Personal Care,Body Lotion 200ml,Member,Male,2,3.19,6.38,Zaad,Khadija Omar,2024,1,January
INV100321,2024-01-19,Hodan-Taleex,Fruits,Watermelon (each),Regular,Female,4,3.14,12.56,Evc Plus,Abdirahman Nur,2024,1,January
INV100155,2024-01-19,Hamar Weyne,Household,Rice 5kg,Regular,Male,6,8.96,53.76,Cash,Ahmed Abdi,2024,1,January
INV100083,2024-01-19,Hodan-Taleex,Fruits,Banana (kg),Regular,Female,2,1.01,2.02,Cash,Amina Hassan,2024,1,January
INV100333,2024-01-19,Laba Dhagax,Snacks,Popcorn Pack,Member,Female,8,0.86,6.88,Cash,Yusuf Farah,2024,1,January
INV100169,2024-01-20,Hamar Weyne,Vegetables,Cabbage (each),Member,Male,5,0.91,4.55,Cash,Hodan Warsame,2024,1,January
INV100153,2024-01-20,Hodan-Taleex,Beverages,Black Tea Pack,Regular,Male,4,1.73,6.92,Evc Plus,Abdirahman Nur,2024,1,January
INV100247,2024-01-20,Hodan-Taleex,Snacks,Popcorn Pack,Member,Female,2,0.79,1.58,Evc Plus,Abdirahman Nur,2024,1,January
INV100244,2024-01-20,Hodan-Taleex,Dairy,Eggs Tray (30pcs),Member,Female,7,4.35,30.45,Visa,Amina Hassan,2024,1,January
INV100105,2024-01-20,Hodan-Taleex,Personal Care,Toothpaste,Regular,Male,4,2.42,9.68,Visa,Abdirahman Nur,2024,1,January
INV100114,2024-01-20,Hodan-Taleex,Vegetables,Cabbage (each),Regular,Female,3,0.9,2.7,Evc Plus,Mohamed Ali,2024,1,January
INV100049,2024-01-20,Hodan-Taleex,Beverages,Soft Drink Cola 500ml,Member,Male,8,0.84,6.72,Zaad,Mohamed Ali,2024,1,January
INV100033,2024-01-21,Hamar Weyne,Personal Care,Shampoo 400ml,Regular,Female,4,4.49,17.96,Evc Plus,Hodan Warsame,2024,1,January
INV100008,2024-01-21,Hodan-Taleex,Fruits,Grapes (kg),Member,Male,6,2.94,17.64,Evc Plus,Amina Hassan,2024,1,January
INV100214,2024-01-21,Hodan-Taleex,Vegetables,Cabbage (each),Member,Male,7,0.93,6.51,Evc Plus,Amina Hassan,2024,1,January
INV100319,2024-01-21,Hodan-Taleex,Beverages,Apple Juice 1L,Member,Male,2,1.74,3.48,Zaad,Abdirahman Nur,2024,1,January
INV100090,2024-01-21,Hamar Weyne,Fruits,Grapes (kg),Member,Female,5,2.87,14.35,Evc Plus,Ahmed Abdi,2024,1,January
INV100253,2024-01-21,Hamar Weyne,Snacks,Biscuit Snack Pack,Regular,Female,5,0.76,3.8,Cash,Khadija Omar,2024,1,January
INV100275,2024-01-21,Hodan-Taleex,Household,Sugar 2kg,Member,Male,4,2.67,10.68,Zaad,Mohamed Ali,2024,1,January
INV100318,2024-01-22,Hamar Weyne,Bakery,Cupcake,Member,Male,3,0.84,2.52,Cash,Ahmed Abdi,2024,1,January
INV100159,2024-01-22,Hamar Weyne,Fruits,Orange (kg),Regular,Female,6,1.4,8.4,Evc Plus,Hodan Warsame,2024,1,January
INV100021,2024-01-22,Hodan-Taleex,Bakery,White Bread,Member,Male,7,0.66,4.62,Visa,Amina Hassan,2024,1,January
INV100184,2024-01-22,Hamar Weyne,Bakery,Croissant,Regular,Male,5,1.01,5.05,Cash,Khadija Omar,2024,1,January
INV100233,2024-01-22,Hodan-Taleex,Household,Dish Soap 500ml,Regular,Male,4,1.48,5.92,Evc Plus,Fadumo Yusuf,2024,1,January
INV100187,2024-01-22,Hamar Weyne,Dairy,Butter 250g,Regular,Male,4,3.35,13.4,Zaad,Khadija Omar,2024,1,January
INV100282,2024-01-22,Laba Dhagax,Personal Care,Toothpaste,Member,Female,2,1.91,3.82,Evc Plus,Sahra Ibrahim,2024,1,January
INV100200,2024-01-22,Hodan-Taleex,Personal Care,Body Lotion 200ml,Member,Male,8,3.51,28.08,Evc Plus,Mohamed Ali,2024,1,January
INV100118,2024-01-22,Laba Dhagax,Snacks,Biscuit Snack Pack,Regular,Male,3,0.81,2.43,Evc Plus,Sahra Ibrahim,2024,1,January
INV100071,2024-01-22,Hamar Weyne,Fruits,Mango (kg),Regular,Female,2,1.38,2.76,Zaad,Khadija Omar,2024,1,January
INV100051,2024-01-22,Laba Dhagax,Household,Rice 5kg,Member,Male,6,6.75,40.5,Evc Plus,Sahra Ibrahim,2024,1,January
INV100009,2024-01-22,Hodan-Taleex,Snacks,Biscuit Snack Pack,Regular,Male,6,0.63,3.78,Evc Plus,Fadumo Yusuf,2024,1,January
INV100023,2024-01-22,Hodan-Taleex,Snacks,Peanuts 200g,Regular,Male,6,1.23,7.38,Evc Plus,Fadumo Yusuf,2024,1,January
INV100130,2024-01-22,Hodan-Taleex,Dairy,Cheese 200g,Regular,Female,6,2.86,17.16,Visa,Fadumo Yusuf,2024,1,January
INV100273,2024-01-22,Hamar Weyne,Household,Sugar 2kg,Member,Male,4,2.1,8.4,Evc Plus,Ahmed Abdi,2024,1,January
INV100230,2024-01-22,Hodan-Taleex,Household,Dish Soap 500ml,Regular,Female,3,1.96,5.88,Evc Plus,Fadumo Yusuf,2024,1,January
INV100191,2024-01-22,Hamar Weyne,Dairy,Fresh Cream 200ml,Regular,Female,1,2.48,2.48,Evc Plus,Ahmed Abdi,2024,1,January
INV100096,2024-01-23,Hodan-Taleex,Household,Pasta 500g,Regular,Male,3,1.35,4.05,Zaad,Abdirahman Nur,2024,1,January
INV100151,2024-01-23,Hamar Weyne,Fruits,Banana (kg),Regular,Female,4,0.86,3.44,Evc Plus,Hodan Warsame,2024,1,January
INV100164,2024-01-23,Laba Dhagax,Dairy,Eggs Tray (30pcs),Regular,Male,3,4.38,13.14,Zaad,Sahra Ibrahim,2024,1,January
INV100137,2024-01-23,Laba Dhagax,Dairy,Eggs Tray (30pcs),Member,Male,2,4.61,9.22,Evc Plus,Sahra Ibrahim,2024,1,January
INV100069,2024-01-23,Hamar Weyne,Vegetables,Onion (kg),Member,Male,4,0.68,2.72,Evc Plus,Khadija Omar,2024,1,January
INV100332,2024-01-23,Hamar Weyne,Household,Cooking Oil 1L,Member,Male,2,2.96,5.92,Evc Plus,Hodan Warsame,2024,1,January
INV100089,2024-01-23,Laba Dhagax,Vegetables,Cabbage (each),Regular,Female,6,1.15,6.9,Zaad,Sahra Ibrahim,2024,1,January
INV100012,2024-01-23,Laba Dhagax,Fruits,Watermelon (each),Regular,Female,2,3.01,6.02,Visa,Sahra Ibrahim,2024,1,January
INV100328,2024-01-23,Hamar Weyne,Snacks,Candy Pack,Member,Female,4,0.84,3.36,Evc Plus,Ahmed Abdi,2024,1,January
INV100324,2024-01-23,Hodan-Taleex,Snacks,Peanuts 200g,Regular,Male,3,1.26,3.78,Cash,Abdirahman Nur,2024,1,January
INV100059,2024-01-23,Hamar Weyne,Bakery,Croissant,Member,Female,4,1.1,4.4,Zaad,Ahmed Abdi,2024,1,January
INV100032,2024-01-23,Hamar Weyne,Vegetables,Potato (kg),Regular,Male,5,0.9,4.5,Evc Plus,Ahmed Abdi,2024,1,January
INV100126,2024-01-23,Hodan-Taleex,Dairy,Butter 250g,Regular,Female,3,3.32,9.96,Evc Plus,Fadumo Yusuf,2024,1,January
INV100315,2024-01-24,Hamar Weyne,Personal Care,Bar Soap,Regular,Female,3,0.72,2.16,Evc Plus,Hodan Warsame,2024,1,January
INV100001,2024-01-24,Hodan-Taleex,Beverages,Orange Juice 1L,Regular,Female,2,1.72,3.44,Zaad,Amina Hassan,2024,1,January
INV100220,2024-01-24,Hodan-Taleex,Beverages,Orange Juice 1L,Regular,Male,3,1.55,4.65,Zaad,Fadumo Yusuf,2024,1,January
INV100208,2024-01-24,Hodan-Taleex,Fruits,Grapes (kg),Member,Female,4,3.51,14.04,Evc Plus,Mohamed Ali,2024,1,January
INV100046,2024-01-24,Hodan-Taleex,Vegetables,Cabbage (each),Regular,Female,4,1.22,4.88,Zaad,Fadumo Yusuf,2024,1,January
INV100102,2024-01-24,Hamar Weyne,Personal Care,Body Lotion 200ml,Regular,Female,4,3.31,13.24,Cash,Khadija Omar,2024,1,January
INV100018,2024-01-24,Hamar Weyne,Vegetables,Cabbage (each),Regular,Male,3,0.88,2.64,Cash,Ahmed Abdi,2024,1,January
INV100079,2024-01-24,Hodan-Taleex,Household,Cooking Oil 1L,Regular,Female,6,3.77,22.62,Evc Plus,Fadumo Yusuf,2024,1,January
INV100093,2024-01-24,Hamar Weyne,Household,Dish Soap 500ml,Regular,Female,4,1.69,6.76,Zaad,Khadija Omar,2024,1,January
INV100122,2024-01-24,Hamar Weyne,Dairy,Eggs Tray (30pcs),Regular,Female,4,4.37,17.48,Evc Plus,Ahmed Abdi,2024,1,January
INV100202,2024-01-24,Hodan-Taleex,Snacks,Candy Pack,Member,Male,5,0.65,3.25,Evc Plus,Fadumo Yusuf,2024,1,January
INV100251,2024-01-24,Hodan-Taleex,Snacks,Chocolate Bar,Regular,Female,1,0.84,0.84,Zaad,Mohamed Ali,2024,1,January
INV100317,2024-01-24,Laba Dhagax,Beverages,Sprite 500ml,Regular,Female,3,1.01,3.03,Zaad,Sahra Ibrahim,2024,1,January
INV100058,2024-01-24,Hodan-Taleex,Bakery,Brown Bread,Regular,Female,1,1.06,1.06,Evc Plus,Amina Hassan,2024,1,January
INV100068,2024-01-24,Hodan-Taleex,Bakery,Cupcake,Member,Male,5,0.51,2.55,Cash,Mohamed Ali,2024,1,January
INV100075,2024-01-24,Hodan-Taleex,Beverages,Apple Juice 1L,Member,Male,6,1.93,11.58,Evc Plus,Fadumo Yusuf,2024,1,January
INV100037,2024-01-24,Hodan-Taleex,Dairy,Eggs Tray (30pcs),Member,Female,3,4.58,13.74,Evc Plus,Mohamed Ali,2024,1,January
INV100192,2024-01-25,Hamar Weyne,Dairy,Eggs Tray (30pcs),Regular,Male,5,5.23,26.15,Cash,Khadija Omar,2024,1,January
INV100285,2024-01-25,Hodan-Taleex,Fruits,Watermelon (each),Regular,Female,4,3.15,12.6,Evc Plus,Mohamed Ali,2024,1,January
INV100088,2024-01-25,Laba Dhagax,Beverages,Apple Juice 1L,Member,Male,5,2.11,10.55,Zaad,Sahra Ibrahim,2024,1,January
INV100100,2024-01-25,Hodan-Taleex,Beverages,Soft Drink Cola 500ml,Regular,Male,4,0.94,3.76,Evc Plus,Abdirahman Nur,2024,1,January
INV100270,2024-01-25,Laba Dhagax,Fruits,Watermelon (each),Regular,Female,3,2.58,7.74,Evc Plus,Sahra Ibrahim,2024,1,January
INV100248,2024-01-25,Hodan-Taleex,Beverages,Bottled Water 500ml,Regular,Male,3,0.58,1.74,Zaad,Amina Hassan,2024,1,January
INV100095,2024-01-25,Hodan-Taleex,Dairy,Butter 250g,Member,Male,8,2.96,23.68,Zaad,Abdirahman Nur,2024,1,January
INV100238,2024-01-25,Hamar Weyne,Dairy,Eggs Tray (30pcs),Regular,Male,2,4.05,8.1,Evc Plus,Ahmed Abdi,2024,1,January
INV100086,2024-01-25,Hamar Weyne,Household,Pasta 500g,Regular,Female,1,1.65,1.65,Zaad,Ahmed Abdi,2024,1,January
INV100194,2024-01-25,Hodan-Taleex,Dairy,Cheese 200g,Regular,Male,5,2.88,14.4,Cash,Fadumo Yusuf,2024,1,January
INV100286,2024-01-26,Hodan-Taleex,Snacks,Chocolate Bar,Member,Female,3,1.09,3.27,Evc Plus,Abdirahman Nur,2024,1,January
INV100170,2024-01-26,Laba Dhagax,Beverages,Sprite 500ml,Regular,Female,4,0.92,3.68,Zaad,Sahra Ibrahim,2024,1,January
INV100077,2024-01-26,Laba Dhagax,Beverages,Apple Juice 1L,Regular,Female,1,2.02,2.02,Visa,Yusuf Farah,2024,1,January
INV100281,2024-01-26,Hodan-Taleex,Bakery,Cupcake,Regular,Male,6,0.81,4.86,Evc Plus,Mohamed Ali,2024,1,January
INV100316,2024-01-26,Hodan-Taleex,Household,Cooking Oil 1L,Member,Female,4,3.46,13.84,Cash,Fadumo Yusuf,2024,1,January
INV100015,2024-01-26,Hodan-Taleex,Personal Care,Hand Sanitizer 100ml,Regular,Male,2,2.02,4.04,Evc Plus,Fadumo Yusuf,2024,1,January
INV100104,2024-01-26,Hodan-Taleex,Beverages,Orange Juice 1L,Regular,Female,3,2.17,6.51,Evc Plus,Abdirahman Nur,2024,1,January
INV100091,2024-01-26,Laba Dhagax,Personal Care,Body Lotion 200ml,Regular,Male,4,2.83,11.32,Cash,Sahra Ibrahim,2024,1,January
INV100197,2024-01-26,Hodan-Taleex,Fruits,Apple (kg),Member,Female,3,1.7,5.1,Evc Plus,Fadumo Yusuf,2024,1,January
INV100215,2024-01-26,Hodan-Taleex,Beverages,Soft Drink Cola 500ml,Member,Female,3,1.24,3.72,Evc Plus,Amina Hassan,2024,1,January
INV100092,2024-01-26,Laba Dhagax,Beverages,Soft Drink Cola 500ml,Regular,Male,1,0.98,0.98,Zaad,Yusuf Farah,2024,1,January
INV100154,2024-01-27,Hodan-Taleex,Beverages,Orange Juice 1L,Member,Male,3,2.46,7.38,Zaad,Fadumo Yusuf,2024,1,January
INV100228,2024-01-27,Hodan-Taleex,Vegetables,Potato (kg),Member,Female,3,0.77,2.31,Zaad,Mohamed Ali,2024,1,January
INV100109,2024-01-27,Laba Dhagax,Personal Care,Body Lotion 200ml,Regular,Female,3,3.63,10.89,Zaad,Yusuf Farah,2024,1,January
INV100171,2024-01-27,Hamar Weyne,Dairy,Eggs Tray (30pcs),Regular,Male,3,4.95,14.85,Cash,Ahmed Abdi,2024,1,January
INV100312,2024-01-27,Hamar Weyne,Beverages,Black Tea Pack,Member,Female,2,1.43,2.86,Evc Plus,Khadija Omar,2024,1,January
INV100237,2024-01-27,Hodan-Taleex,Vegetables,Potato (kg),Regular,Male,5,0.97,4.85,Visa,Mohamed Ali,2024,1,January
INV100304,2024-01-27,Hodan-Taleex,Bakery,Brown Bread,Regular,Male,3,0.92,2.76,Evc Plus,Fadumo Yusuf,2024,1,January
INV100120,2024-01-27,Hamar Weyne,Beverages,Coffee 200g,Regular,Female,3,3.77,11.31,Zaad,Khadija Omar,2024,1,January
INV100119,2024-01-27,Hodan-Taleex,Beverages,Sprite 500ml,Regular,Female,1,1.17,1.17,Evc Plus,Fadumo Yusuf,2024,1,January
INV100205,2024-01-27,Hamar Weyne,Fruits,Apple (kg),Member,Male,7,1.56,10.92,Cash,Ahmed Abdi,2024,1,January
INV100307,2024-01-27,Hamar Weyne,Beverages,Apple Juice 1L,Member,Female,4,2.02,8.08,Cash,Hodan Warsame,2024,1,January
INV100010,2024-01-28,Hamar Weyne,Personal Care,Hand Sanitizer 100ml,Regular,Female,1,2.06,2.06,Evc Plus,Hodan Warsame,2024,1,January
INV100287,2024-01-28,Hamar Weyne,Bakery,Brown Bread,Member,Female,2,0.96,1.92,Visa,Ahmed Abdi,2024,1,January
INV100218,2024-01-28,Hamar Weyne,Bakery,Brown Bread,Regular,Female,2,0.74,1.48,Zaad,Hodan Warsame,2024,1,January
INV100216,2024-01-28,Laba Dhagax,Beverages,Sprite 500ml,Regular,Male,5,0.86,4.3,Zaad,Sahra Ibrahim,2024,1,January
INV100039,2024-01-28,Hamar Weyne,Vegetables,Potato (kg),Regular,Female,4,0.76,3.04,Visa,Ahmed Abdi,2024,1,January
INV100288,2024-01-28,Hodan-Taleex,Snacks,Peanuts 200g,Regular,Male,6,1.31,7.86,Evc Plus,Fadumo Yusuf,2024,1,January
INV100252,2024-01-28,Hodan-Taleex,Vegetables,Potato (kg),Member,Male,5,0.97,4.85,Visa,Amina Hassan,2024,1,January
INV100272,2024-01-28,Laba Dhagax,Beverages,Coffee 200g,Regular,Female,3,3.0,9.0,Zaad,Yusuf Farah,2024,1,January
INV100217,2024-01-28,Hamar Weyne,Fruits,Orange (kg),Regular,Male,5,1.0,5.0,Evc Plus,Hodan Warsame,2024,1,January
INV100326,2024-01-29,Hodan-Taleex,Bakery,White Bread,Regular,Male,1,0.78,0.78,Evc Plus,Mohamed Ali,2024,1,January
INV100060,2024-01-29,Hodan-Taleex,Dairy,Milk 1L,Regular,Female,5,1.39,6.95,Evc Plus,Fadumo Yusuf,2024,1,January
INV100065,2024-01-29,Laba Dhagax,Vegetables,Potato (kg),Regular,Male,1,0.72,0.72,Evc Plus,Sahra Ibrahim,2024,1,January
INV100289,2024-01-29,Hodan-Taleex,Dairy,Fresh Cream 200ml,Regular,Male,2,1.77,3.54,Evc Plus,Amina Hassan,2024,1,January
INV100284,2024-01-29,Hamar Weyne,Dairy,Yogurt 500g,Member,Female,8,1.98,15.84,Zaad,Ahmed Abdi,2024,1,January
INV100204,2024-01-29,Hamar Weyne,Household,Laundry Detergent 1kg,Member,Male,5,2.54,12.7,Visa,Hodan Warsame,2024,1,January
INV100290,2024-01-29,Hodan-Taleex,Vegetables,Potato (kg),Regular,Male,2,0.93,1.86,Cash,Mohamed Ali,2024,1,January
INV100019,2024-01-29,Hamar Weyne,Snacks,Candy Pack,Regular,Female,6,0.73,4.38,Evc Plus,Ahmed Abdi,2024,1,January
INV100297,2024-01-29,Hodan-Taleex,Vegetables,Onion (kg),Member,Female,2,0.66,1.32,Zaad,Mohamed Ali,2024,1,January
INV100050,2024-01-29,Hamar Weyne,Household,Laundry Detergent 1kg,Member,Male,5,2.68,13.4,Evc Plus,Hodan Warsame,2024,1,January
INV100212,2024-01-29,Hamar Weyne,Fruits,Watermelon (each),Member,Male,7,2.55,17.85,Evc Plus,Hodan Warsame,2024,1,January
INV100258,2024-01-29,Laba Dhagax,Beverages,Sprite 500ml,Member,Male,6,1.0,6.0,Evc Plus,Sahra Ibrahim,2024,1,January
INV100055,2024-01-30,Hamar Weyne,Beverages,Sprite 500ml,Regular,Male,5,0.88,4.4,Evc Plus,Hodan Warsame,2024,1,January
INV100027,2024-01-30,Hodan-Taleex,Fruits,Watermelon (each),Member,Male,6,3.43,20.58,Cash,Mohamed Ali,2024,1,January
INV100028,2024-01-30,Hamar Weyne,Beverages,Bottled Water 500ml,Member,Female,5,0.31,1.55,Evc Plus,Ahmed Abdi,2024,1,January
INV100198,2024-01-30,Hamar Weyne,Fruits,Watermelon (each),Member,Female,8,2.25,18.0,Evc Plus,Ahmed Abdi,2024,1,January
INV100196,2024-01-30,Hodan-Taleex,Beverages,Apple Juice 1L,Member,Female,7,1.63,11.41,Evc Plus,Abdirahman Nur,2024,1,January
INV100067,2024-01-30,Laba Dhagax,Personal Care,Hand Sanitizer 100ml,Regular,Female,5,1.95,9.75,Zaad,Yusuf Farah,2024,1,January
INV100148,2024-01-30,Laba Dhagax,Personal Care,Bar Soap,Member,Female,2,0.84,1.68,Evc Plus,Yusuf Farah,2024,1,January
INV100042,2024-01-30,Hodan-Taleex,Bakery,Biscuits Pack,Member,Female,5,0.97,4.85,Evc Plus,Abdirahman Nur,2024,1,January
INV100074,2024-01-31,Laba Dhagax,Beverages,Orange Juice 1L,Regular,Male,3,1.68,5.04,Zaad,Yusuf Farah,2024,1,January
INV100222,2024-01-31,Hodan-Taleex,Snacks,Chocolate Bar,Member,Male,5,0.9,4.5,Evc Plus,Fadumo Yusuf,2024,1,January
INV100016,2024-01-31,Hamar Weyne,Vegetables,Tomato (kg),Member,Female,2,0.81,1.62,Zaad,Khadija Omar,2024,1,January
INV100078,2024-01-31,Hamar Weyne,Household,Laundry Detergent 1kg,Regular,Male,3,3.15,9.45,Evc Plus,Ahmed Abdi,2024,1,January
INV100072,2024-01-31,Hodan-Taleex,Vegetables,Tomato (kg),Regular,Female,3,1.13,3.39,Evc Plus,Mohamed Ali,2024,1,January
INV100260,2024-01-31,Hamar Weyne,Bakery,Biscuits Pack,Regular,Male,6,0.85,5.1,Zaad,Hodan Warsame,2024,1,January
INV100211,2024-01-31,Hamar Weyne,Beverages,Apple Juice 1L,Regular,Female,2,1.94,3.88,Zaad,Khadija Omar,2024,1,January
INV100213,2024-01-31,Hamar Weyne,Fruits,Mango (kg),Member,Male,5,1.42,7.1,Evc Plus,Ahmed Abdi,2024,1,January
INV100139,2024-01-31,Hamar Weyne,Vegetables,Cucumber (kg),Regular,Female,4,0.74,2.96,Evc Plus,Khadija Omar,2024,1,January
INV100081,2024-01-31,Laba Dhagax,Snacks,Peanuts 200g,Regular,Male,2,1.05,2.1,Cash,Yusuf Farah,2024,1,January
INV100242,2024-01-31,Hamar Weyne,Fruits,Watermelon (each),Regular,Female,6,2.49,14.94,Visa,Hodan Warsame,2024,1,January
INV100111,2024-01-31,Hodan-Taleex,Fruits,Mango (kg),Regular,Male,6,1.25,7.5,Evc Plus,Amina Hassan,2024,1,January
INV100448,2024-02-01,Hodan-Taleex,Beverages,Soft Drink Cola 500ml,Regular,Female,6,0.99,5.94,Zaad,Fadumo Yusuf,2024,2,February
INV100395,2024-02-01,Hamar Weyne,Bakery,Brown Bread,Regular,Female,3,1.07,3.21,Evc Plus,Hodan Warsame,2024,2,February
INV100612,2024-02-01,Hamar Weyne,Snacks,Biscuit Snack Pack,Regular,Female,4,0.71,2.84,Zaad,Khadija Omar,2024,2,February
INV100560,2024-02-01,Hodan-Taleex,Personal Care,Hand Sanitizer 100ml,Member,Male,2,1.79,3.58,Zaad,Abdirahman Nur,2024,2,February
INV100574,2024-02-01,Hodan-Taleex,Dairy,Cheese 200g,Member,Male,2,3.79,7.58,Evc Plus,Amina Hassan,2024,2,February
INV100485,2024-02-01,Laba Dhagax,Household,Rice 5kg,Regular,Male,6,8.8,52.8,Evc Plus,Sahra Ibrahim,2024,2,February
INV100621,2024-02-01,Hamar Weyne,Dairy,Cheese 200g,Regular,Male,1,3.29,3.29,Evc Plus,Hodan Warsame,2024,2,February
INV100540,2024-02-01,Hamar Weyne,Beverages,Orange Juice 1L,Regular,Male,2,1.94,3.88,Zaad,Khadija Omar,2024,2,February
INV100383,2024-02-01,Hamar Weyne,Vegetables,Cucumber (kg),Regular,Male,6,0.91,5.46,Cash,Ahmed Abdi,2024,2,February
INV100408,2024-02-01,Hodan-Taleex,Personal Care,Toothpaste,Regular,Male,4,1.75,7.0,Cash,Fadumo Yusuf,2024,2,February
INV100419,2024-02-02,Hamar Weyne,Dairy,Yogurt 500g,Regular,Male,1,1.3,1.3,Evc Plus,Hodan Warsame,2024,2,February
INV100657,2024-02-02,Hodan-Taleex,Bakery,Cupcake,Member,Male,8,0.58,4.64,Evc Plus,Mohamed Ali,2024,2,February
INV100352,2024-02-02,Hamar Weyne,Vegetables,Cabbage (each),Regular,Male,2,1.15,2.3,Evc Plus,Ahmed Abdi,2024,2,February
INV100387,2024-02-02,Laba Dhagax,Bakery,Biscuits Pack,Member,Female,8,0.92,7.36,Visa,Sahra Ibrahim,2024,2,February
INV100578,2024-02-02,Hamar Weyne,Beverages,Soft Drink Cola 500ml,Regular,Male,2,1.15,2.3,Evc Plus,Ahmed Abdi,2024,2,February
INV100586,2024-02-02,Laba Dhagax,Beverages,Soft Drink Cola 500ml,Regular,Male,6,0.89,5.34,Evc Plus,Yusuf Farah,2024,2,February
INV100620,2024-02-03,Hodan-Taleex,Snacks,Candy Pack,Regular,Female,2,0.7,1.4,Zaad,Abdirahman Nur,2024,2,February
INV100602,2024-02-03,Hodan-Taleex,Household,Rice 5kg,Member,Female,8,6.72,53.76,Visa,Amina Hassan,2024,2,February
INV100639,2024-02-03,Hodan-Taleex,Fruits,Orange (kg),Regular,Male,4,1.13,4.52,Cash,Amina Hassan,2024,2,February
INV100403,2024-02-03,Hamar Weyne,Snacks,Popcorn Pack,Regular,Female,5,0.98,4.9,Evc Plus,Hodan Warsame,2024,2,February
INV100562,2024-02-03,Laba Dhagax,Household,Pasta 500g,Member,Female,5,1.56,7.8,Cash,Yusuf Farah,2024,2,February
INV100632,2024-02-03,Hodan-Taleex,Fruits,Apple (kg),Regular,Male,6,2.39,14.34,Zaad,Fadumo Yusuf,2024,2,February
INV100472,2024-02-03,Hodan-Taleex,Beverages,Coffee 200g,Regular,Male,1,3.21,3.21,Cash,Abdirahman Nur,2024,2,February
INV100430,2024-02-03,Hodan-Taleex,Household,Flour 2kg,Member,Male,5,2.82,14.1,Evc Plus,Fadumo Yusuf,2024,2,February
INV100413,2024-02-04,Laba Dhagax,Beverages,Black Tea Pack,Regular,Male,6,1.86,11.16,Cash,Yusuf Farah,2024,2,February
INV100592,2024-02-04,Laba Dhagax,Bakery,Donut,Regular,Male,5,0.64,3.2,Evc Plus,Sahra Ibrahim,2024,2,February
INV100638,2024-02-04,Laba Dhagax,Dairy,Fresh Cream 200ml,Regular,Male,3,1.76,5.28,Evc Plus,Sahra Ibrahim,2024,2,February
INV100354,2024-02-04,Hamar Weyne,Vegetables,Cucumber (kg),Regular,Female,5,0.6,3.0,Cash,Ahmed Abdi,2024,2,February
INV100510,2024-02-04,Hodan-Taleex,Household,Cooking Oil 1L,Regular,Male,6,2.7,16.2,Zaad,Fadumo Yusuf,2024,2,February
INV100493,2024-02-04,Laba Dhagax,Personal Care,Body Lotion 200ml,Regular,Female,4,2.66,10.64,Visa,Yusuf Farah,2024,2,February
INV100634,2024-02-04,Hamar Weyne,Personal Care,Bar Soap,Regular,Male,3,0.63,1.89,Evc Plus,Hodan Warsame,2024,2,February
INV100552,2024-02-04,Hodan-Taleex,Dairy,Milk 1L,Member,Male,2,1.11,2.22,Cash,Abdirahman Nur,2024,2,February
INV100457,2024-02-04,Hodan-Taleex,Household,Flour 2kg,Member,Female,6,2.97,17.82,Cash,Abdirahman Nur,2024,2,February
INV100546,2024-02-04,Hodan-Taleex,Beverages,Bottled Water 500ml,Member,Male,7,0.4,2.8,Evc Plus,Abdirahman Nur,2024,2,February
INV100508,2024-02-04,Laba Dhagax,Household,Sugar 2kg,Member,Female,6,2.47,14.82,Evc Plus,Yusuf Farah,2024,2,February
INV100394,2024-02-04,Hamar Weyne,Vegetables,Potato (kg),Regular,Female,1,0.76,0.76,Evc Plus,Khadija Omar,2024,2,February
INV100623,2024-02-05,Hodan-Taleex,Beverages,Soft Drink Cola 500ml,Member,Male,3,1.04,3.12,Evc Plus,Fadumo Yusuf,2024,2,February
INV100558,2024-02-05,Laba Dhagax,Snacks,Popcorn Pack,Regular,Male,3,1.07,3.21,Visa,Sahra Ibrahim,2024,2,February
INV100426,2024-02-05,Hodan-Taleex,Snacks,Popcorn Pack,Member,Female,7,0.87,6.09,Cash,Abdirahman Nur,2024,2,February
INV100511,2024-02-05,Hodan-Taleex,Fruits,Banana (kg),Regular,Male,2,0.99,1.98,Zaad,Mohamed Ali,2024,2,February
INV100628,2024-02-05,Laba Dhagax,Fruits,Grapes (kg),Regular,Female,6,3.53,21.18,Visa,Sahra Ibrahim,2024,2,February
INV100625,2024-02-05,Hamar Weyne,Household,Rice 5kg,Regular,Male,3,7.41,22.23,Zaad,Khadija Omar,2024,2,February
INV100575,2024-02-05,Hodan-Taleex,Beverages,Apple Juice 1L,Member,Female,4,1.88,7.52,Zaad,Mohamed Ali,2024,2,February
INV100380,2024-02-05,Hodan-Taleex,Bakery,Donut,Regular,Female,5,0.88,4.4,Zaad,Mohamed Ali,2024,2,February
INV100463,2024-02-05,Hamar Weyne,Household,Laundry Detergent 1kg,Member,Female,5,3.63,18.15,Cash,Khadija Omar,2024,2,February
INV100406,2024-02-05,Hodan-Taleex,Beverages,Black Tea Pack,Member,Female,8,1.06,8.48,Zaad,Abdirahman Nur,2024,2,February
INV100589,2024-02-05,Hodan-Taleex,Beverages,Sprite 500ml,Member,Male,5,1.08,5.4,Zaad,Abdirahman Nur,2024,2,February
INV100567,2024-02-05,Laba Dhagax,Fruits,Banana (kg),Regular,Male,1,0.81,0.81,Cash,Sahra Ibrahim,2024,2,February
INV100599,2024-02-05,Hodan-Taleex,Beverages,Coffee 200g,Member,Female,2,4.11,8.22,Zaad,Mohamed Ali,2024,2,February
INV100622,2024-02-06,Hamar Weyne,Household,Cooking Oil 1L,Regular,Male,2,3.01,6.02,Cash,Khadija Omar,2024,2,February
INV100443,2024-02-06,Hodan-Taleex,Vegetables,Cabbage (each),Regular,Male,6,1.28,7.68,Zaad,Abdirahman Nur,2024,2,February
INV100512,2024-02-06,Hodan-Taleex,Vegetables,Onion (kg),Regular,Male,5,0.79,3.95,Evc Plus,Abdirahman Nur,2024,2,February
INV100372,2024-02-06,Hamar Weyne,Fruits,Apple (kg),Regular,Female,5,1.88,9.4,Zaad,Ahmed Abdi,2024,2,February
INV100404,2024-02-06,Laba Dhagax,Beverages,Soft Drink Cola 500ml,Regular,Male,5,1.02,5.1,Evc Plus,Sahra Ibrahim,2024,2,February
INV100641,2024-02-06,Hamar Weyne,Personal Care,Shampoo 400ml,Member,Male,5,4.38,21.9,Zaad,Khadija Omar,2024,2,February
INV100501,2024-02-06,Hamar Weyne,Personal Care,Toothbrush,Regular,Male,5,0.92,4.6,Evc Plus,Hodan Warsame,2024,2,February
INV100559,2024-02-06,Hamar Weyne,Snacks,Biscuit Snack Pack,Member,Female,4,0.82,3.28,Evc Plus,Khadija Omar,2024,2,February
INV100642,2024-02-07,Hodan-Taleex,Bakery,Cupcake,Regular,Male,1,0.63,0.63,Evc Plus,Abdirahman Nur,2024,2,February
INV100497,2024-02-07,Hodan-Taleex,Fruits,Mango (kg),Regular,Female,3,1.56,4.68,Evc Plus,Mohamed Ali,2024,2,February
INV100429,2024-02-07,Hodan-Taleex,Vegetables,Onion (kg),Regular,Male,4,0.72,2.88,Evc Plus,Abdirahman Nur,2024,2,February
INV100481,2024-02-07,Laba Dhagax,Fruits,Banana (kg),Member,Female,6,1.27,7.62,Zaad,Sahra Ibrahim,2024,2,February
INV100544,2024-02-07,Hodan-Taleex,Vegetables,Potato (kg),Regular,Male,6,0.64,3.84,Evc Plus,Mohamed Ali,2024,2,February
INV100371,2024-02-07,Laba Dhagax,Personal Care,Toothbrush,Member,Male,7,0.9,6.3,Evc Plus,Yusuf Farah,2024,2,February
INV100344,2024-02-07,Laba Dhagax,Bakery,Cupcake,Member,Female,5,0.69,3.45,Zaad,Sahra Ibrahim,2024,2,February
INV100563,2024-02-07,Laba Dhagax,Dairy,Eggs Tray (30pcs),Regular,Male,3,3.66,10.98,Zaad,Sahra Ibrahim,2024,2,February
INV100555,2024-02-07,Laba Dhagax,Personal Care,Hand Sanitizer 100ml,Regular,Male,6,2.08,12.48,Cash,Yusuf Farah,2024,2,February
INV100526,2024-02-07,Hodan-Taleex,Household,Cooking Oil 1L,Member,Male,8,2.81,22.48,Zaad,Mohamed Ali,2024,2,February
INV100356,2024-02-07,Hamar Weyne,Beverages,Apple Juice 1L,Member,Female,2,2.07,4.14,Evc Plus,Khadija Omar,2024,2,February
INV100633,2024-02-07,Hamar Weyne,Household,Dish Soap 500ml,Member,Female,5,1.21,6.05,Evc Plus,Ahmed Abdi,2024,2,February
INV100600,2024-02-08,Hodan-Taleex,Beverages,Bottled Water 500ml,Member,Male,8,0.53,4.24,Evc Plus,Amina Hassan,2024,2,February
INV100565,2024-02-08,Hodan-Taleex,Fruits,Banana (kg),Member,Female,7,1.28,8.96,Evc Plus,Amina Hassan,2024,2,February
INV100464,2024-02-08,Hodan-Taleex,Snacks,Chocolate Bar,Member,Female,2,0.66,1.32,Evc Plus,Amina Hassan,2024,2,February
INV100414,2024-02-08,Hodan-Taleex,Snacks,Candy Pack,Regular,Female,5,0.55,2.75,Visa,Mohamed Ali,2024,2,February
INV100487,2024-02-08,Hodan-Taleex,Vegetables,Onion (kg),Regular,Female,2,0.92,1.84,Evc Plus,Amina Hassan,2024,2,February
INV100643,2024-02-08,Hamar Weyne,Personal Care,Bar Soap,Regular,Female,6,0.64,3.84,Zaad,Khadija Omar,2024,2,February
INV100451,2024-02-08,Laba Dhagax,Bakery,Biscuits Pack,Regular,Male,1,1.17,1.17,Evc Plus,Yusuf Farah,2024,2,February
INV100591,2024-02-08,Hodan-Taleex,Personal Care,Bar Soap,Regular,Female,3,0.73,2.19,Cash,Abdirahman Nur,2024,2,February
INV100596,2024-02-08,Laba Dhagax,Dairy,Milk 1L,Regular,Female,2,1.07,2.14,Zaad,Sahra Ibrahim,2024,2,February
INV100368,2024-02-08,Laba Dhagax,Snacks,Popcorn Pack,Regular,Female,2,1.03,2.06,Cash,Sahra Ibrahim,2024,2,February
INV100631,2024-02-08,Hodan-Taleex,Snacks,Potato Chips,Regular,Male,3,1.12,3.36,Visa,Amina Hassan,2024,2,February
INV100465,2024-02-09,Hodan-Taleex,Fruits,Orange (kg),Regular,Female,3,1.02,3.06,Evc Plus,Amina Hassan,2024,2,February
INV100650,2024-02-09,Hodan-Taleex,Vegetables,Carrot (kg),Member,Male,4,0.92,3.68,Evc Plus,Mohamed Ali,2024,2,February
INV100606,2024-02-09,Laba Dhagax,Bakery,Biscuits Pack,Member,Female,3,1.44,4.32,Visa,Yusuf Farah,2024,2,February
INV100615,2024-02-09,Hodan-Taleex,Bakery,Cupcake,Regular,Male,2,0.76,1.52,Cash,Mohamed Ali,2024,2,February
INV100594,2024-02-09,Laba Dhagax,Personal Care,Hand Sanitizer 100ml,Member,Male,5,1.51,7.55,Cash,Yusuf Farah,2024,2,February
INV100374,2024-02-09,Hodan-Taleex,Household,Cooking Oil 1L,Regular,Female,2,3.94,7.88,Cash,Fadumo Yusuf,2024,2,February
INV100467,2024-02-10,Hamar Weyne,Bakery,Biscuits Pack,Regular,Female,1,1.34,1.34,Evc Plus,Khadija Omar,2024,2,February
INV100518,2024-02-10,Hamar Weyne,Dairy,Fresh Cream 200ml,Regular,Male,3,1.72,5.16,Cash,Hodan Warsame,2024,2,February
INV100476,2024-02-10,Laba Dhagax,Beverages,Sprite 500ml,Member,Male,5,0.89,4.45,Cash,Sahra Ibrahim,2024,2,February
INV100433,2024-02-10,Hodan-Taleex,Vegetables,Cucumber (kg),Member,Male,8,0.96,7.68,Zaad,Mohamed Ali,2024,2,February
INV100580,2024-02-10,Hodan-Taleex,Beverages,Black Tea Pack,Member,Female,2,1.37,2.74,Evc Plus,Fadumo Yusuf,2024,2,February
INV100478,2024-02-10,Hamar Weyne,Snacks,Potato Chips,Regular,Male,4,0.8,3.2,Zaad,Ahmed Abdi,2024,2,February
INV100579,2024-02-10,Hodan-Taleex,Beverages,Sprite 500ml,Regular,Female,3,1.14,3.42,Evc Plus,Abdirahman Nur,2024,2,February
INV100399,2024-02-10,Hodan-Taleex,Personal Care,Bar Soap,Regular,Male,6,0.96,5.76,Cash,Fadumo Yusuf,2024,2,February
INV100482,2024-02-10,Hodan-Taleex,Fruits,Apple (kg),Regular,Male,4,2.47,9.88,Evc Plus,Abdirahman Nur,2024,2,February
INV100645,2024-02-10,Hamar Weyne,Beverages,Soft Drink Cola 500ml,Regular,Female,1,0.96,0.96,Zaad,Hodan Warsame,2024,2,February
INV100513,2024-02-10,Hodan-Taleex,Household,Pasta 500g,Regular,Male,5,1.13,5.65,Evc Plus,Abdirahman Nur,2024,2,February
INV100421,2024-02-10,Hodan-Taleex,Dairy,Cheese 200g,Regular,Male,1,2.71,2.71,Evc Plus,Abdirahman Nur,2024,2,February
INV100388,2024-02-10,Hodan-Taleex,Snacks,Potato Chips,Member,Male,7,1.23,8.61,Zaad,Abdirahman Nur,2024,2,February
INV100483,2024-02-11,Hamar Weyne,Personal Care,Bar Soap,Regular,Female,5,0.89,4.45,Cash,Ahmed Abdi,2024,2,February
INV100660,2024-02-11,Hodan-Taleex,Beverages,Black Tea Pack,Regular,Female,5,1.4,7.0,Visa,Amina Hassan,2024,2,February
INV100389,2024-02-11,Hodan-Taleex,Beverages,Bottled Water 500ml,Regular,Female,5,0.48,2.4,Visa,Amina Hassan,2024,2,February
INV100396,2024-02-11,Laba Dhagax,Fruits,Grapes (kg),Regular,Male,4,3.63,14.52,Evc Plus,Yusuf Farah,2024,2,February
INV100345,2024-02-11,Hodan-Taleex,Household,Sugar 2kg,Member,Male,4,3.03,12.12,Evc Plus,Fadumo Yusuf,2024,2,February
INV100382,2024-02-11,Hamar Weyne,Dairy,Cheese 200g,Member,Male,2,2.65,5.3,Cash,Ahmed Abdi,2024,2,February
INV100369,2024-02-11,Laba Dhagax,Snacks,Biscuit Snack Pack,Member,Male,3,0.61,1.83,Evc Plus,Sahra Ibrahim,2024,2,February
INV100553,2024-02-11,Hamar Weyne,Personal Care,Toothpaste,Member,Female,4,2.46,9.84,Evc Plus,Ahmed Abdi,2024,2,February
INV100530,2024-02-11,Hodan-Taleex,Personal Care,Bar Soap,Regular,Male,2,0.57,1.14,Zaad,Mohamed Ali,2024,2,February
INV100336,2024-02-11,Hamar Weyne,Bakery,White Bread,Regular,Male,3,0.67,2.01,Visa,Hodan Warsame,2024,2,February
INV100617,2024-02-11,Laba Dhagax,Fruits,Mango (kg),Regular,Male,2,1.39,2.78,Evc Plus,Yusuf Farah,2024,2,February
INV100506,2024-02-11,Hodan-Taleex,Snacks,Biscuit Snack Pack,Regular,Male,5,0.67,3.35,Cash,Amina Hassan,2024,2,February
INV100537,2024-02-11,Hodan-Taleex,Snacks,Potato Chips,Regular,Female,3,1.16,3.48,Cash,Mohamed Ali,2024,2,February
INV100460,2024-02-11,Hamar Weyne,Snacks,Biscuit Snack Pack,Member,Male,3,0.97,2.91,Zaad,Ahmed Abdi,2024,2,February
INV100533,2024-02-12,Hodan-Taleex,Vegetables,Tomato (kg),Member,Female,7,1.17,8.19,Evc Plus,Amina Hassan,2024,2,February
INV100425,2024-02-12,Hamar Weyne,Bakery,Biscuits Pack,Member,Female,6,1.15,6.9,Evc Plus,Ahmed Abdi,2024,2,February
INV100469,2024-02-12,Hamar Weyne,Household,Pasta 500g,Regular,Male,6,1.31,7.86,Visa,Ahmed Abdi,2024,2,February
INV100364,2024-02-12,Hodan-Taleex,Personal Care,Shampoo 400ml,Regular,Female,4,4.13,16.52,Zaad,Abdirahman Nur,2024,2,February
INV100438,2024-02-12,Laba Dhagax,Beverages,Coffee 200g,Regular,Female,3,4.33,12.99,Visa,Yusuf Farah,2024,2,February
INV100535,2024-02-12,Hodan-Taleex,Personal Care,Toothpaste,Member,Female,7,2.16,15.12,Evc Plus,Amina Hassan,2024,2,February
INV100649,2024-02-12,Hamar Weyne,Fruits,Grapes (kg),Regular,Male,3,3.83,11.49,Evc Plus,Ahmed Abdi,2024,2,February
INV100561,2024-02-13,Hodan-Taleex,Dairy,Milk 1L,Regular,Male,1,1.76,1.76,Zaad,Fadumo Yusuf,2024,2,February
INV100468,2024-02-13,Hodan-Taleex,Personal Care,Shampoo 400ml,Member,Male,2,3.04,6.08,Zaad,Mohamed Ali,2024,2,February
INV100504,2024-02-13,Hamar Weyne,Personal Care,Toothbrush,Regular,Male,4,1.21,4.84,Zaad,Hodan Warsame,2024,2,February
INV100377,2024-02-13,Hodan-Taleex,Dairy,Fresh Cream 200ml,Member,Male,6,2.18,13.08,Zaad,Fadumo Yusuf,2024,2,February
INV100348,2024-02-13,Hamar Weyne,Bakery,Croissant,Member,Male,2,0.95,1.9,Zaad,Hodan Warsame,2024,2,February
INV100515,2024-02-13,Hamar Weyne,Beverages,Bottled Water 500ml,Member,Female,3,0.36,1.08,Cash,Khadija Omar,2024,2,February
INV100547,2024-02-13,Laba Dhagax,Personal Care,Bar Soap,Regular,Male,4,0.54,2.16,Zaad,Yusuf Farah,2024,2,February
INV100636,2024-02-13,Hodan-Taleex,Vegetables,Onion (kg),Regular,Female,4,0.78,3.12,Evc Plus,Mohamed Ali,2024,2,February
INV100420,2024-02-13,Hodan-Taleex,Household,Sugar 2kg,Member,Male,3,2.89,8.67,Zaad,Abdirahman Nur,2024,2,February
INV100488,2024-02-13,Hamar Weyne,Household,Dish Soap 500ml,Member,Male,7,1.54,10.78,Zaad,Khadija Omar,2024,2,February
INV100502,2024-02-13,Hodan-Taleex,Snacks,Peanuts 200g,Member,Female,5,0.94,4.7,Evc Plus,Fadumo Yusuf,2024,2,February
INV100412,2024-02-13,Hodan-Taleex,Fruits,Watermelon (each),Regular,Female,4,3.3,13.2,Evc Plus,Abdirahman Nur,2024,2,February
INV100466,2024-02-13,Laba Dhagax,Snacks,Potato Chips,Regular,Male,3,1.03,3.09,Evc Plus,Yusuf Farah,2024,2,February
INV100441,2024-02-13,Hodan-Taleex,Dairy,Fresh Cream 200ml,Member,Male,3,1.83,5.49,Cash,Abdirahman Nur,2024,2,February
INV100355,2024-02-13,Hamar Weyne,Bakery,Brown Bread,Regular,Female,6,0.85,5.1,Evc Plus,Khadija Omar,2024,2,February
INV100629,2024-02-13,Hodan-Taleex,Personal Care,Toothpaste,Regular,Male,6,2.45,14.7,Evc Plus,Mohamed Ali,2024,2,February
INV100358,2024-02-13,Hodan-Taleex,Household,Cooking Oil 1L,Member,Male,3,3.96,11.88,Evc Plus,Fadumo Yusuf,2024,2,February
INV100452,2024-02-13,Hamar Weyne,Household,Cooking Oil 1L,Regular,Female,3,2.9,8.7,Cash,Hodan Warsame,2024,2,February
INV100351,2024-02-13,Laba Dhagax,Fruits,Banana (kg),Regular,Female,1,0.85,0.85,Cash,Yusuf Farah,2024,2,February
INV100503,2024-02-13,Hamar Weyne,Bakery,Biscuits Pack,Regular,Male,6,1.26,7.56,Zaad,Ahmed Abdi,2024,2,February
INV100398,2024-02-13,Hamar Weyne,Beverages,Soft Drink Cola 500ml,Member,Male,5,0.9,4.5,Zaad,Hodan Warsame,2024,2,February
INV100585,2024-02-14,Hodan-Taleex,Beverages,Coffee 200g,Member,Male,6,4.47,26.82,Cash,Fadumo Yusuf,2024,2,February
INV100570,2024-02-14,Hodan-Taleex,Personal Care,Toothpaste,Regular,Male,1,1.84,1.84,Zaad,Fadumo Yusuf,2024,2,February
INV100576,2024-02-14,Hodan-Taleex,Beverages,Apple Juice 1L,Regular,Female,2,1.82,3.64,Cash,Mohamed Ali,2024,2,February
INV100653,2024-02-14,Hamar Weyne,Dairy,Cheese 200g,Regular,Male,4,3.73,14.92,Zaad,Ahmed Abdi,2024,2,February
INV100525,2024-02-14,Hamar Weyne,Personal Care,Bar Soap,Regular,Female,6,0.81,4.86,Evc Plus,Ahmed Abdi,2024,2,February
INV100582,2024-02-14,Hodan-Taleex,Personal Care,Toothpaste,Regular,Male,2,1.51,3.02,Evc Plus,Mohamed Ali,2024,2,February
INV100551,2024-02-14,Hodan-Taleex,Personal Care,Toothpaste,Member,Male,7,2.25,15.75,Evc Plus,Fadumo Yusuf,2024,2,February
INV100635,2024-02-14,Hamar Weyne,Beverages,Bottled Water 500ml,Member,Male,5,0.43,2.15,Zaad,Ahmed Abdi,2024,2,February
INV100609,2024-02-14,Hamar Weyne,Beverages,Soft Drink Cola 500ml,Regular,Male,3,0.94,2.82,Evc Plus,Khadija Omar,2024,2,February
INV100587,2024-02-15,Hodan-Taleex,Snacks,Popcorn Pack,Regular,Female,6,1.06,6.36,Evc Plus,Mohamed Ali,2024,2,February
INV100391,2024-02-15,Hamar Weyne,Bakery,Donut,Regular,Male,3,0.66,1.98,Zaad,Khadija Omar,2024,2,February
INV100407,2024-02-15,Hamar Weyne,Vegetables,Onion (kg),Member,Female,6,0.63,3.78,Cash,Ahmed Abdi,2024,2,February
INV100357,2024-02-15,Hodan-Taleex,Snacks,Peanuts 200g,Member,Female,2,1.03,2.06,Evc Plus,Fadumo Yusuf,2024,2,February
INV100471,2024-02-15,Hodan-Taleex,Beverages,Coffee 200g,Member,Male,2,2.87,5.74,Evc Plus,Fadumo Yusuf,2024,2,February
INV100447,2024-02-15,Hodan-Taleex,Beverages,Sprite 500ml,Member,Male,2,0.86,1.72,Evc Plus,Mohamed Ali,2024,2,February
INV100516,2024-02-15,Hodan-Taleex,Vegetables,Onion (kg),Regular,Female,4,0.96,3.84,Zaad,Abdirahman Nur,2024,2,February
INV100347,2024-02-15,Hodan-Taleex,Fruits,Apple (kg),Member,Male,5,1.62,8.1,Zaad,Amina Hassan,2024,2,February
INV100550,2024-02-15,Laba Dhagax,Beverages,Sprite 500ml,Regular,Male,5,1.08,5.4,Zaad,Sahra Ibrahim,2024,2,February
INV100350,2024-02-15,Hodan-Taleex,Bakery,Donut,Regular,Male,4,1.0,4.0,Evc Plus,Fadumo Yusuf,2024,2,February
INV100656,2024-02-15,Hamar Weyne,Snacks,Popcorn Pack,Member,Male,2,1.08,2.16,Evc Plus,Ahmed Abdi,2024,2,February
INV100494,2024-02-15,Hodan-Taleex,Dairy,Cheese 200g,Regular,Male,4,3.06,12.24,Evc Plus,Fadumo Yusuf,2024,2,February
INV100416,2024-02-15,Hamar Weyne,Vegetables,Potato (kg),Member,Female,8,0.69,5.52,Evc Plus,Ahmed Abdi,2024,2,February
INV100390,2024-02-15,Hamar Weyne,Vegetables,Cabbage (each),Member,Female,3,1.31,3.93,Evc Plus,Khadija Omar,2024,2,February
INV100654,2024-02-16,Hamar Weyne,Household,Laundry Detergent 1kg,Member,Female,6,3.82,22.92,Evc Plus,Ahmed Abdi,2024,2,February
INV100379,2024-02-16,Hamar Weyne,Fruits,Mango (kg),Member,Female,7,1.41,9.87,Cash,Hodan Warsame,2024,2,February
INV100458,2024-02-16,Hodan-Taleex,Dairy,Cheese 200g,Regular,Male,6,3.83,22.98,Evc Plus,Amina Hassan,2024,2,February
INV100581,2024-02-16,Laba Dhagax,Personal Care,Toothbrush,Regular,Male,4,1.06,4.24,Visa,Yusuf Farah,2024,2,February
INV100367,2024-02-16,Hamar Weyne,Snacks,Biscuit Snack Pack,Member,Male,7,0.62,4.34,Evc Plus,Ahmed Abdi,2024,2,February
INV100400,2024-02-16,Laba Dhagax,Household,Cooking Oil 1L,Regular,Male,2,3.94,7.88,Evc Plus,Yusuf Farah,2024,2,February
INV100507,2024-02-16,Hodan-Taleex,Vegetables,Cabbage (each),Regular,Male,3,1.2,3.6,Evc Plus,Mohamed Ali,2024,2,February
INV100442,2024-02-16,Hodan-Taleex,Snacks,Potato Chips,Regular,Female,3,1.13,3.39,Evc Plus,Mohamed Ali,2024,2,February
INV100611,2024-02-16,Laba Dhagax,Fruits,Grapes (kg),Regular,Female,4,3.32,13.28,Zaad,Sahra Ibrahim,2024,2,February
INV100475,2024-02-16,Hodan-Taleex,Bakery,Cupcake,Member,Male,4,0.62,2.48,Cash,Abdirahman Nur,2024,2,February
INV100437,2024-02-16,Hodan-Taleex,Fruits,Banana (kg),Regular,Female,3,1.06,3.18,Evc Plus,Fadumo Yusuf,2024,2,February
INV100455,2024-02-16,Hamar Weyne,Beverages,Black Tea Pack,Regular,Female,4,1.38,5.52,Zaad,Hodan Warsame,2024,2,February
INV100401,2024-02-16,Hamar Weyne,Vegetables,Cabbage (each),Member,Female,5,1.22,6.1,Evc Plus,Hodan Warsame,2024,2,February
INV100572,2024-02-16,Hodan-Taleex,Snacks,Potato Chips,Member,Female,6,0.93,5.58,Cash,Amina Hassan,2024,2,February
INV100342,2024-02-16,Laba Dhagax,Snacks,Potato Chips,Regular,Female,6,1.23,7.38,Evc Plus,Sahra Ibrahim,2024,2,February
INV100495,2024-02-16,Hamar Weyne,Household,Rice 5kg,Member,Male,4,9.49,37.96,Evc Plus,Ahmed Abdi,2024,2,February
INV100644,2024-02-16,Hodan-Taleex,Beverages,Soft Drink Cola 500ml,Regular,Female,5,1.02,5.1,Zaad,Amina Hassan,2024,2,February
INV100456,2024-02-16,Hodan-Taleex,Household,Pasta 500g,Regular,Male,6,1.14,6.84,Cash,Amina Hassan,2024,2,February
INV100410,2024-02-16,Hodan-Taleex,Snacks,Candy Pack,Regular,Male,1,0.89,0.89,Evc Plus,Amina Hassan,2024,2,February
INV100577,2024-02-17,Laba Dhagax,Dairy,Eggs Tray (30pcs),Regular,Male,5,4.25,21.25,Evc Plus,Yusuf Farah,2024,2,February
INV100346,2024-02-17,Hamar Weyne,Fruits,Mango (kg),Member,Female,3,1.81,5.43,Zaad,Ahmed Abdi,2024,2,February
INV100361,2024-02-17,Hamar Weyne,Vegetables,Cucumber (kg),Member,Female,3,0.84,2.52,Evc Plus,Khadija Omar,2024,2,February
INV100489,2024-02-17,Laba Dhagax,Vegetables,Carrot (kg),Member,Female,6,0.9,5.4,Cash,Sahra Ibrahim,2024,2,February
INV100370,2024-02-17,Hamar Weyne,Bakery,Croissant,Regular,Female,6,0.9,5.4,Evc Plus,Khadija Omar,2024,2,February
INV100338,2024-02-17,Laba Dhagax,Bakery,Brown Bread,Regular,Female,5,0.91,4.55,Evc Plus,Yusuf Farah,2024,2,February
INV100655,2024-02-17,Laba Dhagax,Beverages,Black Tea Pack,Member,Female,8,1.71,13.68,Zaad,Yusuf Farah,2024,2,February
INV100359,2024-02-17,Laba Dhagax,Fruits,Orange (kg),Regular,Female,2,1.16,2.32,Evc Plus,Yusuf Farah,2024,2,February
INV100423,2024-02-17,Hodan-Taleex,Dairy,Yogurt 500g,Regular,Female,2,2.19,4.38,Zaad,Fadumo Yusuf,2024,2,February
INV100527,2024-02-18,Hamar Weyne,Snacks,Biscuit Snack Pack,Regular,Female,5,0.71,3.55,Evc Plus,Hodan Warsame,2024,2,February
INV100608,2024-02-18,Hodan-Taleex,Household,Flour 2kg,Regular,Female,4,2.29,9.16,Visa,Mohamed Ali,2024,2,February
INV100444,2024-02-18,Hodan-Taleex,Personal Care,Toothpaste,Regular,Female,2,2.42,4.84,Zaad,Mohamed Ali,2024,2,February
INV100521,2024-02-18,Hodan-Taleex,Snacks,Candy Pack,Member,Male,8,0.79,6.32,Visa,Fadumo Yusuf,2024,2,February
INV100432,2024-02-18,Hamar Weyne,Beverages,Sprite 500ml,Regular,Male,5,1.11,5.55,Evc Plus,Hodan Warsame,2024,2,February
INV100428,2024-02-18,Hamar Weyne,Fruits,Banana (kg),Regular,Male,4,1.26,5.04,Evc Plus,Hodan Warsame,2024,2,February
INV100363,2024-02-18,Hamar Weyne,Fruits,Banana (kg),Member,Female,6,1.21,7.26,Cash,Ahmed Abdi,2024,2,February
INV100593,2024-02-18,Hamar Weyne,Vegetables,Carrot (kg),Regular,Female,3,0.9,2.7,Evc Plus,Hodan Warsame,2024,2,February
INV100435,2024-02-18,Hodan-Taleex,Dairy,Yogurt 500g,Regular,Male,4,2.12,8.48,Zaad,Abdirahman Nur,2024,2,February
INV100554,2024-02-18,Hodan-Taleex,Dairy,Yogurt 500g,Regular,Female,6,1.28,7.68,Zaad,Mohamed Ali,2024,2,February
INV100610,2024-02-18,Laba Dhagax,Household,Flour 2kg,Regular,Male,6,2.99,17.94,Evc Plus,Sahra Ibrahim,2024,2,February
INV100598,2024-02-18,Hamar Weyne,Beverages,Orange Juice 1L,Regular,Female,4,2.06,8.24,Zaad,Hodan Warsame,2024,2,February
INV100604,2024-02-19,Hodan-Taleex,Bakery,White Bread,Regular,Male,4,0.62,2.48,Visa,Fadumo Yusuf,2024,2,February
INV100630,2024-02-19,Hodan-Taleex,Bakery,Biscuits Pack,Regular,Female,5,0.95,4.75,Cash,Amina Hassan,2024,2,February
INV100614,2024-02-19,Hodan-Taleex,Beverages,Soft Drink Cola 500ml,Member,Female,6,0.93,5.58,Evc Plus,Fadumo Yusuf,2024,2,February
INV100571,2024-02-19,Hodan-Taleex,Snacks,Popcorn Pack,Member,Male,4,0.98,3.92,Visa,Fadumo Yusuf,2024,2,February
INV100462,2024-02-19,Hodan-Taleex,Beverages,Sprite 500ml,Regular,Female,2,1.03,2.06,Evc Plus,Abdirahman Nur,2024,2,February
INV100662,2024-02-19,Hodan-Taleex,Bakery,White Bread,Member,Female,3,0.66,1.98,Evc Plus,Abdirahman Nur,2024,2,February
INV100484,2024-02-19,Hamar Weyne,Dairy,Eggs Tray (30pcs),Regular,Female,3,3.73,11.19,Zaad,Khadija Omar,2024,2,February
INV100618,2024-02-19,Laba Dhagax,Household,Rice 5kg,Regular,Male,6,8.6,51.6,Visa,Yusuf Farah,2024,2,February
INV100424,2024-02-19,Hodan-Taleex,Vegetables,Onion (kg),Regular,Female,3,0.63,1.89,Cash,Mohamed Ali,2024,2,February
INV100440,2024-02-19,Hamar Weyne,Beverages,Orange Juice 1L,Member,Female,6,2.43,14.58,Evc Plus,Hodan Warsame,2024,2,February
INV100607,2024-02-20,Hamar Weyne,Vegetables,Carrot (kg),Member,Male,2,1.01,2.02,Evc Plus,Khadija Omar,2024,2,February
INV100431,2024-02-20,Hodan-Taleex,Beverages,Soft Drink Cola 500ml,Member,Female,5,1.09,5.45,Zaad,Mohamed Ali,2024,2,February
INV100362,2024-02-20,Laba Dhagax,Fruits,Apple (kg),Regular,Female,2,1.89,3.78,Evc Plus,Sahra Ibrahim,2024,2,February
INV100566,2024-02-20,Hodan-Taleex,Dairy,Yogurt 500g,Member,Male,5,1.32,6.6,Evc Plus,Amina Hassan,2024,2,February
INV100661,2024-02-20,Hodan-Taleex,Snacks,Popcorn Pack,Regular,Female,1,1.01,1.01,Evc Plus,Fadumo Yusuf,2024,2,February
INV100341,2024-02-20,Hamar Weyne,Dairy,Butter 250g,Member,Male,8,2.86,22.88,Cash,Ahmed Abdi,2024,2,February
INV100337,2024-02-21,Hodan-Taleex,Fruits,Mango (kg),Regular,Female,1,1.4,1.4,Evc Plus,Mohamed Ali,2024,2,February
INV100532,2024-02-21,Hodan-Taleex,Household,Pasta 500g,Regular,Female,4,1.36,5.44,Zaad,Fadumo Yusuf,2024,2,February
INV100454,2024-02-21,Hamar Weyne,Fruits,Banana (kg),Regular,Male,6,1.3,7.8,Evc Plus,Hodan Warsame,2024,2,February
INV100601,2024-02-21,Laba Dhagax,Bakery,Donut,Regular,Female,3,0.87,2.61,Evc Plus,Sahra Ibrahim,2024,2,February
INV100557,2024-02-21,Hodan-Taleex,Snacks,Potato Chips,Regular,Female,1,0.87,0.87,Evc Plus,Mohamed Ali,2024,2,February
INV100393,2024-02-21,Hamar Weyne,Snacks,Biscuit Snack Pack,Member,Male,3,0.84,2.52,Visa,Khadija Omar,2024,2,February
INV100340,2024-02-21,Hamar Weyne,Fruits,Orange (kg),Regular,Male,1,1.06,1.06,Evc Plus,Ahmed Abdi,2024,2,February
INV100658,2024-02-21,Laba Dhagax,Beverages,Black Tea Pack,Member,Female,3,2.0,6.0,Zaad,Yusuf Farah,2024,2,February
INV100626,2024-02-21,Hamar Weyne,Personal Care,Toothpaste,Regular,Female,6,2.46,14.76,Zaad,Hodan Warsame,2024,2,February
INV100353,2024-02-21,Hamar Weyne,Dairy,Fresh Cream 200ml,Regular,Female,5,2.38,11.9,Evc Plus,Hodan Warsame,2024,2,February
INV100646,2024-02-21,Laba Dhagax,Bakery,Donut,Member,Male,2,0.68,1.36,Visa,Yusuf Farah,2024,2,February
INV100446,2024-02-21,Hamar Weyne,Personal Care,Body Lotion 200ml,Member,Male,5,2.71,13.55,Zaad,Hodan Warsame,2024,2,February
INV100531,2024-02-21,Hamar Weyne,Personal Care,Body Lotion 200ml,Regular,Female,4,2.71,10.84,Evc Plus,Hodan Warsame,2024,2,February
INV100648,2024-02-21,Hodan-Taleex,Vegetables,Cucumber (kg),Regular,Female,6,0.71,4.26,Zaad,Abdirahman Nur,2024,2,February
INV100436,2024-02-21,Laba Dhagax,Personal Care,Hand Sanitizer 100ml,Regular,Female,4,1.67,6.68,Visa,Yusuf Farah,2024,2,February
INV100492,2024-02-22,Hodan-Taleex,Bakery,Cupcake,Member,Male,6,0.89,5.34,Zaad,Fadumo Yusuf,2024,2,February
INV100545,2024-02-22,Hamar Weyne,Beverages,Sprite 500ml,Regular,Male,5,0.86,4.3,Cash,Khadija Omar,2024,2,February
INV100651,2024-02-22,Hodan-Taleex,Dairy,Eggs Tray (30pcs),Member,Male,3,5.0,15.0,Zaad,Mohamed Ali,2024,2,February
INV100422,2024-02-22,Hodan-Taleex,Personal Care,Toothpaste,Member,Female,6,2.1,12.6,Evc Plus,Mohamed Ali,2024,2,February
INV100509,2024-02-22,Hodan-Taleex,Fruits,Mango (kg),Member,Female,6,1.34,8.04,Evc Plus,Fadumo Yusuf,2024,2,February
INV100474,2024-02-22,Laba Dhagax,Personal Care,Toothpaste,Member,Male,6,2.02,12.12,Zaad,Sahra Ibrahim,2024,2,February
INV100445,2024-02-22,Hodan-Taleex,Snacks,Popcorn Pack,Regular,Male,1,1.08,1.08,Cash,Amina Hassan,2024,2,February
INV100549,2024-02-22,Hodan-Taleex,Bakery,Brown Bread,Regular,Female,2,0.96,1.92,Evc Plus,Fadumo Yusuf,2024,2,February
INV100491,2024-02-22,Hamar Weyne,Household,Sugar 2kg,Regular,Male,1,2.92,2.92,Cash,Ahmed Abdi,2024,2,February
INV100542,2024-02-22,Laba Dhagax,Beverages,Black Tea Pack,Member,Female,4,1.08,4.32,Zaad,Yusuf Farah,2024,2,February
INV100605,2024-02-22,Hodan-Taleex,Personal Care,Toothpaste,Member,Female,5,1.53,7.65,Evc Plus,Abdirahman Nur,2024,2,February
INV100624,2024-02-22,Hamar Weyne,Snacks,Popcorn Pack,Regular,Female,1,0.85,0.85,Evc Plus,Hodan Warsame,2024,2,February
INV100343,2024-02-23,Laba Dhagax,Household,Laundry Detergent 1kg,Regular,Female,3,3.18,9.54,Evc Plus,Sahra Ibrahim,2024,2,February
INV100595,2024-02-23,Hodan-Taleex,Beverages,Black Tea Pack,Regular,Male,6,1.3,7.8,Zaad,Amina Hassan,2024,2,February
INV100360,2024-02-23,Hamar Weyne,Snacks,Chocolate Bar,Member,Male,2,0.62,1.24,Cash,Khadija Omar,2024,2,February
INV100499,2024-02-23,Hamar Weyne,Fruits,Apple (kg),Regular,Male,3,1.54,4.62,Zaad,Khadija Omar,2024,2,February
INV100375,2024-02-23,Laba Dhagax,Dairy,Cheese 200g,Regular,Female,3,3.56,10.68,Zaad,Yusuf Farah,2024,2,February
INV100405,2024-02-23,Hodan-Taleex,Snacks,Popcorn Pack,Regular,Female,1,0.97,0.97,Zaad,Fadumo Yusuf,2024,2,February
INV100453,2024-02-23,Laba Dhagax,Fruits,Watermelon (each),Regular,Female,4,2.85,11.4,Evc Plus,Sahra Ibrahim,2024,2,February
INV100397,2024-02-23,Hodan-Taleex,Household,Rice 5kg,Regular,Male,3,8.46,25.38,Evc Plus,Fadumo Yusuf,2024,2,February
INV100409,2024-02-23,Hodan-Taleex,Household,Rice 5kg,Regular,Male,1,7.77,7.77,Evc Plus,Mohamed Ali,2024,2,February
INV100450,2024-02-23,Hodan-Taleex,Snacks,Candy Pack,Regular,Female,1,0.7,0.7,Evc Plus,Fadumo Yusuf,2024,2,February
INV100505,2024-02-23,Laba Dhagax,Personal Care,Shampoo 400ml,Member,Male,3,3.06,9.18,Evc Plus,Sahra Ibrahim,2024,2,February
INV100543,2024-02-23,Hodan-Taleex,Beverages,Soft Drink Cola 500ml,Regular,Female,6,0.9,5.4,Evc Plus,Mohamed Ali,2024,2,February
INV100498,2024-02-23,Hodan-Taleex,Fruits,Mango (kg),Member,Female,2,1.55,3.1,Evc Plus,Abdirahman Nur,2024,2,February
INV100378,2024-02-23,Hodan-Taleex,Fruits,Mango (kg),Member,Male,4,1.23,4.92,Evc Plus,Abdirahman Nur,2024,2,February
INV100417,2024-02-24,Laba Dhagax,Bakery,Croissant,Regular,Female,2,1.27,2.54,Visa,Yusuf Farah,2024,2,February
INV100477,2024-02-24,Hamar Weyne,Beverages,Sprite 500ml,Regular,Female,3,1.22,3.66,Evc Plus,Khadija Omar,2024,2,February
INV100339,2024-02-24,Hamar Weyne,Bakery,Cupcake,Regular,Male,2,0.76,1.52,Evc Plus,Ahmed Abdi,2024,2,February
INV100524,2024-02-24,Hodan-Taleex,Vegetables,Carrot (kg),Regular,Male,2,0.8,1.6,Evc Plus,Amina Hassan,2024,2,February
INV100496,2024-02-24,Hodan-Taleex,Dairy,Fresh Cream 200ml,Member,Female,2,1.62,3.24,Zaad,Amina Hassan,2024,2,February
INV100449,2024-02-24,Hamar Weyne,Snacks,Peanuts 200g,Regular,Female,1,0.81,0.81,Evc Plus,Ahmed Abdi,2024,2,February
INV100415,2024-02-24,Hamar Weyne,Personal Care,Body Lotion 200ml,Regular,Male,3,3.19,9.57,Visa,Hodan Warsame,2024,2,February
INV100584,2024-02-24,Hodan-Taleex,Fruits,Orange (kg),Regular,Male,6,1.3,7.8,Evc Plus,Amina Hassan,2024,2,February
INV100439,2024-02-24,Hodan-Taleex,Vegetables,Onion (kg),Regular,Male,5,1.03,5.15,Zaad,Fadumo Yusuf,2024,2,February
INV100349,2024-02-24,Laba Dhagax,Dairy,Yogurt 500g,Regular,Male,3,2.13,6.39,Evc Plus,Yusuf Farah,2024,2,February
INV100652,2024-02-25,Hamar Weyne,Beverages,Black Tea Pack,Regular,Female,5,1.41,7.05,Cash,Hodan Warsame,2024,2,February
INV100564,2024-02-25,Hamar Weyne,Snacks,Candy Pack,Member,Female,5,0.73,3.65,Zaad,Hodan Warsame,2024,2,February
INV100473,2024-02-25,Hodan-Taleex,Fruits,Grapes (kg),Member,Male,4,3.12,12.48,Evc Plus,Fadumo Yusuf,2024,2,February
INV100522,2024-02-25,Hodan-Taleex,Vegetables,Potato (kg),Regular,Male,6,0.93,5.58,Evc Plus,Mohamed Ali,2024,2,February
INV100534,2024-02-25,Laba Dhagax,Snacks,Potato Chips,Member,Female,6,0.75,4.5,Evc Plus,Yusuf Farah,2024,2,February
INV100470,2024-02-25,Laba Dhagax,Beverages,Black Tea Pack,Regular,Male,3,1.44,4.32,Cash,Sahra Ibrahim,2024,2,February
INV100373,2024-02-25,Hodan-Taleex,Snacks,Candy Pack,Regular,Female,5,0.64,3.2,Evc Plus,Abdirahman Nur,2024,2,February
INV100520,2024-02-25,Hodan-Taleex,Snacks,Peanuts 200g,Regular,Male,5,0.87,4.35,Cash,Abdirahman Nur,2024,2,February
INV100411,2024-02-25,Laba Dhagax,Dairy,Fresh Cream 200ml,Member,Female,3,2.27,6.81,Evc Plus,Sahra Ibrahim,2024,2,February
INV100434,2024-02-25,Hamar Weyne,Dairy,Milk 1L,Member,Male,7,1.09,7.63,Cash,Hodan Warsame,2024,2,February
INV100613,2024-02-25,Hodan-Taleex,Household,Sugar 2kg,Member,Male,2,3.07,6.14,Cash,Fadumo Yusuf,2024,2,February
INV100385,2024-02-25,Hamar Weyne,Fruits,Apple (kg),Regular,Female,6,1.56,9.36,Zaad,Khadija Omar,2024,2,February
INV100384,2024-02-25,Laba Dhagax,Vegetables,Onion (kg),Regular,Female,4,0.93,3.72,Visa,Sahra Ibrahim,2024,2,February
INV100517,2024-02-25,Hodan-Taleex,Bakery,Cupcake,Regular,Male,5,0.51,2.55,Cash,Abdirahman Nur,2024,2,February
INV100519,2024-02-25,Hodan-Taleex,Personal Care,Hand Sanitizer 100ml,Member,Female,6,1.94,11.64,Zaad,Mohamed Ali,2024,2,February
INV100590,2024-02-26,Hodan-Taleex,Dairy,Fresh Cream 200ml,Member,Female,8,1.82,14.56,Evc Plus,Mohamed Ali,2024,2,February
INV100647,2024-02-26,Hodan-Taleex,Beverages,Black Tea Pack,Member,Female,8,1.12,8.96,Evc Plus,Fadumo Yusuf,2024,2,February
INV100392,2024-02-26,Hodan-Taleex,Personal Care,Shampoo 400ml,Regular,Male,1,3.97,3.97,Zaad,Fadumo Yusuf,2024,2,February
INV100500,2024-02-26,Hodan-Taleex,Beverages,Orange Juice 1L,Member,Female,7,1.61,11.27,Cash,Amina Hassan,2024,2,February
INV100479,2024-02-26,Hodan-Taleex,Vegetables,Tomato (kg),Member,Female,8,1.01,8.08,Evc Plus,Amina Hassan,2024,2,February
INV100568,2024-02-26,Hodan-Taleex,Bakery,Cupcake,Member,Female,4,0.71,2.84,Zaad,Amina Hassan,2024,2,February
INV100616,2024-02-26,Hodan-Taleex,Personal Care,Body Lotion 200ml,Member,Male,6,3.77,22.62,Evc Plus,Amina Hassan,2024,2,February
INV100637,2024-02-26,Hodan-Taleex,Vegetables,Cucumber (kg),Member,Male,3,0.78,2.34,Evc Plus,Amina Hassan,2024,2,February
INV100490,2024-02-26,Hodan-Taleex,Snacks,Candy Pack,Regular,Male,3,0.78,2.34,Visa,Abdirahman Nur,2024,2,February
INV100366,2024-02-26,Hodan-Taleex,Household,Sugar 2kg,Member,Female,4,3.16,12.64,Evc Plus,Amina Hassan,2024,2,February
INV100556,2024-02-26,Laba Dhagax,Personal Care,Toothbrush,Member,Female,4,1.25,5.0,Cash,Sahra Ibrahim,2024,2,February
INV100538,2024-02-26,Hamar Weyne,Snacks,Biscuit Snack Pack,Regular,Male,5,0.94,4.7,Evc Plus,Ahmed Abdi,2024,2,February
INV100376,2024-02-26,Hamar Weyne,Snacks,Potato Chips,Member,Female,5,0.92,4.6,Evc Plus,Ahmed Abdi,2024,2,February
INV100365,2024-02-26,Hamar Weyne,Household,Laundry Detergent 1kg,Regular,Male,4,3.38,13.52,Evc Plus,Khadija Omar,2024,2,February
INV100659,2024-02-26,Hodan-Taleex,Household,Sugar 2kg,Regular,Female,3,3.09,9.27,Evc Plus,Mohamed Ali,2024,2,February
INV100539,2024-02-26,Hodan-Taleex,Household,Laundry Detergent 1kg,Regular,Male,1,2.65,2.65,Cash,Fadumo Yusuf,2024,2,February
INV100627,2024-02-27,Hodan-Taleex,Bakery,Biscuits Pack,Regular,Female,2,1.27,2.54,Zaad,Fadumo Yusuf,2024,2,February
INV100588,2024-02-27,Laba Dhagax,Household,Rice 5kg,Member,Male,6,6.9,41.4,Evc Plus,Sahra Ibrahim,2024,2,February
INV100536,2024-02-27,Hamar Weyne,Snacks,Candy Pack,Member,Female,3,0.89,2.67,Visa,Hodan Warsame,2024,2,February
INV100486,2024-02-27,Laba Dhagax,Personal Care,Shampoo 400ml,Regular,Male,4,4.1,16.4,Zaad,Yusuf Farah,2024,2,February
INV100597,2024-02-27,Hodan-Taleex,Vegetables,Tomato (kg),Regular,Male,6,0.85,5.1,Evc Plus,Fadumo Yusuf,2024,2,February
INV100461,2024-02-27,Hodan-Taleex,Dairy,Milk 1L,Member,Male,8,1.66,13.28,Cash,Amina Hassan,2024,2,February
INV100528,2024-02-28,Hodan-Taleex,Fruits,Apple (kg),Regular,Female,3,2.07,6.21,Evc Plus,Mohamed Ali,2024,2,February
INV100386,2024-02-28,Hamar Weyne,Household,Flour 2kg,Member,Male,6,2.69,16.14,Cash,Hodan Warsame,2024,2,February
INV100402,2024-02-28,Hodan-Taleex,Personal Care,Body Lotion 200ml,Regular,Male,6,3.63,21.78,Visa,Mohamed Ali,2024,2,February
INV100427,2024-02-28,Hodan-Taleex,Fruits,Grapes (kg),Regular,Male,5,3.21,16.05,Zaad,Fadumo Yusuf,2024,2,February
INV100569,2024-02-28,Hodan-Taleex,Bakery,Cupcake,Member,Female,3,0.8,2.4,Zaad,Fadumo Yusuf,2024,2,February
INV100335,2024-02-28,Laba Dhagax,Bakery,Brown Bread,Regular,Male,2,0.87,1.74,Visa,Yusuf Farah,2024,2,February
INV100514,2024-02-28,Hamar Weyne,Bakery,Biscuits Pack,Regular,Female,4,1.23,4.92,Evc Plus,Hodan Warsame,2024,2,February
INV100480,2024-02-28,Hamar Weyne,Vegetables,Carrot (kg),Member,Female,5,1.11,5.55,Zaad,Khadija Omar,2024,2,February
INV100541,2024-02-28,Hodan-Taleex,Bakery,Donut,Member,Male,7,0.72,5.04,Zaad,Abdirahman Nur,2024,2,February
INV100523,2024-02-28,Hamar Weyne,Fruits,Banana (kg),Member,Male,5,0.93,4.65,Zaad,Hodan Warsame,2024,2,February
INV100529,2024-02-28,Laba Dhagax,Bakery,Brown Bread,Member,Female,2,1.1,2.2,Zaad,Sahra Ibrahim,2024,2,February
INV100418,2024-02-29,Hodan-Taleex,Beverages,Apple Juice 1L,Member,Female,6,2.27,13.62,Evc Plus,Amina Hassan,2024,2,February
INV100603,2024-02-29,Hamar Weyne,Household,Flour 2kg,Member,Female,8,1.95,15.6,Evc Plus,Hodan Warsame,2024,2,February
INV100619,2024-02-29,Laba Dhagax,Snacks,Biscuit Snack Pack,Member,Male,8,1.0,8.0,Visa,Sahra Ibrahim,2024,2,February
INV100459,2024-02-29,Hodan-Taleex,Beverages,Apple Juice 1L,Regular,Male,6,2.43,14.58,Evc Plus,Fadumo Yusuf,2024,2,February
INV100548,2024-02-29,Laba Dhagax,Personal Care,Toothpaste,Regular,Male,1,1.81,1.81,Zaad,Sahra Ibrahim,2024,2,February
INV100640,2024-02-29,Hamar Weyne,Beverages,Black Tea Pack,Member,Female,6,1.99,11.94,Evc Plus,Ahmed Abdi,2024,2,February
INV100381,2024-02-29,Laba Dhagax,Household,Cooking Oil 1L,Member,Male,3,2.58,7.74,Zaad,Sahra Ibrahim,2024,2,February
INV100583,2024-02-29,Hodan-Taleex,Dairy,Cheese 200g,Member,Female,7,3.76,26.32,Visa,Amina Hassan,2024,2,February
INV100573,2024-02-29,Hodan-Taleex,Fruits,Watermelon (each),Regular,Male,3,3.16,9.48,Cash,Mohamed Ali,2024,2,February
INV100735,2024-03-01,Hodan-Taleex,Bakery,Biscuits Pack,Member,Female,8,1.05,8.4,Zaad,Abdirahman Nur,2024,3,March
INV100768,2024-03-01,Hamar Weyne,Dairy,Fresh Cream 200ml,Regular,Female,1,2.02,2.02,Evc Plus,Ahmed Abdi,2024,3,March
INV100942,2024-03-01,Hodan-Taleex,Household,Rice 5kg,Member,Male,5,8.87,44.35,Visa,Fadumo Yusuf,2024,3,March
INV100724,2024-03-01,Hodan-Taleex,Dairy,Milk 1L,Regular,Female,3,1.19,3.57,Evc Plus,Abdirahman Nur,2024,3,March
INV100703,2024-03-01,Laba Dhagax,Fruits,Orange (kg),Regular,Male,3,1.51,4.53,Evc Plus,Yusuf Farah,2024,3,March
INV100921,2024-03-01,Hodan-Taleex,Personal Care,Bar Soap,Member,Female,8,0.74,5.92,Zaad,Amina Hassan,2024,3,March
INV100983,2024-03-02,Hamar Weyne,Beverages,Bottled Water 500ml,Regular,Female,1,0.39,0.39,Evc Plus,Ahmed Abdi,2024,3,March
INV100980,2024-03-02,Hamar Weyne,Personal Care,Bar Soap,Regular,Male,5,0.82,4.1,Evc Plus,Ahmed Abdi,2024,3,March
INV100866,2024-03-02,Hamar Weyne,Snacks,Popcorn Pack,Member,Male,6,0.77,4.62,Evc Plus,Ahmed Abdi,2024,3,March
INV100700,2024-03-02,Hamar Weyne,Household,Laundry Detergent 1kg,Regular,Female,5,2.95,14.75,Evc Plus,Hodan Warsame,2024,3,March
INV100936,2024-03-02,Laba Dhagax,Fruits,Grapes (kg),Regular,Female,2,3.61,7.22,Evc Plus,Sahra Ibrahim,2024,3,March
INV100887,2024-03-02,Hodan-Taleex,Beverages,Soft Drink Cola 500ml,Regular,Female,4,1.22,4.88,Evc Plus,Mohamed Ali,2024,3,March
INV100746,2024-03-02,Hamar Weyne,Household,Flour 2kg,Regular,Male,1,2.28,2.28,Evc Plus,Ahmed Abdi,2024,3,March
INV100828,2024-03-02,Laba Dhagax,Fruits,Grapes (kg),Regular,Female,4,3.82,15.28,Evc Plus,Yusuf Farah,2024,3,March
INV100706,2024-03-02,Hodan-Taleex,Vegetables,Tomato (kg),Regular,Female,4,0.89,3.56,Zaad,Abdirahman Nur,2024,3,March
INV100680,2024-03-02,Hodan-Taleex,Personal Care,Toothbrush,Member,Male,4,0.82,3.28,Evc Plus,Fadumo Yusuf,2024,3,March
INV100755,2024-03-02,Laba Dhagax,Personal Care,Shampoo 400ml,Regular,Female,1,4.01,4.01,Zaad,Sahra Ibrahim,2024,3,March
INV101003,2024-03-03,Laba Dhagax,Beverages,Soft Drink Cola 500ml,Member,Female,7,1.22,8.54,Zaad,Yusuf Farah,2024,3,March
INV100816,2024-03-03,Hodan-Taleex,Snacks,Potato Chips,Member,Male,3,1.07,3.21,Evc Plus,Fadumo Yusuf,2024,3,March
INV100918,2024-03-03,Hamar Weyne,Fruits,Mango (kg),Member,Female,6,1.38,8.28,Evc Plus,Khadija Omar,2024,3,March
INV100910,2024-03-03,Hodan-Taleex,Dairy,Milk 1L,Member,Male,5,1.08,5.4,Evc Plus,Amina Hassan,2024,3,March
INV100826,2024-03-03,Laba Dhagax,Beverages,Apple Juice 1L,Member,Male,8,1.99,15.92,Visa,Yusuf Farah,2024,3,March
INV100843,2024-03-03,Hodan-Taleex,Personal Care,Toothpaste,Regular,Female,4,2.1,8.4,Evc Plus,Mohamed Ali,2024,3,March
INV100930,2024-03-03,Hodan-Taleex,Bakery,Brown Bread,Regular,Female,6,0.7,4.2,Cash,Fadumo Yusuf,2024,3,March
INV100798,2024-03-03,Hodan-Taleex,Snacks,Candy Pack,Regular,Male,6,0.79,4.74,Evc Plus,Amina Hassan,2024,3,March
INV100963,2024-03-03,Hamar Weyne,Household,Cooking Oil 1L,Regular,Female,5,2.56,12.8,Visa,Hodan Warsame,2024,3,March
INV100960,2024-03-03,Hodan-Taleex,Beverages,Soft Drink Cola 500ml,Regular,Female,2,1.05,2.1,Evc Plus,Fadumo Yusuf,2024,3,March
INV100793,2024-03-03,Hodan-Taleex,Snacks,Candy Pack,Regular,Female,6,0.83,4.98,Evc Plus,Mohamed Ali,2024,3,March
INV100702,2024-03-03,Hamar Weyne,Bakery,Croissant,Regular,Female,6,0.89,5.34,Evc Plus,Khadija Omar,2024,3,March
INV100833,2024-03-03,Hamar Weyne,Beverages,Bottled Water 500ml,Regular,Male,4,0.35,1.4,Cash,Ahmed Abdi,2024,3,March
INV100905,2024-03-03,Hodan-Taleex,Vegetables,Onion (kg),Member,Female,8,1.05,8.4,Evc Plus,Fadumo Yusuf,2024,3,March
INV100926,2024-03-03,Hodan-Taleex,Dairy,Fresh Cream 200ml,Member,Female,5,1.69,8.45,Evc Plus,Fadumo Yusuf,2024,3,March
INV100792,2024-03-04,Hodan-Taleex,Dairy,Milk 1L,Regular,Male,6,1.34,8.04,Evc Plus,Amina Hassan,2024,3,March
INV100858,2024-03-04,Laba Dhagax,Personal Care,Toothbrush,Member,Male,8,1.4,11.2,Evc Plus,Yusuf Farah,2024,3,March
INV100721,2024-03-04,Hamar Weyne,Personal Care,Toothpaste,Regular,Male,3,1.61,4.83,Evc Plus,Ahmed Abdi,2024,3,March
INV100717,2024-03-04,Hodan-Taleex,Beverages,Soft Drink Cola 500ml,Regular,Male,4,0.97,3.88,Evc Plus,Amina Hassan,2024,3,March
INV100759,2024-03-04,Laba Dhagax,Personal Care,Bar Soap,Regular,Male,6,0.91,5.46,Zaad,Sahra Ibrahim,2024,3,March
INV100663,2024-03-04,Hamar Weyne,Personal Care,Body Lotion 200ml,Regular,Male,1,3.34,3.34,Evc Plus,Ahmed Abdi,2024,3,March
INV100998,2024-03-04,Laba Dhagax,Dairy,Fresh Cream 200ml,Regular,Male,3,2.19,6.57,Evc Plus,Sahra Ibrahim,2024,3,March
INV100883,2024-03-04,Laba Dhagax,Household,Cooking Oil 1L,Regular,Female,2,3.67,7.34,Evc Plus,Sahra Ibrahim,2024,3,March
INV100900,2024-03-04,Hodan-Taleex,Fruits,Watermelon (each),Regular,Female,3,2.03,6.09,Visa,Fadumo Yusuf,2024,3,March
INV100771,2024-03-04,Hamar Weyne,Dairy,Milk 1L,Regular,Male,3,1.65,4.95,Evc Plus,Khadija Omar,2024,3,March
INV100940,2024-03-04,Hodan-Taleex,Fruits,Watermelon (each),Member,Male,8,3.0,24.0,Evc Plus,Mohamed Ali,2024,3,March
INV100799,2024-03-04,Laba Dhagax,Personal Care,Bar Soap,Member,Male,4,0.96,3.84,Evc Plus,Sahra Ibrahim,2024,3,March
INV100720,2024-03-04,Hodan-Taleex,Household,Cooking Oil 1L,Regular,Male,4,3.75,15.0,Zaad,Fadumo Yusuf,2024,3,March
INV100714,2024-03-04,Laba Dhagax,Personal Care,Toothpaste,Regular,Male,5,2.0,10.0,Zaad,Sahra Ibrahim,2024,3,March
INV100711,2024-03-05,Hodan-Taleex,Personal Care,Toothpaste,Member,Female,5,2.39,11.95,Zaad,Abdirahman Nur,2024,3,March
INV100806,2024-03-05,Laba Dhagax,Dairy,Milk 1L,Member,Female,7,1.68,11.76,Evc Plus,Yusuf Farah,2024,3,March
INV100945,2024-03-05,Hodan-Taleex,Personal Care,Body Lotion 200ml,Member,Male,2,3.03,6.06,Evc Plus,Fadumo Yusuf,2024,3,March
INV100976,2024-03-05,Laba Dhagax,Beverages,Coffee 200g,Regular,Male,4,3.21,12.84,Cash,Sahra Ibrahim,2024,3,March
INV100846,2024-03-05,Laba Dhagax,Snacks,Candy Pack,Regular,Male,1,0.69,0.69,Evc Plus,Sahra Ibrahim,2024,3,March
INV100928,2024-03-05,Laba Dhagax,Dairy,Eggs Tray (30pcs),Regular,Female,2,4.14,8.28,Visa,Yusuf Farah,2024,3,March
INV100895,2024-03-05,Hodan-Taleex,Snacks,Peanuts 200g,Member,Female,8,1.03,8.24,Evc Plus,Mohamed Ali,2024,3,March
INV100853,2024-03-05,Hamar Weyne,Personal Care,Bar Soap,Member,Female,5,0.68,3.4,Evc Plus,Hodan Warsame,2024,3,March
INV100729,2024-03-05,Hamar Weyne,Bakery,White Bread,Regular,Male,1,0.6,0.6,Cash,Ahmed Abdi,2024,3,March
INV100690,2024-03-05,Hodan-Taleex,Beverages,Soft Drink Cola 500ml,Member,Female,7,0.91,6.37,Evc Plus,Mohamed Ali,2024,3,March
INV100780,2024-03-05,Hodan-Taleex,Beverages,Bottled Water 500ml,Member,Female,5,0.51,2.55,Evc Plus,Fadumo Yusuf,2024,3,March
INV100814,2024-03-05,Hodan-Taleex,Personal Care,Shampoo 400ml,Regular,Female,3,4.18,12.54,Zaad,Mohamed Ali,2024,3,March
INV100896,2024-03-05,Hodan-Taleex,Vegetables,Cucumber (kg),Member,Male,3,0.77,2.31,Evc Plus,Mohamed Ali,2024,3,March
INV100713,2024-03-05,Hodan-Taleex,Beverages,Orange Juice 1L,Regular,Male,2,2.23,4.46,Evc Plus,Abdirahman Nur,2024,3,March
INV100838,2024-03-06,Laba Dhagax,Bakery,Brown Bread,Regular,Male,5,0.76,3.8,Zaad,Sahra Ibrahim,2024,3,March
INV100694,2024-03-06,Hamar Weyne,Household,Dish Soap 500ml,Member,Female,6,1.44,8.64,Evc Plus,Khadija Omar,2024,3,March
INV100727,2024-03-06,Hamar Weyne,Dairy,Butter 250g,Regular,Female,1,2.15,2.15,Evc Plus,Khadija Omar,2024,3,March
INV100731,2024-03-06,Hodan-Taleex,Personal Care,Toothpaste,Regular,Male,3,2.31,6.93,Zaad,Fadumo Yusuf,2024,3,March
INV100779,2024-03-06,Hodan-Taleex,Vegetables,Potato (kg),Member,Female,6,0.71,4.26,Evc Plus,Amina Hassan,2024,3,March
INV100836,2024-03-06,Hodan-Taleex,Vegetables,Cucumber (kg),Regular,Female,4,0.68,2.72,Evc Plus,Amina Hassan,2024,3,March
INV100685,2024-03-07,Hodan-Taleex,Vegetables,Potato (kg),Regular,Female,3,0.78,2.34,Visa,Fadumo Yusuf,2024,3,March
INV100870,2024-03-07,Hodan-Taleex,Fruits,Mango (kg),Regular,Female,2,1.69,3.38,Evc Plus,Fadumo Yusuf,2024,3,March
INV100785,2024-03-07,Hamar Weyne,Household,Dish Soap 500ml,Regular,Female,3,1.49,4.47,Zaad,Hodan Warsame,2024,3,March
INV100753,2024-03-07,Hamar Weyne,Personal Care,Toothpaste,Regular,Female,1,1.75,1.75,Evc Plus,Ahmed Abdi,2024,3,March
INV100844,2024-03-07,Laba Dhagax,Fruits,Grapes (kg),Regular,Female,2,2.66,5.32,Visa,Sahra Ibrahim,2024,3,March
INV100807,2024-03-07,Hodan-Taleex,Bakery,Biscuits Pack,Member,Male,6,1.38,8.28,Evc Plus,Mohamed Ali,2024,3,March
INV100937,2024-03-07,Hodan-Taleex,Vegetables,Cabbage (each),Regular,Male,5,1.2,6.0,Evc Plus,Mohamed Ali,2024,3,March
INV101002,2024-03-07,Hamar Weyne,Beverages,Apple Juice 1L,Regular,Female,2,1.56,3.12,Visa,Ahmed Abdi,2024,3,March
INV100989,2024-03-07,Laba Dhagax,Personal Care,Hand Sanitizer 100ml,Regular,Male,2,1.68,3.36,Zaad,Yusuf Farah,2024,3,March
INV100974,2024-03-07,Hodan-Taleex,Fruits,Banana (kg),Member,Male,4,1.29,5.16,Zaad,Mohamed Ali,2024,3,March
INV100722,2024-03-07,Laba Dhagax,Bakery,Donut,Regular,Male,3,0.93,2.79,Cash,Yusuf Farah,2024,3,March
INV100880,2024-03-07,Hamar Weyne,Snacks,Peanuts 200g,Regular,Male,4,0.99,3.96,Zaad,Hodan Warsame,2024,3,March
INV100671,2024-03-07,Hodan-Taleex,Dairy,Eggs Tray (30pcs),Member,Female,6,4.79,28.74,Cash,Fadumo Yusuf,2024,3,March
INV100957,2024-03-07,Hodan-Taleex,Beverages,Apple Juice 1L,Member,Male,3,2.37,7.11,Cash,Amina Hassan,2024,3,March
INV100855,2024-03-07,Hodan-Taleex,Household,Cooking Oil 1L,Member,Female,7,3.1,21.7,Evc Plus,Fadumo Yusuf,2024,3,March
INV100898,2024-03-07,Hamar Weyne,Vegetables,Tomato (kg),Member,Male,7,0.78,5.46,Evc Plus,Hodan Warsame,2024,3,March
INV100984,2024-03-08,Laba Dhagax,Snacks,Candy Pack,Regular,Male,3,0.7,2.1,Zaad,Yusuf Farah,2024,3,March
INV100850,2024-03-08,Hodan-Taleex,Vegetables,Potato (kg),Regular,Male,3,0.79,2.37,Evc Plus,Amina Hassan,2024,3,March
INV100878,2024-03-08,Hamar Weyne,Snacks,Popcorn Pack,Member,Male,7,1.03,7.21,Evc Plus,Khadija Omar,2024,3,March
INV100813,2024-03-08,Hodan-Taleex,Fruits,Apple (kg),Member,Female,3,1.5,4.5,Zaad,Fadumo Yusuf,2024,3,March
INV100848,2024-03-08,Hamar Weyne,Fruits,Watermelon (each),Regular,Male,6,2.79,16.74,Zaad,Khadija Omar,2024,3,March
INV100831,2024-03-08,Hodan-Taleex,Snacks,Popcorn Pack,Member,Female,5,1.09,5.45,Visa,Amina Hassan,2024,3,March
INV100823,2024-03-08,Hodan-Taleex,Vegetables,Tomato (kg),Member,Female,6,0.71,4.26,Evc Plus,Amina Hassan,2024,3,March
INV100881,2024-03-08,Hodan-Taleex,Bakery,Biscuits Pack,Member,Male,5,1.32,6.6,Visa,Fadumo Yusuf,2024,3,March
INV100810,2024-03-08,Laba Dhagax,Fruits,Orange (kg),Member,Female,3,1.54,4.62,Cash,Yusuf Farah,2024,3,March
INV100886,2024-03-08,Hodan-Taleex,Snacks,Potato Chips,Regular,Male,5,0.89,4.45,Cash,Fadumo Yusuf,2024,3,March
INV100715,2024-03-09,Hamar Weyne,Personal Care,Shampoo 400ml,Member,Male,5,4.25,21.25,Evc Plus,Khadija Omar,2024,3,March
INV100948,2024-03-09,Hamar Weyne,Beverages,Orange Juice 1L,Regular,Female,3,2.22,6.66,Cash,Hodan Warsame,2024,3,March
INV100688,2024-03-09,Hamar Weyne,Fruits,Orange (kg),Regular,Female,6,1.26,7.56,Evc Plus,Hodan Warsame,2024,3,March
INV100867,2024-03-09,Hodan-Taleex,Dairy,Yogurt 500g,Member,Male,3,1.29,3.87,Zaad,Fadumo Yusuf,2024,3,March
INV100894,2024-03-09,Hamar Weyne,Snacks,Biscuit Snack Pack,Member,Male,8,0.64,5.12,Visa,Hodan Warsame,2024,3,March
INV100795,2024-03-09,Laba Dhagax,Beverages,Black Tea Pack,Regular,Male,1,1.18,1.18,Evc Plus,Sahra Ibrahim,2024,3,March
INV100924,2024-03-09,Hamar Weyne,Household,Flour 2kg,Member,Female,8,2.25,18.0,Evc Plus,Ahmed Abdi,2024,3,March
INV100842,2024-03-09,Hodan-Taleex,Household,Rice 5kg,Regular,Male,5,8.48,42.4,Evc Plus,Mohamed Ali,2024,3,March
INV100899,2024-03-09,Laba Dhagax,Vegetables,Cucumber (kg),Regular,Male,4,0.9,3.6,Zaad,Yusuf Farah,2024,3,March
INV100695,2024-03-09,Hodan-Taleex,Dairy,Fresh Cream 200ml,Regular,Male,4,1.63,6.52,Zaad,Mohamed Ali,2024,3,March
INV100915,2024-03-09,Hodan-Taleex,Vegetables,Cucumber (kg),Member,Female,8,0.82,6.56,Zaad,Fadumo Yusuf,2024,3,March
INV100769,2024-03-09,Laba Dhagax,Bakery,Croissant,Member,Male,7,0.83,5.81,Evc Plus,Yusuf Farah,2024,3,March
INV100668,2024-03-10,Hodan-Taleex,Fruits,Watermelon (each),Regular,Male,3,3.23,9.69,Evc Plus,Fadumo Yusuf,2024,3,March
INV100929,2024-03-10,Laba Dhagax,Snacks,Candy Pack,Member,Male,3,0.89,2.67,Cash,Sahra Ibrahim,2024,3,March
INV100903,2024-03-10,Hodan-Taleex,Personal Care,Hand Sanitizer 100ml,Member,Female,2,1.58,3.16,Evc Plus,Abdirahman Nur,2024,3,March
INV100939,2024-03-10,Hamar Weyne,Personal Care,Toothbrush,Regular,Male,3,1.14,3.42,Evc Plus,Hodan Warsame,2024,3,March
INV100710,2024-03-10,Hodan-Taleex,Bakery,Cupcake,Regular,Male,1,0.62,0.62,Evc Plus,Fadumo Yusuf,2024,3,March
INV100977,2024-03-10,Hamar Weyne,Fruits,Watermelon (each),Member,Male,3,2.38,7.14,Zaad,Khadija Omar,2024,3,March
INV100684,2024-03-10,Hodan-Taleex,Dairy,Cheese 200g,Regular,Female,5,3.71,18.55,Evc Plus,Amina Hassan,2024,3,March
INV100788,2024-03-10,Hodan-Taleex,Bakery,White Bread,Member,Female,4,0.82,3.28,Evc Plus,Abdirahman Nur,2024,3,March
INV100955,2024-03-10,Laba Dhagax,Bakery,Donut,Regular,Female,5,0.66,3.3,Evc Plus,Yusuf Farah,2024,3,March
INV100919,2024-03-10,Laba Dhagax,Fruits,Banana (kg),Member,Female,5,0.93,4.65,Evc Plus,Yusuf Farah,2024,3,March
INV100931,2024-03-10,Hamar Weyne,Beverages,Bottled Water 500ml,Regular,Female,2,0.4,0.8,Zaad,Hodan Warsame,2024,3,March
INV100906,2024-03-10,Hodan-Taleex,Fruits,Orange (kg),Regular,Male,3,1.25,3.75,Cash,Mohamed Ali,2024,3,March
INV100782,2024-03-11,Hodan-Taleex,Snacks,Potato Chips,Regular,Female,1,1.14,1.14,Zaad,Fadumo Yusuf,2024,3,March
INV100879,2024-03-11,Hamar Weyne,Beverages,Black Tea Pack,Regular,Female,6,1.75,10.5,Cash,Khadija Omar,2024,3,March
INV100750,2024-03-11,Laba Dhagax,Bakery,White Bread,Regular,Male,6,0.69,4.14,Evc Plus,Yusuf Farah,2024,3,March
INV100794,2024-03-11,Hamar Weyne,Household,Laundry Detergent 1kg,Regular,Male,1,3.19,3.19,Cash,Ahmed Abdi,2024,3,March
INV100991,2024-03-11,Hodan-Taleex,Dairy,Yogurt 500g,Member,Male,4,1.98,7.92,Visa,Mohamed Ali,2024,3,March
INV100697,2024-03-11,Laba Dhagax,Personal Care,Toothbrush,Member,Female,5,1.35,6.75,Visa,Sahra Ibrahim,2024,3,March
INV100932,2024-03-11,Hodan-Taleex,Fruits,Watermelon (each),Regular,Female,6,3.19,19.14,Zaad,Abdirahman Nur,2024,3,March
INV100787,2024-03-11,Hamar Weyne,Household,Flour 2kg,Member,Male,2,2.62,5.24,Evc Plus,Hodan Warsame,2024,3,March
INV100742,2024-03-11,Hodan-Taleex,Snacks,Potato Chips,Member,Male,2,1.13,2.26,Evc Plus,Abdirahman Nur,2024,3,March
INV100953,2024-03-12,Hodan-Taleex,Personal Care,Toothpaste,Member,Male,2,2.12,4.24,Evc Plus,Abdirahman Nur,2024,3,March
INV100696,2024-03-12,Hodan-Taleex,Household,Laundry Detergent 1kg,Member,Female,7,2.63,18.41,Zaad,Mohamed Ali,2024,3,March
INV100815,2024-03-12,Hamar Weyne,Personal Care,Toothpaste,Regular,Female,4,1.96,7.84,Evc Plus,Ahmed Abdi,2024,3,March
INV100677,2024-03-12,Hodan-Taleex,Household,Pasta 500g,Regular,Male,6,1.02,6.12,Evc Plus,Abdirahman Nur,2024,3,March
INV100922,2024-03-12,Hodan-Taleex,Dairy,Fresh Cream 200ml,Member,Male,8,1.51,12.08,Cash,Abdirahman Nur,2024,3,March
INV100766,2024-03-12,Hodan-Taleex,Snacks,Chocolate Bar,Member,Female,7,0.67,4.69,Evc Plus,Mohamed Ali,2024,3,March
INV100943,2024-03-12,Hamar Weyne,Household,Rice 5kg,Member,Female,7,8.29,58.03,Evc Plus,Hodan Warsame,2024,3,March
INV100914,2024-03-12,Hodan-Taleex,Bakery,Brown Bread,Member,Male,2,0.71,1.42,Evc Plus,Mohamed Ali,2024,3,March
INV100986,2024-03-13,Hamar Weyne,Beverages,Black Tea Pack,Regular,Male,4,1.29,5.16,Cash,Ahmed Abdi,2024,3,March
INV100772,2024-03-13,Hamar Weyne,Household,Laundry Detergent 1kg,Regular,Male,6,3.47,20.82,Evc Plus,Ahmed Abdi,2024,3,March
INV100859,2024-03-13,Hodan-Taleex,Vegetables,Carrot (kg),Regular,Male,1,0.81,0.81,Cash,Mohamed Ali,2024,3,March
INV100933,2024-03-13,Hodan-Taleex,Personal Care,Body Lotion 200ml,Regular,Male,1,2.9,2.9,Cash,Amina Hassan,2024,3,March
INV100732,2024-03-13,Hamar Weyne,Vegetables,Tomato (kg),Member,Female,5,0.84,4.2,Evc Plus,Hodan Warsame,2024,3,March
INV100709,2024-03-13,Laba Dhagax,Dairy,Cheese 200g,Regular,Female,3,2.69,8.07,Zaad,Sahra Ibrahim,2024,3,March
INV100665,2024-03-13,Hamar Weyne,Snacks,Biscuit Snack Pack,Member,Female,2,0.67,1.34,Visa,Khadija Omar,2024,3,March
INV100778,2024-03-13,Hodan-Taleex,Bakery,Biscuits Pack,Regular,Male,6,1.16,6.96,Zaad,Amina Hassan,2024,3,March
INV100968,2024-03-13,Hamar Weyne,Beverages,Coffee 200g,Member,Male,8,2.86,22.88,Evc Plus,Khadija Omar,2024,3,March
INV100854,2024-03-14,Hamar Weyne,Household,Flour 2kg,Regular,Female,3,2.83,8.49,Zaad,Khadija Omar,2024,3,March
INV100691,2024-03-14,Hamar Weyne,Beverages,Orange Juice 1L,Regular,Female,3,1.76,5.28,Evc Plus,Ahmed Abdi,2024,3,March
INV100966,2024-03-14,Laba Dhagax,Snacks,Biscuit Snack Pack,Regular,Male,5,0.9,4.5,Evc Plus,Sahra Ibrahim,2024,3,March
INV100728,2024-03-14,Hodan-Taleex,Dairy,Fresh Cream 200ml,Member,Female,8,2.18,17.44,Evc Plus,Amina Hassan,2024,3,March
INV100760,2024-03-14,Hamar Weyne,Household,Dish Soap 500ml,Regular,Female,5,1.91,9.55,Evc Plus,Khadija Omar,2024,3,March
INV100992,2024-03-14,Hamar Weyne,Snacks,Biscuit Snack Pack,Member,Male,2,0.87,1.74,Evc Plus,Ahmed Abdi,2024,3,March
INV100892,2024-03-14,Hodan-Taleex,Fruits,Watermelon (each),Regular,Male,4,2.64,10.56,Evc Plus,Fadumo Yusuf,2024,3,March
INV100861,2024-03-14,Hodan-Taleex,Beverages,Black Tea Pack,Regular,Male,4,1.93,7.72,Zaad,Amina Hassan,2024,3,March
INV100796,2024-03-15,Hamar Weyne,Beverages,Sprite 500ml,Member,Male,4,0.95,3.8,Zaad,Ahmed Abdi,2024,3,March
INV100730,2024-03-15,Hamar Weyne,Household,Flour 2kg,Regular,Male,3,2.23,6.69,Zaad,Ahmed Abdi,2024,3,March
INV100736,2024-03-15,Laba Dhagax,Vegetables,Cucumber (kg),Member,Female,2,0.96,1.92,Cash,Sahra Ibrahim,2024,3,March
INV100676,2024-03-15,Hodan-Taleex,Personal Care,Shampoo 400ml,Regular,Male,3,3.24,9.72,Cash,Fadumo Yusuf,2024,3,March
INV100761,2024-03-15,Hodan-Taleex,Dairy,Eggs Tray (30pcs),Member,Female,4,5.44,21.76,Evc Plus,Mohamed Ali,2024,3,March
INV100864,2024-03-15,Hamar Weyne,Personal Care,Shampoo 400ml,Regular,Male,2,3.78,7.56,Visa,Khadija Omar,2024,3,March
INV100824,2024-03-15,Hamar Weyne,Household,Laundry Detergent 1kg,Member,Male,8,3.27,26.16,Cash,Ahmed Abdi,2024,3,March
INV100969,2024-03-15,Hamar Weyne,Fruits,Orange (kg),Member,Male,6,1.8,10.8,Cash,Ahmed Abdi,2024,3,March
INV100786,2024-03-15,Hodan-Taleex,Snacks,Peanuts 200g,Regular,Male,1,1.2,1.2,Evc Plus,Abdirahman Nur,2024,3,March
INV100789,2024-03-15,Hamar Weyne,Snacks,Popcorn Pack,Member,Female,6,1.02,6.12,Evc Plus,Hodan Warsame,2024,3,March
INV100811,2024-03-15,Hamar Weyne,Dairy,Fresh Cream 200ml,Regular,Male,2,1.82,3.64,Cash,Hodan Warsame,2024,3,March
INV100913,2024-03-15,Laba Dhagax,Fruits,Banana (kg),Regular,Male,2,1.17,2.34,Cash,Yusuf Farah,2024,3,March
INV100951,2024-03-15,Hamar Weyne,Dairy,Eggs Tray (30pcs),Member,Male,2,4.56,9.12,Evc Plus,Khadija Omar,2024,3,March
INV100972,2024-03-15,Laba Dhagax,Fruits,Grapes (kg),Member,Female,4,3.94,15.76,Zaad,Sahra Ibrahim,2024,3,March
INV100726,2024-03-15,Laba Dhagax,Personal Care,Toothpaste,Member,Male,4,2.14,8.56,Zaad,Sahra Ibrahim,2024,3,March
INV100979,2024-03-16,Hamar Weyne,Personal Care,Toothpaste,Member,Female,8,1.98,15.84,Visa,Hodan Warsame,2024,3,March
INV100698,2024-03-16,Laba Dhagax,Dairy,Butter 250g,Member,Female,5,3.28,16.4,Zaad,Yusuf Farah,2024,3,March
INV100734,2024-03-16,Hodan-Taleex,Bakery,Cupcake,Regular,Male,4,0.86,3.44,Evc Plus,Amina Hassan,2024,3,March
INV100678,2024-03-16,Hamar Weyne,Household,Sugar 2kg,Regular,Female,2,3.15,6.3,Cash,Khadija Omar,2024,3,March
INV100801,2024-03-16,Hodan-Taleex,Fruits,Grapes (kg),Member,Female,8,3.49,27.92,Evc Plus,Abdirahman Nur,2024,3,March
INV100687,2024-03-16,Hamar Weyne,Fruits,Watermelon (each),Regular,Female,3,3.03,9.09,Evc Plus,Ahmed Abdi,2024,3,March
INV100745,2024-03-16,Laba Dhagax,Beverages,Black Tea Pack,Regular,Female,4,1.32,5.28,Zaad,Yusuf Farah,2024,3,March
INV100739,2024-03-16,Hamar Weyne,Beverages,Coffee 200g,Member,Female,7,3.95,27.65,Visa,Ahmed Abdi,2024,3,March
INV100686,2024-03-17,Hamar Weyne,Fruits,Banana (kg),Regular,Female,5,0.85,4.25,Evc Plus,Khadija Omar,2024,3,March
INV100783,2024-03-17,Hamar Weyne,Dairy,Cheese 200g,Member,Male,6,2.6,15.6,Zaad,Ahmed Abdi,2024,3,March
INV100699,2024-03-17,Hodan-Taleex,Household,Pasta 500g,Regular,Male,4,1.71,6.84,Zaad,Amina Hassan,2024,3,March
INV100790,2024-03-17,Hamar Weyne,Beverages,Apple Juice 1L,Member,Female,7,1.69,11.83,Zaad,Khadija Omar,2024,3,March
INV100822,2024-03-17,Hamar Weyne,Personal Care,Toothpaste,Regular,Female,2,1.96,3.92,Evc Plus,Ahmed Abdi,2024,3,March
INV100902,2024-03-17,Hodan-Taleex,Personal Care,Hand Sanitizer 100ml,Regular,Female,3,1.53,4.59,Visa,Mohamed Ali,2024,3,March
INV100719,2024-03-17,Hodan-Taleex,Fruits,Banana (kg),Member,Female,7,0.85,5.95,Evc Plus,Amina Hassan,2024,3,March
INV100863,2024-03-17,Hodan-Taleex,Personal Care,Toothpaste,Regular,Female,4,2.11,8.44,Evc Plus,Amina Hassan,2024,3,March
INV100827,2024-03-17,Hodan-Taleex,Fruits,Watermelon (each),Regular,Male,1,3.0,3.0,Evc Plus,Fadumo Yusuf,2024,3,March
INV100672,2024-03-17,Hodan-Taleex,Dairy,Milk 1L,Regular,Female,6,1.39,8.34,Evc Plus,Abdirahman Nur,2024,3,March
INV100911,2024-03-17,Hamar Weyne,Snacks,Peanuts 200g,Regular,Male,1,1.26,1.26,Evc Plus,Khadija Omar,2024,3,March
INV100988,2024-03-17,Hodan-Taleex,Snacks,Peanuts 200g,Member,Female,4,0.85,3.4,Cash,Amina Hassan,2024,3,March
INV100871,2024-03-17,Laba Dhagax,Vegetables,Tomato (kg),Member,Male,4,0.79,3.16,Evc Plus,Yusuf Farah,2024,3,March
INV100868,2024-03-17,Hodan-Taleex,Fruits,Mango (kg),Regular,Female,4,1.67,6.68,Evc Plus,Abdirahman Nur,2024,3,March
INV100673,2024-03-17,Hodan-Taleex,Beverages,Soft Drink Cola 500ml,Regular,Male,1,0.91,0.91,Evc Plus,Fadumo Yusuf,2024,3,March
INV100973,2024-03-17,Hamar Weyne,Beverages,Bottled Water 500ml,Regular,Male,3,0.48,1.44,Evc Plus,Khadija Omar,2024,3,March
INV100847,2024-03-17,Hamar Weyne,Snacks,Candy Pack,Regular,Male,6,0.76,4.56,Zaad,Ahmed Abdi,2024,3,March
INV100741,2024-03-17,Hamar Weyne,Beverages,Soft Drink Cola 500ml,Regular,Male,6,1.22,7.32,Evc Plus,Ahmed Abdi,2024,3,March
INV100723,2024-03-18,Hamar Weyne,Personal Care,Shampoo 400ml,Member,Female,4,2.82,11.28,Zaad,Khadija Omar,2024,3,March
INV100808,2024-03-18,Hodan-Taleex,Bakery,Biscuits Pack,Regular,Male,5,1.12,5.6,Evc Plus,Amina Hassan,2024,3,March
INV100856,2024-03-18,Hodan-Taleex,Snacks,Peanuts 200g,Member,Female,3,1.02,3.06,Evc Plus,Abdirahman Nur,2024,3,March
INV100740,2024-03-18,Hodan-Taleex,Household,Dish Soap 500ml,Regular,Female,2,1.87,3.74,Evc Plus,Fadumo Yusuf,2024,3,March
INV100920,2024-03-18,Laba Dhagax,Beverages,Bottled Water 500ml,Regular,Male,3,0.39,1.17,Evc Plus,Sahra Ibrahim,2024,3,March
INV100946,2024-03-18,Laba Dhagax,Bakery,Brown Bread,Regular,Female,2,0.83,1.66,Evc Plus,Sahra Ibrahim,2024,3,March
INV100820,2024-03-18,Hamar Weyne,Snacks,Peanuts 200g,Regular,Female,5,1.34,6.7,Evc Plus,Hodan Warsame,2024,3,March
INV100774,2024-03-18,Hodan-Taleex,Fruits,Grapes (kg),Regular,Female,6,2.97,17.82,Zaad,Abdirahman Nur,2024,3,March
INV100829,2024-03-18,Hodan-Taleex,Beverages,Coffee 200g,Regular,Female,6,3.03,18.18,Evc Plus,Fadumo Yusuf,2024,3,March
INV100763,2024-03-18,Laba Dhagax,Personal Care,Bar Soap,Member,Female,7,0.87,6.09,Evc Plus,Yusuf Farah,2024,3,March
INV100757,2024-03-18,Hodan-Taleex,Snacks,Potato Chips,Regular,Male,5,1.12,5.6,Evc Plus,Mohamed Ali,2024,3,March
INV100971,2024-03-18,Hodan-Taleex,Personal Care,Toothpaste,Member,Female,6,1.74,10.44,Zaad,Abdirahman Nur,2024,3,March
INV100917,2024-03-18,Laba Dhagax,Household,Pasta 500g,Regular,Female,5,1.51,7.55,Evc Plus,Yusuf Farah,2024,3,March
INV100743,2024-03-18,Hodan-Taleex,Fruits,Orange (kg),Regular,Female,1,1.41,1.41,Evc Plus,Mohamed Ali,2024,3,March
INV100704,2024-03-19,Laba Dhagax,Dairy,Eggs Tray (30pcs),Member,Male,8,5.05,40.4,Evc Plus,Yusuf Farah,2024,3,March
INV100701,2024-03-19,Laba Dhagax,Bakery,Brown Bread,Regular,Male,3,0.86,2.58,Evc Plus,Sahra Ibrahim,2024,3,March
INV100756,2024-03-19,Hamar Weyne,Household,Laundry Detergent 1kg,Regular,Male,4,3.19,12.76,Zaad,Ahmed Abdi,2024,3,March
INV100897,2024-03-19,Hodan-Taleex,Snacks,Potato Chips,Regular,Female,3,1.03,3.09,Zaad,Fadumo Yusuf,2024,3,March
INV100959,2024-03-19,Hamar Weyne,Household,Dish Soap 500ml,Regular,Female,5,1.7,8.5,Evc Plus,Khadija Omar,2024,3,March
INV100812,2024-03-19,Hodan-Taleex,Household,Cooking Oil 1L,Regular,Female,6,3.38,20.28,Evc Plus,Fadumo Yusuf,2024,3,March
INV100916,2024-03-19,Hamar Weyne,Vegetables,Carrot (kg),Regular,Male,6,0.97,5.82,Evc Plus,Ahmed Abdi,2024,3,March
INV100837,2024-03-19,Laba Dhagax,Beverages,Orange Juice 1L,Regular,Male,1,1.63,1.63,Evc Plus,Yusuf Farah,2024,3,March
INV100893,2024-03-19,Hodan-Taleex,Fruits,Watermelon (each),Member,Female,4,2.68,10.72,Evc Plus,Fadumo Yusuf,2024,3,March
INV100804,2024-03-19,Hodan-Taleex,Beverages,Bottled Water 500ml,Regular,Male,1,0.31,0.31,Evc Plus,Fadumo Yusuf,2024,3,March
INV100692,2024-03-19,Laba Dhagax,Fruits,Grapes (kg),Regular,Male,5,3.56,17.8,Cash,Yusuf Farah,2024,3,March
INV100873,2024-03-19,Hodan-Taleex,Snacks,Chocolate Bar,Member,Female,6,1.09,6.54,Visa,Amina Hassan,2024,3,March
INV100985,2024-03-19,Hamar Weyne,Beverages,Soft Drink Cola 500ml,Regular,Female,4,1.13,4.52,Cash,Hodan Warsame,2024,3,March
INV100975,2024-03-19,Laba Dhagax,Beverages,Orange Juice 1L,Member,Female,6,2.01,12.06,Evc Plus,Yusuf Farah,2024,3,March
INV100834,2024-03-20,Hodan-Taleex,Dairy,Milk 1L,Regular,Male,2,1.13,2.26,Visa,Fadumo Yusuf,2024,3,March
INV100841,2024-03-20,Hamar Weyne,Vegetables,Cucumber (kg),Member,Male,3,0.93,2.79,Evc Plus,Khadija Omar,2024,3,March
INV100776,2024-03-20,Laba Dhagax,Dairy,Cheese 200g,Regular,Female,5,3.32,16.6,Evc Plus,Yusuf Farah,2024,3,March
INV100840,2024-03-20,Hodan-Taleex,Personal Care,Toothpaste,Regular,Female,1,1.72,1.72,Zaad,Amina Hassan,2024,3,March
INV100994,2024-03-20,Laba Dhagax,Personal Care,Hand Sanitizer 100ml,Regular,Female,2,2.19,4.38,Evc Plus,Sahra Ibrahim,2024,3,March
INV100862,2024-03-20,Hodan-Taleex,Beverages,Sprite 500ml,Regular,Female,2,0.94,1.88,Zaad,Amina Hassan,2024,3,March
INV100865,2024-03-20,Hamar Weyne,Bakery,Donut,Regular,Female,2,0.61,1.22,Evc Plus,Hodan Warsame,2024,3,March
INV100944,2024-03-20,Hodan-Taleex,Dairy,Yogurt 500g,Regular,Male,4,1.29,5.16,Zaad,Amina Hassan,2024,3,March
INV100927,2024-03-20,Hodan-Taleex,Bakery,Brown Bread,Member,Female,2,0.95,1.9,Evc Plus,Mohamed Ali,2024,3,March
INV100845,2024-03-20,Hodan-Taleex,Bakery,Croissant,Member,Male,3,1.04,3.12,Zaad,Abdirahman Nur,2024,3,March
INV100860,2024-03-21,Hamar Weyne,Snacks,Peanuts 200g,Member,Male,3,1.03,3.09,Zaad,Khadija Omar,2024,3,March
INV100876,2024-03-21,Laba Dhagax,Vegetables,Cucumber (kg),Member,Male,4,0.63,2.52,Zaad,Sahra Ibrahim,2024,3,March
INV100817,2024-03-21,Hodan-Taleex,Bakery,Brown Bread,Member,Male,4,0.99,3.96,Evc Plus,Fadumo Yusuf,2024,3,March
INV100961,2024-03-21,Hodan-Taleex,Dairy,Milk 1L,Regular,Female,1,1.37,1.37,Evc Plus,Amina Hassan,2024,3,March
INV100839,2024-03-21,Hamar Weyne,Bakery,Biscuits Pack,Regular,Female,5,1.48,7.4,Evc Plus,Khadija Omar,2024,3,March
INV100705,2024-03-21,Hodan-Taleex,Snacks,Potato Chips,Regular,Male,2,1.06,2.12,Zaad,Mohamed Ali,2024,3,March
INV100993,2024-03-21,Laba Dhagax,Fruits,Mango (kg),Member,Male,4,1.48,5.92,Zaad,Yusuf Farah,2024,3,March
INV100901,2024-03-21,Hamar Weyne,Household,Laundry Detergent 1kg,Regular,Male,5,3.36,16.8,Evc Plus,Khadija Omar,2024,3,March
INV100664,2024-03-21,Hamar Weyne,Snacks,Candy Pack,Regular,Female,4,0.61,2.44,Evc Plus,Khadija Omar,2024,3,March
INV100852,2024-03-21,Laba Dhagax,Snacks,Biscuit Snack Pack,Member,Male,6,0.6,3.6,Cash,Sahra Ibrahim,2024,3,March
INV100747,2024-03-21,Hodan-Taleex,Beverages,Black Tea Pack,Member,Female,6,1.56,9.36,Visa,Amina Hassan,2024,3,March
INV100958,2024-03-21,Laba Dhagax,Snacks,Potato Chips,Regular,Male,1,0.77,0.77,Evc Plus,Sahra Ibrahim,2024,3,March
INV100818,2024-03-21,Laba Dhagax,Personal Care,Toothpaste,Regular,Male,1,2.35,2.35,Evc Plus,Sahra Ibrahim,2024,3,March
INV100791,2024-03-21,Hamar Weyne,Beverages,Coffee 200g,Regular,Male,5,3.57,17.85,Zaad,Hodan Warsame,2024,3,March
INV100912,2024-03-21,Laba Dhagax,Beverages,Coffee 200g,Regular,Female,5,2.81,14.05,Visa,Sahra Ibrahim,2024,3,March
INV100952,2024-03-21,Laba Dhagax,Dairy,Butter 250g,Member,Female,5,2.0,10.0,Zaad,Yusuf Farah,2024,3,March
INV100718,2024-03-21,Hodan-Taleex,Vegetables,Cucumber (kg),Regular,Male,2,0.88,1.76,Visa,Fadumo Yusuf,2024,3,March
INV100797,2024-03-22,Hamar Weyne,Vegetables,Tomato (kg),Regular,Female,3,0.71,2.13,Evc Plus,Ahmed Abdi,2024,3,March
INV100967,2024-03-22,Hodan-Taleex,Personal Care,Hand Sanitizer 100ml,Member,Female,7,1.66,11.62,Evc Plus,Amina Hassan,2024,3,March
INV100965,2024-03-22,Hamar Weyne,Snacks,Candy Pack,Regular,Female,2,0.58,1.16,Evc Plus,Hodan Warsame,2024,3,March
INV100681,2024-03-22,Laba Dhagax,Snacks,Biscuit Snack Pack,Regular,Male,2,0.86,1.72,Zaad,Sahra Ibrahim,2024,3,March
INV100956,2024-03-22,Hamar Weyne,Vegetables,Onion (kg),Regular,Female,1,0.65,0.65,Visa,Khadija Omar,2024,3,March
INV101001,2024-03-22,Hamar Weyne,Personal Care,Bar Soap,Regular,Male,4,0.79,3.16,Evc Plus,Hodan Warsame,2024,3,March
INV100764,2024-03-22,Hodan-Taleex,Bakery,Donut,Regular,Male,5,0.89,4.45,Evc Plus,Mohamed Ali,2024,3,March
INV100777,2024-03-22,Hamar Weyne,Personal Care,Hand Sanitizer 100ml,Member,Male,4,1.65,6.6,Evc Plus,Hodan Warsame,2024,3,March
INV100889,2024-03-22,Hamar Weyne,Vegetables,Cabbage (each),Member,Female,7,0.81,5.67,Evc Plus,Ahmed Abdi,2024,3,March
INV100770,2024-03-23,Hamar Weyne,Dairy,Fresh Cream 200ml,Member,Female,3,2.34,7.02,Evc Plus,Hodan Warsame,2024,3,March
INV100851,2024-03-23,Hodan-Taleex,Dairy,Fresh Cream 200ml,Member,Female,4,1.69,6.76,Visa,Amina Hassan,2024,3,March
INV100749,2024-03-23,Laba Dhagax,Fruits,Orange (kg),Regular,Female,6,1.53,9.18,Evc Plus,Yusuf Farah,2024,3,March
INV100738,2024-03-23,Laba Dhagax,Household,Dish Soap 500ml,Member,Female,6,1.62,9.72,Cash,Sahra Ibrahim,2024,3,March
INV100949,2024-03-23,Hamar Weyne,Snacks,Potato Chips,Member,Female,6,0.9,5.4,Visa,Hodan Warsame,2024,3,March
INV100888,2024-03-23,Laba Dhagax,Vegetables,Tomato (kg),Member,Male,5,1.19,5.95,Zaad,Yusuf Farah,2024,3,March
INV100857,2024-03-23,Laba Dhagax,Dairy,Butter 250g,Regular,Female,5,2.52,12.6,Evc Plus,Yusuf Farah,2024,3,March
INV100935,2024-03-23,Laba Dhagax,Fruits,Grapes (kg),Regular,Male,1,3.96,3.96,Zaad,Yusuf Farah,2024,3,March
INV100737,2024-03-23,Hodan-Taleex,Beverages,Sprite 500ml,Regular,Female,6,0.91,5.46,Visa,Amina Hassan,2024,3,March
INV100752,2024-03-23,Laba Dhagax,Beverages,Apple Juice 1L,Regular,Male,4,1.64,6.56,Zaad,Sahra Ibrahim,2024,3,March
INV100962,2024-03-23,Hodan-Taleex,Fruits,Watermelon (each),Member,Female,8,2.55,20.4,Cash,Amina Hassan,2024,3,March
INV100751,2024-03-23,Hodan-Taleex,Household,Pasta 500g,Regular,Female,5,1.42,7.1,Zaad,Fadumo Yusuf,2024,3,March
INV100923,2024-03-23,Hamar Weyne,Vegetables,Onion (kg),Member,Female,5,0.72,3.6,Zaad,Hodan Warsame,2024,3,March
INV101000,2024-03-24,Hodan-Taleex,Dairy,Milk 1L,Member,Female,6,1.39,8.34,Cash,Mohamed Ali,2024,3,March
INV100964,2024-03-24,Laba Dhagax,Beverages,Sprite 500ml,Member,Male,6,0.8,4.8,Zaad,Yusuf Farah,2024,3,March
INV100835,2024-03-24,Hamar Weyne,Bakery,White Bread,Regular,Male,4,0.92,3.68,Evc Plus,Ahmed Abdi,2024,3,March
INV100947,2024-03-24,Hamar Weyne,Personal Care,Body Lotion 200ml,Member,Female,8,3.84,30.72,Evc Plus,Ahmed Abdi,2024,3,March
INV100999,2024-03-24,Hodan-Taleex,Vegetables,Carrot (kg),Regular,Female,1,0.87,0.87,Evc Plus,Fadumo Yusuf,2024,3,March
INV100990,2024-03-24,Hamar Weyne,Vegetables,Tomato (kg),Regular,Male,5,1.01,5.05,Evc Plus,Khadija Omar,2024,3,March
INV100909,2024-03-24,Hodan-Taleex,Bakery,Brown Bread,Member,Male,7,0.8,5.6,Evc Plus,Amina Hassan,2024,3,March
INV100978,2024-03-24,Hamar Weyne,Snacks,Biscuit Snack Pack,Member,Female,6,0.97,5.82,Zaad,Hodan Warsame,2024,3,March
INV100950,2024-03-24,Hodan-Taleex,Bakery,Donut,Regular,Male,5,0.74,3.7,Evc Plus,Abdirahman Nur,2024,3,March
INV100733,2024-03-24,Hodan-Taleex,Vegetables,Onion (kg),Regular,Male,1,0.67,0.67,Zaad,Abdirahman Nur,2024,3,March
INV100762,2024-03-24,Hodan-Taleex,Bakery,Brown Bread,Member,Female,6,0.98,5.88,Evc Plus,Mohamed Ali,2024,3,March
INV100938,2024-03-24,Hamar Weyne,Fruits,Grapes (kg),Regular,Female,3,2.74,8.22,Evc Plus,Khadija Omar,2024,3,March
INV100708,2024-03-24,Hamar Weyne,Bakery,Donut,Regular,Male,6,0.6,3.6,Evc Plus,Ahmed Abdi,2024,3,March
INV100869,2024-03-24,Hodan-Taleex,Personal Care,Toothbrush,Regular,Male,1,1.18,1.18,Evc Plus,Amina Hassan,2024,3,March
INV100849,2024-03-24,Hodan-Taleex,Personal Care,Hand Sanitizer 100ml,Regular,Female,3,1.79,5.37,Evc Plus,Abdirahman Nur,2024,3,March
INV100805,2024-03-24,Hodan-Taleex,Snacks,Candy Pack,Member,Male,4,0.58,2.32,Zaad,Abdirahman Nur,2024,3,March
INV100987,2024-03-24,Hodan-Taleex,Bakery,Brown Bread,Regular,Female,1,0.89,0.89,Evc Plus,Mohamed Ali,2024,3,March
INV100970,2024-03-25,Hodan-Taleex,Fruits,Apple (kg),Member,Female,8,1.87,14.96,Evc Plus,Fadumo Yusuf,2024,3,March
INV100682,2024-03-25,Hodan-Taleex,Dairy,Eggs Tray (30pcs),Regular,Female,5,3.54,17.7,Zaad,Mohamed Ali,2024,3,March
INV100725,2024-03-25,Hodan-Taleex,Bakery,White Bread,Regular,Female,2,0.98,1.96,Evc Plus,Amina Hassan,2024,3,March
INV100907,2024-03-25,Laba Dhagax,Household,Sugar 2kg,Member,Female,4,3.07,12.28,Cash,Yusuf Farah,2024,3,March
INV100800,2024-03-25,Hodan-Taleex,Household,Laundry Detergent 1kg,Regular,Female,5,2.63,13.15,Zaad,Fadumo Yusuf,2024,3,March
INV100689,2024-03-25,Hodan-Taleex,Household,Flour 2kg,Regular,Female,2,1.98,3.96,Evc Plus,Fadumo Yusuf,2024,3,March
INV100707,2024-03-25,Hodan-Taleex,Personal Care,Toothpaste,Regular,Female,1,2.39,2.39,Visa,Mohamed Ali,2024,3,March
INV100874,2024-03-25,Hodan-Taleex,Personal Care,Bar Soap,Regular,Female,4,0.78,3.12,Cash,Fadumo Yusuf,2024,3,March
INV100775,2024-03-25,Hamar Weyne,Beverages,Bottled Water 500ml,Member,Female,3,0.49,1.47,Visa,Hodan Warsame,2024,3,March
INV100754,2024-03-26,Hodan-Taleex,Bakery,White Bread,Regular,Female,2,0.78,1.56,Zaad,Mohamed Ali,2024,3,March
INV100744,2024-03-26,Hodan-Taleex,Vegetables,Tomato (kg),Regular,Male,1,0.93,0.93,Evc Plus,Abdirahman Nur,2024,3,March
INV100941,2024-03-26,Laba Dhagax,Household,Pasta 500g,Member,Female,4,1.01,4.04,Zaad,Sahra Ibrahim,2024,3,March
INV100693,2024-03-26,Hodan-Taleex,Fruits,Orange (kg),Regular,Male,6,1.43,8.58,Cash,Mohamed Ali,2024,3,March
INV100683,2024-03-26,Hodan-Taleex,Vegetables,Cucumber (kg),Regular,Male,6,0.67,4.02,Zaad,Amina Hassan,2024,3,March
INV100802,2024-03-26,Hodan-Taleex,Snacks,Candy Pack,Regular,Male,2,0.8,1.6,Zaad,Mohamed Ali,2024,3,March
INV100995,2024-03-27,Hamar Weyne,Household,Cooking Oil 1L,Regular,Male,4,2.57,10.28,Zaad,Khadija Omar,2024,3,March
INV100981,2024-03-27,Hodan-Taleex,Beverages,Black Tea Pack,Regular,Male,3,1.35,4.05,Evc Plus,Abdirahman Nur,2024,3,March
INV100954,2024-03-27,Hodan-Taleex,Fruits,Apple (kg),Regular,Male,6,2.47,14.82,Evc Plus,Mohamed Ali,2024,3,March
INV100670,2024-03-27,Hamar Weyne,Bakery,Brown Bread,Member,Female,7,0.88,6.16,Evc Plus,Hodan Warsame,2024,3,March
INV100716,2024-03-27,Laba Dhagax,Household,Sugar 2kg,Regular,Male,6,2.13,12.78,Evc Plus,Sahra Ibrahim,2024,3,March
INV100767,2024-03-27,Hodan-Taleex,Household,Rice 5kg,Member,Female,7,8.74,61.18,Visa,Abdirahman Nur,2024,3,March
INV100882,2024-03-27,Hamar Weyne,Dairy,Yogurt 500g,Member,Female,3,1.43,4.29,Evc Plus,Ahmed Abdi,2024,3,March
INV100674,2024-03-27,Hamar Weyne,Bakery,Brown Bread,Regular,Male,2,0.78,1.56,Zaad,Khadija Omar,2024,3,March
INV100934,2024-03-27,Hodan-Taleex,Snacks,Candy Pack,Regular,Female,2,0.58,1.16,Cash,Amina Hassan,2024,3,March
INV100884,2024-03-28,Hodan-Taleex,Household,Laundry Detergent 1kg,Member,Female,6,2.51,15.06,Evc Plus,Amina Hassan,2024,3,March
INV100890,2024-03-28,Hamar Weyne,Fruits,Grapes (kg),Regular,Male,3,3.04,9.12,Evc Plus,Hodan Warsame,2024,3,March
INV100669,2024-03-28,Hodan-Taleex,Dairy,Eggs Tray (30pcs),Regular,Female,6,4.87,29.22,Evc Plus,Fadumo Yusuf,2024,3,March
INV100982,2024-03-28,Hamar Weyne,Vegetables,Onion (kg),Regular,Male,2,0.97,1.94,Evc Plus,Khadija Omar,2024,3,March
INV100908,2024-03-28,Hamar Weyne,Personal Care,Toothbrush,Regular,Female,4,0.92,3.68,Evc Plus,Khadija Omar,2024,3,March
INV100748,2024-03-28,Hodan-Taleex,Fruits,Orange (kg),Regular,Female,1,1.65,1.65,Cash,Abdirahman Nur,2024,3,March
INV100996,2024-03-28,Laba Dhagax,Bakery,Donut,Member,Female,3,0.9,2.7,Zaad,Sahra Ibrahim,2024,3,March
INV100679,2024-03-29,Hamar Weyne,Snacks,Peanuts 200g,Member,Female,4,0.9,3.6,Evc Plus,Ahmed Abdi,2024,3,March
INV100832,2024-03-29,Hodan-Taleex,Fruits,Mango (kg),Regular,Female,4,1.83,7.32,Evc Plus,Abdirahman Nur,2024,3,March
INV100885,2024-03-29,Hodan-Taleex,Vegetables,Cucumber (kg),Member,Female,6,0.73,4.38,Visa,Amina Hassan,2024,3,March
INV100666,2024-03-29,Hamar Weyne,Household,Cooking Oil 1L,Regular,Female,1,3.09,3.09,Evc Plus,Hodan Warsame,2024,3,March
INV100875,2024-03-29,Hodan-Taleex,Personal Care,Body Lotion 200ml,Regular,Female,4,3.52,14.08,Evc Plus,Mohamed Ali,2024,3,March
INV100784,2024-03-29,Hodan-Taleex,Vegetables,Onion (kg),Regular,Female,1,0.77,0.77,Cash,Mohamed Ali,2024,3,March
INV100821,2024-03-29,Laba Dhagax,Household,Flour 2kg,Regular,Male,3,2.27,6.81,Zaad,Yusuf Farah,2024,3,March
INV100830,2024-03-29,Laba Dhagax,Fruits,Grapes (kg),Regular,Female,3,3.38,10.14,Evc Plus,Sahra Ibrahim,2024,3,March
INV100712,2024-03-30,Hamar Weyne,Snacks,Potato Chips,Regular,Female,2,0.83,1.66,Cash,Khadija Omar,2024,3,March
INV100758,2024-03-30,Hodan-Taleex,Household,Rice 5kg,Regular,Female,5,8.84,44.2,Zaad,Abdirahman Nur,2024,3,March
INV100803,2024-03-30,Hodan-Taleex,Household,Pasta 500g,Member,Male,4,1.54,6.16,Cash,Fadumo Yusuf,2024,3,March
INV100675,2024-03-30,Laba Dhagax,Beverages,Soft Drink Cola 500ml,Member,Male,2,0.98,1.96,Evc Plus,Sahra Ibrahim,2024,3,March
INV100925,2024-03-30,Laba Dhagax,Vegetables,Potato (kg),Regular,Male,5,0.91,4.55,Zaad,Sahra Ibrahim,2024,3,March
INV100904,2024-03-30,Hodan-Taleex,Household,Pasta 500g,Regular,Male,2,1.51,3.02,Zaad,Abdirahman Nur,2024,3,March
INV100773,2024-03-30,Hodan-Taleex,Snacks,Chocolate Bar,Member,Female,7,1.0,7.0,Evc Plus,Mohamed Ali,2024,3,March
INV100667,2024-03-30,Hodan-Taleex,Personal Care,Bar Soap,Member,Male,2,0.87,1.74,Evc Plus,Fadumo Yusuf,2024,3,March
INV100781,2024-03-30,Hamar Weyne,Bakery,Croissant,Member,Female,6,0.83,4.98,Evc Plus,Hodan Warsame,2024,3,March
INV100997,2024-03-30,Hamar Weyne,Bakery,White Bread,Regular,Male,2,0.98,1.96,Evc Plus,Hodan Warsame,2024,3,March
INV100819,2024-03-30,Hamar Weyne,Household,Rice 5kg,Member,Female,8,8.27,66.16,Evc Plus,Hodan Warsame,2024,3,March
INV100891,2024-03-31,Hamar Weyne,Bakery,Biscuits Pack,Member,Female,3,0.99,2.97,Zaad,Khadija Omar,2024,3,March
INV100872,2024-03-31,Hamar Weyne,Snacks,Peanuts 200g,Member,Male,6,0.98,5.88,Evc Plus,Hodan Warsame,2024,3,March
INV100825,2024-03-31,Laba Dhagax,Bakery,Biscuits Pack,Regular,Male,6,1.31,7.86,Zaad,Sahra Ibrahim,2024,3,March
INV100877,2024-03-31,Hodan-Taleex,Household,Laundry Detergent 1kg,Member,Male,8,2.97,23.76,Zaad,Mohamed Ali,2024,3,March
INV100765,2024-03-31,Hodan-Taleex,Household,Laundry Detergent 1kg,Regular,Male,6,3.48,20.88,Evc Plus,Fadumo Yusuf,2024,3,March
INV101150,2024-04-01,Hamar Weyne,Dairy,Cheese 200g,Regular,Female,3,2.79,8.37,Evc Plus,Khadija Omar,2024,4,April
INV101171,2024-04-01,Hodan-Taleex,Personal Care,Toothbrush,Member,Male,3,0.82,2.46,Cash,Abdirahman Nur,2024,4,April
INV101021,2024-04-01,Hodan-Taleex,Bakery,Croissant,Member,Male,2,0.87,1.74,Zaad,Fadumo Yusuf,2024,4,April
INV101344,2024-04-01,Hodan-Taleex,Vegetables,Tomato (kg),Regular,Male,1,0.77,0.77,Evc Plus,Mohamed Ali,2024,4,April
INV101287,2024-04-01,Hodan-Taleex,Household,Rice 5kg,Regular,Male,2,8.51,17.02,Visa,Mohamed Ali,2024,4,April
INV101308,2024-04-01,Hodan-Taleex,Beverages,Coffee 200g,Regular,Male,1,3.5,3.5,Evc Plus,Amina Hassan,2024,4,April
INV101216,2024-04-01,Hodan-Taleex,Personal Care,Shampoo 400ml,Regular,Female,5,3.99,19.95,Evc Plus,Mohamed Ali,2024,4,April
INV101299,2024-04-01,Hamar Weyne,Beverages,Sprite 500ml,Regular,Female,6,0.93,5.58,Evc Plus,Hodan Warsame,2024,4,April
INV101326,2024-04-01,Laba Dhagax,Dairy,Eggs Tray (30pcs),Member,Male,7,4.44,31.08,Zaad,Yusuf Farah,2024,4,April
INV101076,2024-04-01,Laba Dhagax,Personal Care,Hand Sanitizer 100ml,Member,Male,2,1.64,3.28,Evc Plus,Sahra Ibrahim,2024,4,April
INV101116,2024-04-01,Hamar Weyne,Bakery,Brown Bread,Member,Male,2,0.73,1.46,Evc Plus,Ahmed Abdi,2024,4,April
INV101208,2024-04-01,Hodan-Taleex,Household,Rice 5kg,Member,Female,8,7.89,63.12,Cash,Mohamed Ali,2024,4,April
INV101234,2024-04-01,Hodan-Taleex,Fruits,Mango (kg),Regular,Female,4,1.79,7.16,Zaad,Abdirahman Nur,2024,4,April
INV101184,2024-04-02,Hamar Weyne,Bakery,Cupcake,Regular,Female,2,0.87,1.74,Evc Plus,Ahmed Abdi,2024,4,April
INV101283,2024-04-02,Laba Dhagax,Beverages,Sprite 500ml,Regular,Male,4,1.13,4.52,Zaad,Sahra Ibrahim,2024,4,April
INV101314,2024-04-02,Hodan-Taleex,Vegetables,Carrot (kg),Regular,Female,4,0.92,3.68,Cash,Abdirahman Nur,2024,4,April
INV101156,2024-04-02,Hamar Weyne,Personal Care,Hand Sanitizer 100ml,Regular,Male,4,1.59,6.36,Zaad,Khadija Omar,2024,4,April
INV101177,2024-04-02,Laba Dhagax,Dairy,Yogurt 500g,Regular,Male,1,1.37,1.37,Evc Plus,Sahra Ibrahim,2024,4,April
INV101130,2024-04-02,Hamar Weyne,Household,Pasta 500g,Member,Female,6,1.14,6.84,Zaad,Hodan Warsame,2024,4,April
INV101135,2024-04-02,Laba Dhagax,Snacks,Potato Chips,Member,Male,8,1.01,8.08,Zaad,Sahra Ibrahim,2024,4,April
INV101364,2024-04-02,Hodan-Taleex,Vegetables,Carrot (kg),Regular,Female,6,0.9,5.4,Evc Plus,Mohamed Ali,2024,4,April
INV101200,2024-04-02,Hamar Weyne,Dairy,Cheese 200g,Member,Male,5,3.38,16.9,Zaad,Khadija Omar,2024,4,April
INV101110,2024-04-02,Hamar Weyne,Dairy,Fresh Cream 200ml,Member,Male,4,2.4,9.6,Zaad,Hodan Warsame,2024,4,April
INV101284,2024-04-02,Hodan-Taleex,Beverages,Coffee 200g,Regular,Male,6,3.53,21.18,Evc Plus,Mohamed Ali,2024,4,April
INV101359,2024-04-02,Hamar Weyne,Household,Flour 2kg,Regular,Male,6,2.59,15.54,Evc Plus,Hodan Warsame,2024,4,April
INV101143,2024-04-02,Hamar Weyne,Fruits,Grapes (kg),Regular,Female,5,3.52,17.6,Cash,Khadija Omar,2024,4,April
INV101173,2024-04-02,Hodan-Taleex,Snacks,Potato Chips,Member,Female,2,0.77,1.54,Evc Plus,Fadumo Yusuf,2024,4,April
INV101248,2024-04-02,Laba Dhagax,Fruits,Orange (kg),Regular,Male,6,1.38,8.28,Evc Plus,Yusuf Farah,2024,4,April
INV101080,2024-04-02,Laba Dhagax,Personal Care,Shampoo 400ml,Regular,Male,1,3.12,3.12,Zaad,Yusuf Farah,2024,4,April
INV101195,2024-04-02,Hodan-Taleex,Household,Cooking Oil 1L,Regular,Female,1,2.66,2.66,Evc Plus,Fadumo Yusuf,2024,4,April
INV101211,2024-04-02,Hamar Weyne,Beverages,Apple Juice 1L,Member,Female,7,2.27,15.89,Evc Plus,Hodan Warsame,2024,4,April
INV101155,2024-04-03,Hamar Weyne,Personal Care,Bar Soap,Regular,Female,3,0.58,1.74,Evc Plus,Khadija Omar,2024,4,April
INV101196,2024-04-03,Hodan-Taleex,Bakery,Cupcake,Regular,Male,4,0.71,2.84,Visa,Mohamed Ali,2024,4,April
INV101277,2024-04-03,Laba Dhagax,Bakery,Donut,Member,Male,5,0.78,3.9,Evc Plus,Sahra Ibrahim,2024,4,April
INV101182,2024-04-03,Hodan-Taleex,Dairy,Milk 1L,Regular,Male,5,1.14,5.7,Evc Plus,Fadumo Yusuf,2024,4,April
INV101251,2024-04-03,Laba Dhagax,Household,Rice 5kg,Regular,Male,3,7.09,21.27,Evc Plus,Sahra Ibrahim,2024,4,April
INV101105,2024-04-03,Hamar Weyne,Fruits,Apple (kg),Member,Female,7,2.16,15.12,Evc Plus,Khadija Omar,2024,4,April
INV101148,2024-04-03,Hamar Weyne,Snacks,Peanuts 200g,Member,Male,7,0.81,5.67,Cash,Khadija Omar,2024,4,April
INV101189,2024-04-03,Hodan-Taleex,Household,Sugar 2kg,Regular,Male,6,2.6,15.6,Zaad,Amina Hassan,2024,4,April
INV101266,2024-04-03,Hamar Weyne,Beverages,Orange Juice 1L,Regular,Male,3,1.99,5.97,Evc Plus,Hodan Warsame,2024,4,April
INV101259,2024-04-03,Hamar Weyne,Fruits,Orange (kg),Regular,Male,5,1.6,8.0,Visa,Ahmed Abdi,2024,4,April
INV101046,2024-04-03,Hamar Weyne,Household,Rice 5kg,Regular,Female,4,7.73,30.92,Zaad,Hodan Warsame,2024,4,April
INV101160,2024-04-03,Hamar Weyne,Personal Care,Shampoo 400ml,Regular,Female,1,2.57,2.57,Evc Plus,Khadija Omar,2024,4,April
INV101060,2024-04-04,Laba Dhagax,Bakery,White Bread,Regular,Male,4,0.85,3.4,Zaad,Sahra Ibrahim,2024,4,April
INV101313,2024-04-04,Hodan-Taleex,Personal Care,Body Lotion 200ml,Member,Male,5,3.82,19.1,Evc Plus,Amina Hassan,2024,4,April
INV101158,2024-04-04,Hamar Weyne,Household,Cooking Oil 1L,Regular,Female,2,3.47,6.94,Zaad,Hodan Warsame,2024,4,April
INV101280,2024-04-04,Hodan-Taleex,Personal Care,Shampoo 400ml,Regular,Female,1,3.99,3.99,Zaad,Mohamed Ali,2024,4,April
INV101292,2024-04-04,Laba Dhagax,Fruits,Watermelon (each),Member,Male,5,3.01,15.05,Evc Plus,Yusuf Farah,2024,4,April
INV101006,2024-04-04,Hodan-Taleex,Dairy,Cheese 200g,Regular,Female,5,3.96,19.8,Evc Plus,Abdirahman Nur,2024,4,April
INV101192,2024-04-04,Laba Dhagax,Vegetables,Cabbage (each),Regular,Male,3,0.83,2.49,Evc Plus,Sahra Ibrahim,2024,4,April
INV101354,2024-04-04,Laba Dhagax,Personal Care,Toothbrush,Member,Male,5,0.95,4.75,Evc Plus,Yusuf Farah,2024,4,April
INV101159,2024-04-04,Laba Dhagax,Snacks,Candy Pack,Regular,Female,2,0.75,1.5,Cash,Sahra Ibrahim,2024,4,April
INV101306,2024-04-04,Hodan-Taleex,Snacks,Chocolate Bar,Regular,Female,2,1.06,2.12,Evc Plus,Abdirahman Nur,2024,4,April
INV101332,2024-04-04,Hodan-Taleex,Household,Cooking Oil 1L,Regular,Male,6,3.77,22.62,Evc Plus,Mohamed Ali,2024,4,April
INV101231,2024-04-04,Laba Dhagax,Dairy,Fresh Cream 200ml,Regular,Male,1,1.66,1.66,Visa,Sahra Ibrahim,2024,4,April
INV101253,2024-04-05,Hodan-Taleex,Household,Sugar 2kg,Member,Male,7,2.43,17.01,Evc Plus,Fadumo Yusuf,2024,4,April
INV101263,2024-04-05,Hamar Weyne,Vegetables,Cabbage (each),Regular,Male,1,1.27,1.27,Evc Plus,Ahmed Abdi,2024,4,April
INV101181,2024-04-05,Hodan-Taleex,Fruits,Apple (kg),Regular,Male,6,2.08,12.48,Evc Plus,Abdirahman Nur,2024,4,April
INV101117,2024-04-05,Hodan-Taleex,Personal Care,Toothpaste,Member,Female,7,1.94,13.58,Evc Plus,Mohamed Ali,2024,4,April
INV101070,2024-04-05,Hamar Weyne,Household,Laundry Detergent 1kg,Regular,Female,3,2.6,7.8,Zaad,Ahmed Abdi,2024,4,April
INV101014,2024-04-05,Hamar Weyne,Household,Cooking Oil 1L,Member,Male,5,2.86,14.3,Cash,Ahmed Abdi,2024,4,April
INV101136,2024-04-05,Laba Dhagax,Beverages,Black Tea Pack,Regular,Male,5,1.93,9.65,Cash,Yusuf Farah,2024,4,April
INV101131,2024-04-05,Hodan-Taleex,Personal Care,Toothbrush,Regular,Male,3,1.14,3.42,Cash,Fadumo Yusuf,2024,4,April
INV101233,2024-04-05,Laba Dhagax,Dairy,Fresh Cream 200ml,Regular,Female,6,2.04,12.24,Cash,Sahra Ibrahim,2024,4,April
INV101161,2024-04-05,Hodan-Taleex,Personal Care,Hand Sanitizer 100ml,Regular,Female,1,2.1,2.1,Evc Plus,Fadumo Yusuf,2024,4,April
INV101276,2024-04-05,Hodan-Taleex,Vegetables,Onion (kg),Regular,Female,2,0.65,1.3,Evc Plus,Abdirahman Nur,2024,4,April
INV101237,2024-04-05,Hodan-Taleex,Household,Rice 5kg,Regular,Female,4,7.41,29.64,Evc Plus,Abdirahman Nur,2024,4,April
INV101084,2024-04-05,Hamar Weyne,Fruits,Apple (kg),Regular,Female,6,1.62,9.72,Evc Plus,Ahmed Abdi,2024,4,April
INV101245,2024-04-05,Hodan-Taleex,Personal Care,Hand Sanitizer 100ml,Regular,Male,4,2.13,8.52,Evc Plus,Abdirahman Nur,2024,4,April
INV101346,2024-04-05,Laba Dhagax,Household,Flour 2kg,Regular,Male,2,1.99,3.98,Visa,Yusuf Farah,2024,4,April
INV101281,2024-04-05,Hamar Weyne,Bakery,Brown Bread,Member,Male,7,0.79,5.53,Evc Plus,Hodan Warsame,2024,4,April
INV101307,2024-04-05,Hamar Weyne,Dairy,Butter 250g,Regular,Female,4,2.35,9.4,Cash,Hodan Warsame,2024,4,April
INV101086,2024-04-05,Hodan-Taleex,Dairy,Milk 1L,Regular,Female,5,1.25,6.25,Evc Plus,Amina Hassan,2024,4,April
INV101024,2024-04-06,Hamar Weyne,Bakery,Brown Bread,Regular,Female,6,0.96,5.76,Zaad,Khadija Omar,2024,4,April
INV101288,2024-04-06,Hamar Weyne,Bakery,Croissant,Member,Female,6,0.97,5.82,Evc Plus,Hodan Warsame,2024,4,April
INV101317,2024-04-06,Hodan-Taleex,Household,Dish Soap 500ml,Member,Female,5,1.65,8.25,Evc Plus,Abdirahman Nur,2024,4,April
INV101128,2024-04-06,Hodan-Taleex,Vegetables,Onion (kg),Member,Female,8,0.75,6.0,Evc Plus,Fadumo Yusuf,2024,4,April
INV101050,2024-04-06,Hamar Weyne,Fruits,Orange (kg),Regular,Male,1,1.09,1.09,Evc Plus,Khadija Omar,2024,4,April
INV101188,2024-04-06,Laba Dhagax,Snacks,Popcorn Pack,Member,Female,5,0.8,4.0,Evc Plus,Yusuf Farah,2024,4,April
INV101036,2024-04-06,Hodan-Taleex,Vegetables,Tomato (kg),Regular,Female,3,0.93,2.79,Evc Plus,Mohamed Ali,2024,4,April
INV101147,2024-04-06,Laba Dhagax,Snacks,Popcorn Pack,Regular,Female,6,0.98,5.88,Evc Plus,Sahra Ibrahim,2024,4,April
INV101041,2024-04-06,Hodan-Taleex,Snacks,Biscuit Snack Pack,Member,Male,3,0.95,2.85,Evc Plus,Fadumo Yusuf,2024,4,April
INV101101,2024-04-06,Hodan-Taleex,Vegetables,Potato (kg),Regular,Female,5,0.88,4.4,Zaad,Abdirahman Nur,2024,4,April
INV101239,2024-04-06,Laba Dhagax,Bakery,Croissant,Member,Female,4,1.03,4.12,Evc Plus,Sahra Ibrahim,2024,4,April
INV101329,2024-04-07,Laba Dhagax,Bakery,Cupcake,Regular,Female,3,0.89,2.67,Evc Plus,Yusuf Farah,2024,4,April
INV101330,2024-04-07,Hodan-Taleex,Household,Pasta 500g,Member,Male,8,1.68,13.44,Cash,Abdirahman Nur,2024,4,April
INV101335,2024-04-07,Hamar Weyne,Fruits,Banana (kg),Member,Female,7,1.07,7.49,Evc Plus,Ahmed Abdi,2024,4,April
INV101059,2024-04-07,Hodan-Taleex,Bakery,Biscuits Pack,Member,Male,7,1.0,7.0,Zaad,Abdirahman Nur,2024,4,April
INV101199,2024-04-07,Hodan-Taleex,Beverages,Coffee 200g,Regular,Male,6,3.33,19.98,Evc Plus,Mohamed Ali,2024,4,April
INV101291,2024-04-07,Hodan-Taleex,Personal Care,Body Lotion 200ml,Member,Male,7,2.65,18.55,Evc Plus,Mohamed Ali,2024,4,April
INV101255,2024-04-07,Hamar Weyne,Fruits,Banana (kg),Member,Female,8,1.08,8.64,Evc Plus,Khadija Omar,2024,4,April
INV101043,2024-04-07,Hamar Weyne,Household,Pasta 500g,Member,Male,2,1.72,3.44,Cash,Khadija Omar,2024,4,April
INV101015,2024-04-07,Hodan-Taleex,Fruits,Banana (kg),Regular,Female,4,1.07,4.28,Zaad,Abdirahman Nur,2024,4,April
INV101302,2024-04-07,Hodan-Taleex,Personal Care,Toothbrush,Regular,Male,1,1.05,1.05,Evc Plus,Amina Hassan,2024,4,April
INV101055,2024-04-07,Hodan-Taleex,Fruits,Orange (kg),Regular,Female,5,1.17,5.85,Evc Plus,Fadumo Yusuf,2024,4,April
INV101069,2024-04-07,Hamar Weyne,Household,Laundry Detergent 1kg,Regular,Female,5,3.3,16.5,Cash,Ahmed Abdi,2024,4,April
INV101224,2024-04-08,Hodan-Taleex,Snacks,Peanuts 200g,Member,Male,3,1.39,4.17,Evc Plus,Amina Hassan,2024,4,April
INV101026,2024-04-08,Laba Dhagax,Vegetables,Onion (kg),Regular,Male,3,1.08,3.24,Evc Plus,Sahra Ibrahim,2024,4,April
INV101322,2024-04-08,Hamar Weyne,Vegetables,Onion (kg),Member,Female,2,0.93,1.86,Visa,Khadija Omar,2024,4,April
INV101190,2024-04-08,Hamar Weyne,Fruits,Banana (kg),Regular,Female,4,0.8,3.2,Cash,Ahmed Abdi,2024,4,April
INV101022,2024-04-08,Hamar Weyne,Household,Cooking Oil 1L,Regular,Female,5,3.35,16.75,Evc Plus,Ahmed Abdi,2024,4,April
INV101025,2024-04-08,Hodan-Taleex,Snacks,Potato Chips,Member,Female,3,0.83,2.49,Zaad,Abdirahman Nur,2024,4,April
INV101028,2024-04-08,Laba Dhagax,Personal Care,Bar Soap,Member,Female,8,0.73,5.84,Zaad,Yusuf Farah,2024,4,April
INV101045,2024-04-08,Laba Dhagax,Snacks,Candy Pack,Regular,Male,5,0.85,4.25,Evc Plus,Yusuf Farah,2024,4,April
INV101352,2024-04-08,Hamar Weyne,Snacks,Popcorn Pack,Regular,Female,4,1.05,4.2,Evc Plus,Hodan Warsame,2024,4,April
INV101293,2024-04-08,Hodan-Taleex,Fruits,Mango (kg),Regular,Female,4,1.37,5.48,Zaad,Mohamed Ali,2024,4,April
INV101235,2024-04-08,Hodan-Taleex,Bakery,Donut,Regular,Male,1,0.95,0.95,Cash,Fadumo Yusuf,2024,4,April
INV101267,2024-04-09,Hodan-Taleex,Household,Rice 5kg,Regular,Female,5,7.81,39.05,Evc Plus,Fadumo Yusuf,2024,4,April
INV101226,2024-04-09,Hodan-Taleex,Personal Care,Body Lotion 200ml,Member,Male,4,3.03,12.12,Evc Plus,Mohamed Ali,2024,4,April
INV101129,2024-04-09,Hodan-Taleex,Personal Care,Bar Soap,Regular,Female,6,0.89,5.34,Evc Plus,Amina Hassan,2024,4,April
INV101270,2024-04-09,Hodan-Taleex,Personal Care,Bar Soap,Member,Male,4,0.58,2.32,Evc Plus,Abdirahman Nur,2024,4,April
INV101153,2024-04-09,Hamar Weyne,Snacks,Biscuit Snack Pack,Regular,Male,1,0.88,0.88,Zaad,Ahmed Abdi,2024,4,April
INV101057,2024-04-09,Hamar Weyne,Dairy,Fresh Cream 200ml,Regular,Female,5,2.35,11.75,Zaad,Ahmed Abdi,2024,4,April
INV101047,2024-04-09,Hamar Weyne,Household,Sugar 2kg,Member,Male,3,3.06,9.18,Evc Plus,Ahmed Abdi,2024,4,April
INV101357,2024-04-09,Hamar Weyne,Vegetables,Potato (kg),Regular,Female,6,0.7,4.2,Evc Plus,Ahmed Abdi,2024,4,April
INV101083,2024-04-09,Hamar Weyne,Dairy,Milk 1L,Regular,Female,2,1.15,2.3,Cash,Ahmed Abdi,2024,4,April
INV101132,2024-04-09,Hodan-Taleex,Dairy,Eggs Tray (30pcs),Regular,Female,2,4.73,9.46,Cash,Amina Hassan,2024,4,April
INV101154,2024-04-09,Hamar Weyne,Vegetables,Cabbage (each),Member,Male,7,1.07,7.49,Evc Plus,Khadija Omar,2024,4,April
INV101194,2024-04-09,Hodan-Taleex,Beverages,Soft Drink Cola 500ml,Regular,Female,3,0.85,2.55,Visa,Amina Hassan,2024,4,April
INV101134,2024-04-09,Hamar Weyne,Bakery,Croissant,Member,Female,4,1.2,4.8,Evc Plus,Ahmed Abdi,2024,4,April
INV101145,2024-04-09,Hamar Weyne,Fruits,Orange (kg),Regular,Female,3,1.64,4.92,Zaad,Khadija Omar,2024,4,April
INV101082,2024-04-10,Hamar Weyne,Personal Care,Toothbrush,Regular,Female,1,1.2,1.2,Evc Plus,Ahmed Abdi,2024,4,April
INV101334,2024-04-10,Hodan-Taleex,Dairy,Milk 1L,Regular,Female,1,1.52,1.52,Visa,Abdirahman Nur,2024,4,April
INV101290,2024-04-10,Hamar Weyne,Snacks,Popcorn Pack,Regular,Male,6,0.78,4.68,Evc Plus,Hodan Warsame,2024,4,April
INV101341,2024-04-10,Hodan-Taleex,Dairy,Yogurt 500g,Member,Male,7,1.89,13.23,Zaad,Mohamed Ali,2024,4,April
INV101032,2024-04-10,Laba Dhagax,Bakery,Donut,Member,Female,5,0.76,3.8,Zaad,Sahra Ibrahim,2024,4,April
INV101096,2024-04-10,Hodan-Taleex,Fruits,Mango (kg),Member,Female,5,1.88,9.4,Visa,Amina Hassan,2024,4,April
INV101215,2024-04-10,Hodan-Taleex,Household,Flour 2kg,Regular,Male,1,2.38,2.38,Visa,Mohamed Ali,2024,4,April
INV101074,2024-04-10,Hamar Weyne,Snacks,Potato Chips,Regular,Male,3,0.98,2.94,Evc Plus,Hodan Warsame,2024,4,April
INV101238,2024-04-10,Hamar Weyne,Bakery,Cupcake,Regular,Female,2,0.69,1.38,Zaad,Khadija Omar,2024,4,April
INV101103,2024-04-10,Hodan-Taleex,Snacks,Peanuts 200g,Member,Male,8,1.07,8.56,Evc Plus,Fadumo Yusuf,2024,4,April
INV101214,2024-04-10,Hodan-Taleex,Personal Care,Bar Soap,Member,Female,3,0.57,1.71,Cash,Amina Hassan,2024,4,April
INV101296,2024-04-10,Laba Dhagax,Beverages,Black Tea Pack,Regular,Female,4,1.12,4.48,Zaad,Sahra Ibrahim,2024,4,April
INV101052,2024-04-10,Hodan-Taleex,Vegetables,Cabbage (each),Regular,Female,1,0.86,0.86,Zaad,Mohamed Ali,2024,4,April
INV101358,2024-04-10,Hamar Weyne,Fruits,Watermelon (each),Regular,Female,6,2.55,15.3,Zaad,Hodan Warsame,2024,4,April
INV101037,2024-04-11,Hamar Weyne,Household,Rice 5kg,Regular,Male,4,6.77,27.08,Zaad,Khadija Omar,2024,4,April
INV101126,2024-04-11,Hamar Weyne,Household,Laundry Detergent 1kg,Regular,Female,5,2.58,12.9,Evc Plus,Hodan Warsame,2024,4,April
INV101067,2024-04-11,Hodan-Taleex,Household,Pasta 500g,Member,Female,8,1.43,11.44,Zaad,Mohamed Ali,2024,4,April
INV101273,2024-04-11,Hodan-Taleex,Household,Sugar 2kg,Regular,Male,5,2.39,11.95,Visa,Amina Hassan,2024,4,April
INV101356,2024-04-11,Hodan-Taleex,Snacks,Potato Chips,Member,Female,7,1.22,8.54,Cash,Amina Hassan,2024,4,April
INV101090,2024-04-11,Hamar Weyne,Bakery,Biscuits Pack,Regular,Female,5,1.05,5.25,Zaad,Khadija Omar,2024,4,April
INV101162,2024-04-11,Laba Dhagax,Beverages,Apple Juice 1L,Regular,Female,3,1.65,4.95,Zaad,Sahra Ibrahim,2024,4,April
INV101236,2024-04-11,Laba Dhagax,Vegetables,Onion (kg),Regular,Female,6,0.92,5.52,Evc Plus,Yusuf Farah,2024,4,April
INV101241,2024-04-11,Hodan-Taleex,Bakery,Cupcake,Regular,Male,1,0.52,0.52,Cash,Mohamed Ali,2024,4,April
INV101167,2024-04-11,Hodan-Taleex,Household,Pasta 500g,Regular,Male,3,1.43,4.29,Evc Plus,Amina Hassan,2024,4,April
INV101198,2024-04-11,Hodan-Taleex,Personal Care,Toothbrush,Regular,Female,2,1.35,2.7,Zaad,Mohamed Ali,2024,4,April
INV101269,2024-04-11,Hodan-Taleex,Dairy,Butter 250g,Regular,Male,5,2.09,10.45,Evc Plus,Amina Hassan,2024,4,April
INV101279,2024-04-11,Hodan-Taleex,Bakery,Brown Bread,Member,Female,6,0.91,5.46,Cash,Fadumo Yusuf,2024,4,April
INV101321,2024-04-12,Hamar Weyne,Personal Care,Body Lotion 200ml,Member,Female,5,2.65,13.25,Evc Plus,Hodan Warsame,2024,4,April
INV101009,2024-04-12,Hodan-Taleex,Personal Care,Toothbrush,Member,Male,2,1.04,2.08,Cash,Abdirahman Nur,2024,4,April
INV101048,2024-04-12,Laba Dhagax,Beverages,Soft Drink Cola 500ml,Regular,Male,2,0.78,1.56,Zaad,Sahra Ibrahim,2024,4,April
INV101202,2024-04-12,Hodan-Taleex,Bakery,Brown Bread,Member,Female,7,0.78,5.46,Evc Plus,Fadumo Yusuf,2024,4,April
INV101061,2024-04-12,Hodan-Taleex,Household,Cooking Oil 1L,Member,Female,5,2.57,12.85,Evc Plus,Mohamed Ali,2024,4,April
INV101254,2024-04-12,Laba Dhagax,Fruits,Watermelon (each),Member,Female,4,2.02,8.08,Zaad,Yusuf Farah,2024,4,April
INV101183,2024-04-12,Hodan-Taleex,Dairy,Eggs Tray (30pcs),Regular,Male,4,3.84,15.36,Evc Plus,Amina Hassan,2024,4,April
INV101274,2024-04-12,Hodan-Taleex,Dairy,Eggs Tray (30pcs),Member,Female,2,4.57,9.14,Evc Plus,Fadumo Yusuf,2024,4,April
INV101318,2024-04-13,Laba Dhagax,Vegetables,Tomato (kg),Regular,Female,4,1.0,4.0,Evc Plus,Sahra Ibrahim,2024,4,April
INV101201,2024-04-13,Hodan-Taleex,Bakery,Croissant,Regular,Male,5,1.03,5.15,Evc Plus,Abdirahman Nur,2024,4,April
INV101331,2024-04-13,Hodan-Taleex,Dairy,Butter 250g,Member,Male,4,3.49,13.96,Visa,Fadumo Yusuf,2024,4,April
INV101166,2024-04-13,Hodan-Taleex,Bakery,White Bread,Regular,Female,3,0.87,2.61,Cash,Abdirahman Nur,2024,4,April
INV101109,2024-04-13,Hamar Weyne,Beverages,Black Tea Pack,Regular,Male,5,1.99,9.95,Visa,Khadija Omar,2024,4,April
INV101031,2024-04-13,Hodan-Taleex,Dairy,Yogurt 500g,Regular,Female,6,1.24,7.44,Evc Plus,Amina Hassan,2024,4,April
INV101305,2024-04-13,Hodan-Taleex,Fruits,Mango (kg),Regular,Female,6,1.68,10.08,Cash,Abdirahman Nur,2024,4,April
INV101029,2024-04-13,Hamar Weyne,Vegetables,Tomato (kg),Regular,Male,5,1.07,5.35,Evc Plus,Khadija Omar,2024,4,April
INV101244,2024-04-13,Hamar Weyne,Bakery,Cupcake,Member,Female,2,0.87,1.74,Cash,Ahmed Abdi,2024,4,April
INV101219,2024-04-14,Hodan-Taleex,Fruits,Grapes (kg),Member,Female,6,2.55,15.3,Evc Plus,Amina Hassan,2024,4,April
INV101197,2024-04-14,Hodan-Taleex,Personal Care,Toothpaste,Member,Female,6,2.08,12.48,Cash,Mohamed Ali,2024,4,April
INV101073,2024-04-14,Hodan-Taleex,Personal Care,Shampoo 400ml,Member,Female,7,2.56,17.92,Zaad,Fadumo Yusuf,2024,4,April
INV101303,2024-04-14,Hamar Weyne,Bakery,Donut,Member,Female,2,0.69,1.38,Zaad,Khadija Omar,2024,4,April
INV101349,2024-04-14,Hodan-Taleex,Fruits,Apple (kg),Regular,Female,1,2.4,2.4,Evc Plus,Amina Hassan,2024,4,April
INV101298,2024-04-14,Hamar Weyne,Snacks,Peanuts 200g,Regular,Female,3,1.39,4.17,Evc Plus,Hodan Warsame,2024,4,April
INV101315,2024-04-14,Hodan-Taleex,Bakery,Biscuits Pack,Member,Female,7,0.91,6.37,Evc Plus,Amina Hassan,2024,4,April
INV101089,2024-04-14,Hamar Weyne,Beverages,Soft Drink Cola 500ml,Member,Male,5,0.78,3.9,Evc Plus,Ahmed Abdi,2024,4,April
INV101210,2024-04-14,Laba Dhagax,Household,Rice 5kg,Regular,Male,5,9.19,45.95,Zaad,Sahra Ibrahim,2024,4,April
INV101053,2024-04-14,Laba Dhagax,Fruits,Watermelon (each),Member,Female,8,2.1,16.8,Visa,Yusuf Farah,2024,4,April
INV101345,2024-04-14,Hodan-Taleex,Fruits,Banana (kg),Regular,Female,4,1.08,4.32,Evc Plus,Mohamed Ali,2024,4,April
INV101204,2024-04-15,Laba Dhagax,Dairy,Eggs Tray (30pcs),Regular,Male,1,5.2,5.2,Evc Plus,Sahra Ibrahim,2024,4,April
INV101007,2024-04-15,Hodan-Taleex,Snacks,Potato Chips,Regular,Male,2,0.85,1.7,Evc Plus,Fadumo Yusuf,2024,4,April
INV101030,2024-04-15,Hodan-Taleex,Vegetables,Tomato (kg),Regular,Male,5,0.75,3.75,Evc Plus,Fadumo Yusuf,2024,4,April
INV101106,2024-04-15,Hamar Weyne,Bakery,Brown Bread,Regular,Male,2,0.96,1.92,Evc Plus,Hodan Warsame,2024,4,April
INV101297,2024-04-15,Hamar Weyne,Household,Sugar 2kg,Regular,Female,6,3.17,19.02,Visa,Khadija Omar,2024,4,April
INV101243,2024-04-15,Hodan-Taleex,Household,Dish Soap 500ml,Member,Female,4,1.32,5.28,Evc Plus,Amina Hassan,2024,4,April
INV101102,2024-04-15,Hodan-Taleex,Personal Care,Toothbrush,Member,Female,2,1.21,2.42,Evc Plus,Amina Hassan,2024,4,April
INV101038,2024-04-15,Hodan-Taleex,Personal Care,Shampoo 400ml,Regular,Male,1,2.73,2.73,Evc Plus,Mohamed Ali,2024,4,April
INV101139,2024-04-15,Hamar Weyne,Beverages,Soft Drink Cola 500ml,Regular,Female,1,0.78,0.78,Evc Plus,Khadija Omar,2024,4,April
INV101034,2024-04-15,Hodan-Taleex,Personal Care,Bar Soap,Member,Male,5,0.91,4.55,Zaad,Amina Hassan,2024,4,April
INV101098,2024-04-15,Laba Dhagax,Fruits,Apple (kg),Member,Male,8,1.8,14.4,Zaad,Sahra Ibrahim,2024,4,April
INV101260,2024-04-15,Hamar Weyne,Vegetables,Onion (kg),Regular,Female,4,0.69,2.76,Cash,Hodan Warsame,2024,4,April
INV101079,2024-04-15,Hodan-Taleex,Snacks,Popcorn Pack,Member,Male,3,0.99,2.97,Evc Plus,Amina Hassan,2024,4,April
INV101042,2024-04-15,Hodan-Taleex,Vegetables,Onion (kg),Regular,Female,3,0.97,2.91,Zaad,Amina Hassan,2024,4,April
INV101149,2024-04-15,Laba Dhagax,Vegetables,Onion (kg),Regular,Male,5,0.65,3.25,Visa,Sahra Ibrahim,2024,4,April
INV101340,2024-04-15,Laba Dhagax,Snacks,Biscuit Snack Pack,Member,Male,6,0.68,4.08,Evc Plus,Yusuf Farah,2024,4,April
INV101227,2024-04-15,Laba Dhagax,Dairy,Eggs Tray (30pcs),Member,Male,2,4.25,8.5,Visa,Yusuf Farah,2024,4,April
INV101027,2024-04-15,Hodan-Taleex,Personal Care,Body Lotion 200ml,Regular,Male,1,2.77,2.77,Zaad,Mohamed Ali,2024,4,April
INV101333,2024-04-16,Hodan-Taleex,Dairy,Eggs Tray (30pcs),Member,Male,6,5.1,30.6,Zaad,Fadumo Yusuf,2024,4,April
INV101185,2024-04-16,Hamar Weyne,Beverages,Coffee 200g,Regular,Female,2,2.53,5.06,Evc Plus,Hodan Warsame,2024,4,April
INV101066,2024-04-16,Hamar Weyne,Vegetables,Cucumber (kg),Regular,Female,1,0.86,0.86,Cash,Ahmed Abdi,2024,4,April
INV101058,2024-04-16,Hodan-Taleex,Bakery,Brown Bread,Member,Female,6,0.99,5.94,Evc Plus,Fadumo Yusuf,2024,4,April
INV101176,2024-04-16,Hodan-Taleex,Beverages,Apple Juice 1L,Regular,Male,4,2.15,8.6,Visa,Amina Hassan,2024,4,April
INV101077,2024-04-16,Hodan-Taleex,Snacks,Chocolate Bar,Member,Male,3,0.8,2.4,Zaad,Abdirahman Nur,2024,4,April
INV101088,2024-04-16,Hamar Weyne,Snacks,Candy Pack,Regular,Female,1,0.55,0.55,Evc Plus,Khadija Omar,2024,4,April
INV101246,2024-04-16,Hodan-Taleex,Personal Care,Toothbrush,Regular,Female,6,1.29,7.74,Visa,Amina Hassan,2024,4,April
INV101252,2024-04-16,Hamar Weyne,Vegetables,Carrot (kg),Member,Male,6,0.9,5.4,Evc Plus,Ahmed Abdi,2024,4,April
INV101008,2024-04-16,Hodan-Taleex,Beverages,Apple Juice 1L,Regular,Male,5,1.8,9.0,Evc Plus,Amina Hassan,2024,4,April
INV101141,2024-04-16,Hamar Weyne,Dairy,Cheese 200g,Regular,Female,6,3.56,21.36,Visa,Ahmed Abdi,2024,4,April
INV101095,2024-04-16,Laba Dhagax,Fruits,Apple (kg),Regular,Female,4,1.53,6.12,Evc Plus,Yusuf Farah,2024,4,April
INV101124,2024-04-17,Hamar Weyne,Bakery,Croissant,Member,Female,5,1.06,5.3,Zaad,Hodan Warsame,2024,4,April
INV101294,2024-04-17,Hodan-Taleex,Bakery,White Bread,Regular,Female,1,0.79,0.79,Zaad,Abdirahman Nur,2024,4,April
INV101271,2024-04-17,Hamar Weyne,Vegetables,Onion (kg),Regular,Female,1,0.74,0.74,Evc Plus,Khadija Omar,2024,4,April
INV101013,2024-04-17,Hodan-Taleex,Household,Dish Soap 500ml,Regular,Male,1,1.78,1.78,Evc Plus,Abdirahman Nur,2024,4,April
INV101010,2024-04-17,Hamar Weyne,Household,Pasta 500g,Regular,Female,2,1.8,3.6,Zaad,Khadija Omar,2024,4,April
INV101039,2024-04-17,Hodan-Taleex,Beverages,Black Tea Pack,Regular,Female,6,1.79,10.74,Zaad,Fadumo Yusuf,2024,4,April
INV101168,2024-04-18,Laba Dhagax,Vegetables,Cabbage (each),Regular,Female,6,0.92,5.52,Evc Plus,Sahra Ibrahim,2024,4,April
INV101324,2024-04-18,Hodan-Taleex,Fruits,Banana (kg),Regular,Male,3,0.88,2.64,Zaad,Amina Hassan,2024,4,April
INV101119,2024-04-18,Hodan-Taleex,Household,Cooking Oil 1L,Member,Male,5,3.26,16.3,Zaad,Abdirahman Nur,2024,4,April
INV101099,2024-04-18,Laba Dhagax,Household,Rice 5kg,Member,Female,3,8.36,25.08,Zaad,Yusuf Farah,2024,4,April
INV101113,2024-04-18,Laba Dhagax,Personal Care,Shampoo 400ml,Regular,Female,4,3.26,13.04,Zaad,Yusuf Farah,2024,4,April
INV101261,2024-04-18,Hodan-Taleex,Bakery,Donut,Member,Male,8,0.75,6.0,Evc Plus,Mohamed Ali,2024,4,April
INV101114,2024-04-18,Hamar Weyne,Household,Dish Soap 500ml,Regular,Male,4,1.31,5.24,Zaad,Hodan Warsame,2024,4,April
INV101085,2024-04-18,Hamar Weyne,Dairy,Eggs Tray (30pcs),Member,Male,2,5.42,10.84,Evc Plus,Hodan Warsame,2024,4,April
INV101262,2024-04-18,Laba Dhagax,Beverages,Apple Juice 1L,Regular,Female,5,1.8,9.0,Evc Plus,Yusuf Farah,2024,4,April
INV101312,2024-04-18,Hodan-Taleex,Snacks,Candy Pack,Member,Female,8,0.84,6.72,Zaad,Fadumo Yusuf,2024,4,April
INV101242,2024-04-18,Hodan-Taleex,Vegetables,Carrot (kg),Member,Female,4,0.79,3.16,Cash,Mohamed Ali,2024,4,April
INV101268,2024-04-19,Laba Dhagax,Personal Care,Bar Soap,Regular,Male,3,0.76,2.28,Cash,Yusuf Farah,2024,4,April
INV101316,2024-04-19,Hodan-Taleex,Fruits,Banana (kg),Regular,Female,4,1.18,4.72,Zaad,Mohamed Ali,2024,4,April
INV101325,2024-04-19,Hodan-Taleex,Beverages,Apple Juice 1L,Regular,Female,6,2.36,14.16,Evc Plus,Fadumo Yusuf,2024,4,April
INV101068,2024-04-19,Hamar Weyne,Vegetables,Onion (kg),Member,Male,8,0.86,6.88,Cash,Khadija Omar,2024,4,April
INV101178,2024-04-19,Hamar Weyne,Beverages,Coffee 200g,Member,Female,6,2.84,17.04,Evc Plus,Khadija Omar,2024,4,April
INV101091,2024-04-19,Hodan-Taleex,Personal Care,Shampoo 400ml,Member,Male,8,4.03,32.24,Zaad,Mohamed Ali,2024,4,April
INV101133,2024-04-19,Laba Dhagax,Beverages,Bottled Water 500ml,Regular,Male,5,0.35,1.75,Evc Plus,Yusuf Farah,2024,4,April
INV101319,2024-04-19,Hodan-Taleex,Personal Care,Hand Sanitizer 100ml,Regular,Female,3,1.26,3.78,Cash,Fadumo Yusuf,2024,4,April
INV101301,2024-04-19,Hodan-Taleex,Bakery,White Bread,Member,Male,5,0.76,3.8,Cash,Amina Hassan,2024,4,April
INV101127,2024-04-19,Hodan-Taleex,Vegetables,Cucumber (kg),Regular,Female,5,0.96,4.8,Evc Plus,Amina Hassan,2024,4,April
INV101209,2024-04-19,Hodan-Taleex,Personal Care,Toothbrush,Member,Male,3,1.03,3.09,Evc Plus,Abdirahman Nur,2024,4,April
INV101122,2024-04-19,Hodan-Taleex,Vegetables,Onion (kg),Regular,Female,1,1.09,1.09,Zaad,Fadumo Yusuf,2024,4,April
INV101225,2024-04-19,Hamar Weyne,Bakery,White Bread,Member,Female,7,0.98,6.86,Zaad,Ahmed Abdi,2024,4,April
INV101320,2024-04-19,Hodan-Taleex,Bakery,Brown Bread,Member,Female,4,1.02,4.08,Evc Plus,Amina Hassan,2024,4,April
INV101203,2024-04-19,Laba Dhagax,Bakery,Donut,Member,Female,3,0.61,1.83,Cash,Yusuf Farah,2024,4,April
INV101064,2024-04-19,Hamar Weyne,Bakery,White Bread,Member,Female,4,0.76,3.04,Cash,Hodan Warsame,2024,4,April
INV101339,2024-04-20,Hamar Weyne,Vegetables,Cabbage (each),Member,Female,7,1.12,7.84,Cash,Ahmed Abdi,2024,4,April
INV101309,2024-04-20,Laba Dhagax,Fruits,Grapes (kg),Member,Female,3,2.95,8.85,Zaad,Sahra Ibrahim,2024,4,April
INV101179,2024-04-20,Hodan-Taleex,Beverages,Coffee 200g,Member,Male,5,3.69,18.45,Evc Plus,Amina Hassan,2024,4,April
INV101120,2024-04-20,Hodan-Taleex,Fruits,Grapes (kg),Regular,Female,2,2.78,5.56,Zaad,Abdirahman Nur,2024,4,April
INV101205,2024-04-20,Hodan-Taleex,Bakery,Cupcake,Regular,Female,2,0.85,1.7,Evc Plus,Abdirahman Nur,2024,4,April
INV101249,2024-04-20,Hodan-Taleex,Household,Laundry Detergent 1kg,Member,Male,4,2.54,10.16,Zaad,Mohamed Ali,2024,4,April
INV101257,2024-04-20,Hodan-Taleex,Personal Care,Toothpaste,Member,Female,3,2.34,7.02,Zaad,Abdirahman Nur,2024,4,April
INV101056,2024-04-20,Hodan-Taleex,Beverages,Coffee 200g,Regular,Male,4,3.95,15.8,Evc Plus,Amina Hassan,2024,4,April
INV101049,2024-04-20,Hodan-Taleex,Bakery,Croissant,Member,Male,7,1.09,7.63,Cash,Amina Hassan,2024,4,April
INV101286,2024-04-20,Hodan-Taleex,Personal Care,Body Lotion 200ml,Member,Male,8,2.69,21.52,Zaad,Amina Hassan,2024,4,April
INV101087,2024-04-20,Hodan-Taleex,Snacks,Biscuit Snack Pack,Regular,Male,2,0.63,1.26,Evc Plus,Fadumo Yusuf,2024,4,April
INV101222,2024-04-20,Hodan-Taleex,Beverages,Soft Drink Cola 500ml,Regular,Male,4,0.93,3.72,Evc Plus,Fadumo Yusuf,2024,4,April
INV101250,2024-04-20,Hodan-Taleex,Vegetables,Carrot (kg),Regular,Female,1,0.86,0.86,Cash,Mohamed Ali,2024,4,April
INV101005,2024-04-21,Hodan-Taleex,Beverages,Coffee 200g,Member,Male,4,4.23,16.92,Zaad,Fadumo Yusuf,2024,4,April
INV101144,2024-04-21,Hamar Weyne,Snacks,Candy Pack,Regular,Female,4,0.74,2.96,Cash,Hodan Warsame,2024,4,April
INV101347,2024-04-21,Hamar Weyne,Dairy,Butter 250g,Regular,Female,6,2.83,16.98,Cash,Hodan Warsame,2024,4,April
INV101232,2024-04-21,Hodan-Taleex,Snacks,Potato Chips,Member,Male,8,0.85,6.8,Evc Plus,Mohamed Ali,2024,4,April
INV101304,2024-04-21,Hodan-Taleex,Dairy,Eggs Tray (30pcs),Member,Female,8,5.08,40.64,Evc Plus,Abdirahman Nur,2024,4,April
INV101172,2024-04-21,Laba Dhagax,Snacks,Potato Chips,Regular,Female,1,1.15,1.15,Cash,Sahra Ibrahim,2024,4,April
INV101265,2024-04-21,Hamar Weyne,Vegetables,Onion (kg),Regular,Male,4,1.05,4.2,Evc Plus,Khadija Omar,2024,4,April
INV101170,2024-04-21,Hodan-Taleex,Household,Pasta 500g,Regular,Female,4,1.07,4.28,Evc Plus,Amina Hassan,2024,4,April
INV101112,2024-04-21,Hodan-Taleex,Dairy,Yogurt 500g,Regular,Female,6,1.79,10.74,Zaad,Amina Hassan,2024,4,April
INV101221,2024-04-22,Hamar Weyne,Personal Care,Toothbrush,Regular,Male,5,1.46,7.3,Evc Plus,Khadija Omar,2024,4,April
INV101336,2024-04-22,Hodan-Taleex,Vegetables,Tomato (kg),Member,Female,6,0.96,5.76,Evc Plus,Abdirahman Nur,2024,4,April
INV101229,2024-04-22,Hamar Weyne,Dairy,Fresh Cream 200ml,Regular,Female,5,1.87,9.35,Cash,Ahmed Abdi,2024,4,April
INV101193,2024-04-22,Hodan-Taleex,Household,Laundry Detergent 1kg,Regular,Female,4,2.76,11.04,Zaad,Mohamed Ali,2024,4,April
INV101343,2024-04-22,Hodan-Taleex,Dairy,Eggs Tray (30pcs),Member,Female,7,3.82,26.74,Zaad,Abdirahman Nur,2024,4,April
INV101228,2024-04-22,Hodan-Taleex,Snacks,Chocolate Bar,Regular,Male,4,1.03,4.12,Evc Plus,Abdirahman Nur,2024,4,April
INV101004,2024-04-22,Hodan-Taleex,Household,Dish Soap 500ml,Regular,Female,6,1.88,11.28,Evc Plus,Abdirahman Nur,2024,4,April
INV101285,2024-04-22,Hamar Weyne,Bakery,White Bread,Regular,Female,1,0.63,0.63,Zaad,Khadija Omar,2024,4,April
INV101125,2024-04-22,Hodan-Taleex,Dairy,Yogurt 500g,Regular,Female,6,1.94,11.64,Visa,Amina Hassan,2024,4,April
INV101092,2024-04-22,Hamar Weyne,Beverages,Black Tea Pack,Regular,Female,1,1.46,1.46,Visa,Hodan Warsame,2024,4,April
INV101300,2024-04-22,Laba Dhagax,Household,Laundry Detergent 1kg,Regular,Male,4,3.16,12.64,Visa,Yusuf Farah,2024,4,April
INV101137,2024-04-22,Hodan-Taleex,Personal Care,Body Lotion 200ml,Member,Female,8,3.07,24.56,Evc Plus,Abdirahman Nur,2024,4,April
INV101016,2024-04-23,Hamar Weyne,Bakery,Brown Bread,Regular,Male,2,0.82,1.64,Evc Plus,Ahmed Abdi,2024,4,April
INV101151,2024-04-23,Hodan-Taleex,Beverages,Soft Drink Cola 500ml,Regular,Male,5,1.07,5.35,Zaad,Amina Hassan,2024,4,April
INV101121,2024-04-23,Hamar Weyne,Snacks,Biscuit Snack Pack,Member,Female,8,0.89,7.12,Zaad,Hodan Warsame,2024,4,April
INV101278,2024-04-23,Laba Dhagax,Bakery,Brown Bread,Regular,Male,4,0.84,3.36,Evc Plus,Sahra Ibrahim,2024,4,April
INV101223,2024-04-23,Laba Dhagax,Fruits,Watermelon (each),Member,Female,3,2.97,8.91,Evc Plus,Sahra Ibrahim,2024,4,April
INV101118,2024-04-23,Hodan-Taleex,Bakery,Brown Bread,Regular,Female,4,1.06,4.24,Zaad,Amina Hassan,2024,4,April
INV101360,2024-04-23,Hodan-Taleex,Dairy,Butter 250g,Regular,Female,3,2.96,8.88,Evc Plus,Mohamed Ali,2024,4,April
INV101165,2024-04-23,Laba Dhagax,Snacks,Candy Pack,Regular,Male,1,0.65,0.65,Zaad,Sahra Ibrahim,2024,4,April
INV101051,2024-04-23,Hamar Weyne,Household,Laundry Detergent 1kg,Member,Female,6,3.49,20.94,Zaad,Hodan Warsame,2024,4,April
INV101212,2024-04-23,Hodan-Taleex,Snacks,Popcorn Pack,Member,Female,5,1.02,5.1,Evc Plus,Abdirahman Nur,2024,4,April
INV101123,2024-04-23,Hodan-Taleex,Personal Care,Shampoo 400ml,Member,Female,2,3.66,7.32,Evc Plus,Abdirahman Nur,2024,4,April
INV101186,2024-04-23,Hamar Weyne,Beverages,Bottled Water 500ml,Member,Male,3,0.58,1.74,Evc Plus,Hodan Warsame,2024,4,April
INV101323,2024-04-23,Hodan-Taleex,Household,Flour 2kg,Member,Female,6,1.9,11.4,Zaad,Mohamed Ali,2024,4,April
INV101350,2024-04-24,Hamar Weyne,Household,Dish Soap 500ml,Regular,Male,4,1.95,7.8,Evc Plus,Khadija Omar,2024,4,April
INV101353,2024-04-24,Laba Dhagax,Personal Care,Hand Sanitizer 100ml,Member,Female,4,2.03,8.12,Cash,Sahra Ibrahim,2024,4,April
INV101018,2024-04-24,Hodan-Taleex,Fruits,Apple (kg),Member,Male,6,2.03,12.18,Evc Plus,Mohamed Ali,2024,4,April
INV101295,2024-04-24,Laba Dhagax,Snacks,Potato Chips,Member,Female,7,0.89,6.23,Cash,Sahra Ibrahim,2024,4,April
INV101164,2024-04-25,Hodan-Taleex,Vegetables,Cucumber (kg),Member,Female,5,0.94,4.7,Zaad,Abdirahman Nur,2024,4,April
INV101289,2024-04-25,Hodan-Taleex,Snacks,Chocolate Bar,Member,Male,2,1.09,2.18,Evc Plus,Mohamed Ali,2024,4,April
INV101191,2024-04-25,Hodan-Taleex,Bakery,White Bread,Regular,Male,5,0.74,3.7,Visa,Mohamed Ali,2024,4,April
INV101063,2024-04-25,Hodan-Taleex,Fruits,Banana (kg),Member,Female,6,1.07,6.42,Visa,Amina Hassan,2024,4,April
INV101104,2024-04-25,Hodan-Taleex,Beverages,Sprite 500ml,Regular,Male,6,1.16,6.96,Zaad,Abdirahman Nur,2024,4,April
INV101275,2024-04-25,Laba Dhagax,Beverages,Bottled Water 500ml,Member,Male,6,0.38,2.28,Evc Plus,Sahra Ibrahim,2024,4,April
INV101272,2024-04-25,Hamar Weyne,Beverages,Sprite 500ml,Member,Male,8,1.06,8.48,Zaad,Ahmed Abdi,2024,4,April
INV101213,2024-04-25,Laba Dhagax,Vegetables,Carrot (kg),Member,Female,3,0.74,2.22,Evc Plus,Sahra Ibrahim,2024,4,April
INV101078,2024-04-25,Hamar Weyne,Snacks,Popcorn Pack,Member,Female,8,0.83,6.64,Evc Plus,Ahmed Abdi,2024,4,April
INV101019,2024-04-25,Hamar Weyne,Bakery,Biscuits Pack,Regular,Female,2,1.31,2.62,Zaad,Hodan Warsame,2024,4,April
INV101146,2024-04-25,Hodan-Taleex,Vegetables,Cabbage (each),Member,Male,7,1.2,8.4,Zaad,Abdirahman Nur,2024,4,April
INV101023,2024-04-25,Hodan-Taleex,Dairy,Cheese 200g,Regular,Male,3,2.62,7.86,Evc Plus,Mohamed Ali,2024,4,April
INV101081,2024-04-25,Hodan-Taleex,Fruits,Orange (kg),Regular,Female,1,1.08,1.08,Zaad,Amina Hassan,2024,4,April
INV101140,2024-04-25,Hamar Weyne,Vegetables,Cucumber (kg),Member,Female,5,0.9,4.5,Evc Plus,Khadija Omar,2024,4,April
INV101163,2024-04-25,Hodan-Taleex,Snacks,Biscuit Snack Pack,Member,Male,6,0.88,5.28,Evc Plus,Abdirahman Nur,2024,4,April
INV101310,2024-04-25,Hamar Weyne,Personal Care,Body Lotion 200ml,Regular,Male,6,3.63,21.78,Evc Plus,Hodan Warsame,2024,4,April
INV101174,2024-04-26,Hodan-Taleex,Personal Care,Toothpaste,Member,Male,5,1.62,8.1,Evc Plus,Fadumo Yusuf,2024,4,April
INV101217,2024-04-26,Hamar Weyne,Vegetables,Cabbage (each),Regular,Male,6,1.04,6.24,Visa,Khadija Omar,2024,4,April
INV101075,2024-04-26,Hodan-Taleex,Snacks,Popcorn Pack,Member,Female,3,0.74,2.22,Evc Plus,Mohamed Ali,2024,4,April
INV101142,2024-04-26,Hodan-Taleex,Bakery,Croissant,Regular,Female,1,0.94,0.94,Zaad,Fadumo Yusuf,2024,4,April
INV101062,2024-04-26,Hodan-Taleex,Beverages,Bottled Water 500ml,Regular,Male,6,0.38,2.28,Zaad,Mohamed Ali,2024,4,April
INV101282,2024-04-26,Hodan-Taleex,Bakery,Brown Bread,Member,Male,5,0.98,4.9,Zaad,Mohamed Ali,2024,4,April
INV101327,2024-04-26,Hodan-Taleex,Fruits,Grapes (kg),Regular,Female,3,3.36,10.08,Visa,Fadumo Yusuf,2024,4,April
INV101328,2024-04-26,Laba Dhagax,Beverages,Coffee 200g,Member,Male,4,3.49,13.96,Evc Plus,Yusuf Farah,2024,4,April
INV101256,2024-04-26,Hodan-Taleex,Personal Care,Toothbrush,Regular,Female,4,1.0,4.0,Evc Plus,Abdirahman Nur,2024,4,April
INV101097,2024-04-27,Laba Dhagax,Household,Sugar 2kg,Member,Male,6,2.12,12.72,Evc Plus,Yusuf Farah,2024,4,April
INV101071,2024-04-27,Hodan-Taleex,Beverages,Orange Juice 1L,Regular,Female,4,2.13,8.52,Evc Plus,Fadumo Yusuf,2024,4,April
INV101011,2024-04-27,Hodan-Taleex,Beverages,Soft Drink Cola 500ml,Regular,Female,4,1.2,4.8,Visa,Fadumo Yusuf,2024,4,April
INV101240,2024-04-27,Hodan-Taleex,Personal Care,Shampoo 400ml,Regular,Female,2,4.45,8.9,Evc Plus,Mohamed Ali,2024,4,April
INV101100,2024-04-27,Hodan-Taleex,Vegetables,Cucumber (kg),Member,Female,2,0.74,1.48,Visa,Mohamed Ali,2024,4,April
INV101180,2024-04-27,Hodan-Taleex,Beverages,Sprite 500ml,Regular,Male,4,0.92,3.68,Evc Plus,Mohamed Ali,2024,4,April
INV101338,2024-04-27,Hodan-Taleex,Snacks,Biscuit Snack Pack,Regular,Female,2,0.86,1.72,Evc Plus,Mohamed Ali,2024,4,April
INV101138,2024-04-27,Hodan-Taleex,Personal Care,Toothpaste,Member,Male,3,2.08,6.24,Evc Plus,Abdirahman Nur,2024,4,April
INV101115,2024-04-28,Hamar Weyne,Fruits,Watermelon (each),Member,Female,3,2.43,7.29,Evc Plus,Khadija Omar,2024,4,April
INV101072,2024-04-28,Hamar Weyne,Snacks,Biscuit Snack Pack,Member,Female,3,0.84,2.52,Evc Plus,Hodan Warsame,2024,4,April
INV101111,2024-04-28,Hamar Weyne,Personal Care,Shampoo 400ml,Regular,Female,1,4.22,4.22,Evc Plus,Hodan Warsame,2024,4,April
INV101342,2024-04-28,Laba Dhagax,Vegetables,Onion (kg),Regular,Female,1,0.92,0.92,Visa,Yusuf Farah,2024,4,April
INV101258,2024-04-28,Laba Dhagax,Bakery,Croissant,Member,Male,4,1.04,4.16,Zaad,Sahra Ibrahim,2024,4,April
INV101355,2024-04-28,Hamar Weyne,Dairy,Milk 1L,Member,Female,5,1.33,6.65,Cash,Hodan Warsame,2024,4,April
INV101218,2024-04-28,Hodan-Taleex,Household,Pasta 500g,Regular,Female,6,1.51,9.06,Evc Plus,Fadumo Yusuf,2024,4,April
INV101337,2024-04-28,Hamar Weyne,Bakery,Biscuits Pack,Member,Male,7,1.29,9.03,Evc Plus,Ahmed Abdi,2024,4,April
INV101363,2024-04-28,Hodan-Taleex,Fruits,Banana (kg),Regular,Male,2,0.95,1.9,Visa,Fadumo Yusuf,2024,4,April
INV101361,2024-04-28,Hamar Weyne,Household,Laundry Detergent 1kg,Member,Male,6,3.8,22.8,Zaad,Khadija Omar,2024,4,April
INV101044,2024-04-28,Laba Dhagax,Household,Cooking Oil 1L,Regular,Female,1,3.19,3.19,Visa,Sahra Ibrahim,2024,4,April
INV101207,2024-04-28,Hamar Weyne,Beverages,Black Tea Pack,Member,Female,8,1.52,12.16,Zaad,Hodan Warsame,2024,4,April
INV101206,2024-04-28,Hodan-Taleex,Household,Pasta 500g,Regular,Male,5,1.78,8.9,Visa,Mohamed Ali,2024,4,April
INV101054,2024-04-28,Hodan-Taleex,Dairy,Fresh Cream 200ml,Regular,Female,2,1.62,3.24,Evc Plus,Amina Hassan,2024,4,April
INV101093,2024-04-29,Laba Dhagax,Vegetables,Cucumber (kg),Regular,Male,2,0.66,1.32,Evc Plus,Yusuf Farah,2024,4,April
INV101152,2024-04-29,Hodan-Taleex,Beverages,Black Tea Pack,Regular,Male,4,1.66,6.64,Evc Plus,Amina Hassan,2024,4,April
INV101035,2024-04-29,Laba Dhagax,Personal Care,Toothpaste,Regular,Male,2,2.28,4.56,Evc Plus,Sahra Ibrahim,2024,4,April
INV101264,2024-04-29,Laba Dhagax,Fruits,Banana (kg),Member,Female,2,1.13,2.26,Evc Plus,Yusuf Farah,2024,4,April
INV101220,2024-04-29,Hamar Weyne,Personal Care,Bar Soap,Regular,Male,6,0.54,3.24,Cash,Khadija Omar,2024,4,April
INV101107,2024-04-29,Laba Dhagax,Fruits,Grapes (kg),Regular,Female,2,2.81,5.62,Zaad,Yusuf Farah,2024,4,April
INV101012,2024-04-29,Hodan-Taleex,Snacks,Peanuts 200g,Member,Female,3,0.89,2.67,Evc Plus,Amina Hassan,2024,4,April
INV101230,2024-04-29,Hodan-Taleex,Bakery,Donut,Member,Female,2,0.63,1.26,Evc Plus,Amina Hassan,2024,4,April
INV101348,2024-04-29,Hodan-Taleex,Personal Care,Toothpaste,Regular,Female,1,1.56,1.56,Zaad,Amina Hassan,2024,4,April
INV101169,2024-04-29,Laba Dhagax,Fruits,Grapes (kg),Regular,Male,3,3.54,10.62,Cash,Sahra Ibrahim,2024,4,April
INV101040,2024-04-30,Hodan-Taleex,Fruits,Grapes (kg),Member,Female,2,3.65,7.3,Evc Plus,Mohamed Ali,2024,4,April
INV101157,2024-04-30,Laba Dhagax,Dairy,Butter 250g,Member,Male,5,2.1,10.5,Evc Plus,Yusuf Farah,2024,4,April
INV101175,2024-04-30,Hodan-Taleex,Household,Laundry Detergent 1kg,Member,Male,7,3.37,23.59,Evc Plus,Abdirahman Nur,2024,4,April
INV101065,2024-04-30,Laba Dhagax,Bakery,Biscuits Pack,Member,Male,4,1.38,5.52,Evc Plus,Sahra Ibrahim,2024,4,April
INV101108,2024-04-30,Hodan-Taleex,Fruits,Banana (kg),Regular,Female,4,1.16,4.64,Zaad,Fadumo Yusuf,2024,4,April
INV101094,2024-04-30,Hamar Weyne,Dairy,Butter 250g,Regular,Female,4,2.28,9.12,Evc Plus,Ahmed Abdi,2024,4,April
INV101247,2024-04-30,Hamar Weyne,Personal Care,Body Lotion 200ml,Regular,Male,5,3.59,17.95,Cash,Khadija Omar,2024,4,April
INV101351,2024-04-30,Laba Dhagax,Dairy,Yogurt 500g,Regular,Male,5,1.93,9.65,Visa,Sahra Ibrahim,2024,4,April
INV101017,2024-04-30,Hodan-Taleex,Vegetables,Potato (kg),Member,Male,7,0.97,6.79,Evc Plus,Mohamed Ali,2024,4,April
INV101020,2024-04-30,Hodan-Taleex,Vegetables,Onion (kg),Member,Female,4,0.82,3.28,Cash,Fadumo Yusuf,2024,4,April
INV101362,2024-04-30,Hamar Weyne,Fruits,Grapes (kg),Member,Male,5,3.89,19.45,Evc Plus,Khadija Omar,2024,4,April
INV101033,2024-04-30,Laba Dhagax,Vegetables,Cabbage (each),Member,Male,5,0.98,4.9,Evc Plus,Yusuf Farah,2024,4,April
INV101686,2024-05-01,Hamar Weyne,Beverages,Apple Juice 1L,Regular,Female,6,2.21,13.26,Evc Plus,Khadija Omar,2024,5,May
INV101520,2024-05-01,Hamar Weyne,Snacks,Candy Pack,Regular,Female,5,0.68,3.4,Cash,Hodan Warsame,2024,5,May
INV101651,2024-05-01,Hodan-Taleex,Bakery,Biscuits Pack,Member,Male,5,1.26,6.3,Evc Plus,Fadumo Yusuf,2024,5,May
INV101609,2024-05-01,Hamar Weyne,Bakery,Brown Bread,Member,Male,4,1.08,4.32,Zaad,Khadija Omar,2024,5,May
INV101658,2024-05-01,Laba Dhagax,Fruits,Grapes (kg),Regular,Male,5,3.38,16.9,Zaad,Yusuf Farah,2024,5,May
INV101549,2024-05-01,Hamar Weyne,Beverages,Coffee 200g,Regular,Male,4,3.36,13.44,Zaad,Ahmed Abdi,2024,5,May
INV101703,2024-05-01,Hodan-Taleex,Vegetables,Cucumber (kg),Member,Female,7,0.9,6.3,Visa,Mohamed Ali,2024,5,May
INV101428,2024-05-01,Hamar Weyne,Dairy,Butter 250g,Member,Male,5,2.8,14.0,Evc Plus,Ahmed Abdi,2024,5,May
INV101608,2024-05-01,Hodan-Taleex,Dairy,Milk 1L,Member,Female,5,1.68,8.4,Evc Plus,Abdirahman Nur,2024,5,May
INV101644,2024-05-01,Laba Dhagax,Fruits,Grapes (kg),Regular,Female,4,2.58,10.32,Evc Plus,Sahra Ibrahim,2024,5,May
INV101702,2024-05-01,Hodan-Taleex,Fruits,Grapes (kg),Member,Male,4,2.6,10.4,Evc Plus,Amina Hassan,2024,5,May
INV101382,2024-05-01,Laba Dhagax,Vegetables,Onion (kg),Regular,Male,4,1.0,4.0,Zaad,Sahra Ibrahim,2024,5,May
INV101405,2024-05-01,Hamar Weyne,Fruits,Watermelon (each),Member,Male,8,2.49,19.92,Zaad,Khadija Omar,2024,5,May
INV101597,2024-05-01,Hodan-Taleex,Fruits,Watermelon (each),Member,Female,4,2.41,9.64,Evc Plus,Abdirahman Nur,2024,5,May
INV101646,2024-05-01,Hodan-Taleex,Bakery,Donut,Regular,Male,1,0.77,0.77,Zaad,Mohamed Ali,2024,5,May
INV101521,2024-05-01,Hamar Weyne,Household,Cooking Oil 1L,Member,Female,7,3.96,27.72,Cash,Khadija Omar,2024,5,May
INV101541,2024-05-01,Laba Dhagax,Snacks,Popcorn Pack,Regular,Female,2,1.04,2.08,Evc Plus,Sahra Ibrahim,2024,5,May
INV101584,2024-05-02,Laba Dhagax,Household,Sugar 2kg,Member,Female,7,2.29,16.03,Evc Plus,Yusuf Farah,2024,5,May
INV101661,2024-05-02,Laba Dhagax,Bakery,Donut,Member,Male,5,0.68,3.4,Zaad,Yusuf Farah,2024,5,May
INV101704,2024-05-02,Laba Dhagax,Dairy,Eggs Tray (30pcs),Regular,Male,6,4.66,27.96,Cash,Sahra Ibrahim,2024,5,May
INV101555,2024-05-02,Hodan-Taleex,Fruits,Banana (kg),Regular,Female,1,0.85,0.85,Visa,Amina Hassan,2024,5,May
INV101633,2024-05-02,Hodan-Taleex,Vegetables,Carrot (kg),Member,Male,4,0.8,3.2,Evc Plus,Abdirahman Nur,2024,5,May
INV101396,2024-05-02,Hamar Weyne,Household,Pasta 500g,Member,Female,2,1.15,2.3,Zaad,Ahmed Abdi,2024,5,May
INV101386,2024-05-02,Hodan-Taleex,Personal Care,Toothbrush,Regular,Female,1,0.87,0.87,Cash,Abdirahman Nur,2024,5,May
INV101546,2024-05-03,Laba Dhagax,Fruits,Apple (kg),Member,Male,5,1.69,8.45,Zaad,Yusuf Farah,2024,5,May
INV101510,2024-05-03,Laba Dhagax,Dairy,Fresh Cream 200ml,Regular,Male,2,1.76,3.52,Evc Plus,Sahra Ibrahim,2024,5,May
INV101416,2024-05-03,Laba Dhagax,Vegetables,Cucumber (kg),Member,Female,6,0.84,5.04,Evc Plus,Yusuf Farah,2024,5,May
INV101616,2024-05-03,Hodan-Taleex,Beverages,Apple Juice 1L,Regular,Female,1,1.69,1.69,Evc Plus,Mohamed Ali,2024,5,May
INV101547,2024-05-03,Hamar Weyne,Beverages,Orange Juice 1L,Regular,Male,6,1.92,11.52,Cash,Ahmed Abdi,2024,5,May
INV101625,2024-05-03,Hodan-Taleex,Vegetables,Cabbage (each),Member,Female,6,0.82,4.92,Evc Plus,Abdirahman Nur,2024,5,May
INV101637,2024-05-03,Hamar Weyne,Fruits,Apple (kg),Regular,Female,4,1.96,7.84,Cash,Hodan Warsame,2024,5,May
INV101560,2024-05-03,Laba Dhagax,Beverages,Coffee 200g,Regular,Male,1,3.69,3.69,Zaad,Sahra Ibrahim,2024,5,May
INV101423,2024-05-03,Hamar Weyne,Household,Dish Soap 500ml,Member,Female,4,1.4,5.6,Visa,Khadija Omar,2024,5,May
INV101448,2024-05-03,Hodan-Taleex,Household,Cooking Oil 1L,Regular,Male,3,3.54,10.62,Visa,Mohamed Ali,2024,5,May
INV101419,2024-05-03,Hodan-Taleex,Snacks,Potato Chips,Regular,Male,3,0.98,2.94,Cash,Mohamed Ali,2024,5,May
INV101417,2024-05-03,Hamar Weyne,Fruits,Watermelon (each),Regular,Male,4,2.95,11.8,Evc Plus,Khadija Omar,2024,5,May
INV101479,2024-05-04,Hodan-Taleex,Bakery,White Bread,Member,Male,8,0.86,6.88,Evc Plus,Fadumo Yusuf,2024,5,May
INV101404,2024-05-04,Hodan-Taleex,Beverages,Orange Juice 1L,Member,Female,7,2.48,17.36,Zaad,Fadumo Yusuf,2024,5,May
INV101482,2024-05-04,Hodan-Taleex,Personal Care,Shampoo 400ml,Regular,Female,5,3.98,19.9,Cash,Mohamed Ali,2024,5,May
INV101509,2024-05-04,Laba Dhagax,Fruits,Grapes (kg),Regular,Female,1,2.67,2.67,Zaad,Yusuf Farah,2024,5,May
INV101452,2024-05-04,Laba Dhagax,Bakery,Biscuits Pack,Regular,Male,1,1.04,1.04,Zaad,Sahra Ibrahim,2024,5,May
INV101648,2024-05-04,Hodan-Taleex,Personal Care,Toothpaste,Regular,Male,1,1.92,1.92,Evc Plus,Mohamed Ali,2024,5,May
INV101647,2024-05-04,Hamar Weyne,Bakery,Donut,Regular,Male,2,0.98,1.96,Evc Plus,Khadija Omar,2024,5,May
INV101556,2024-05-04,Hamar Weyne,Beverages,Soft Drink Cola 500ml,Member,Female,8,0.94,7.52,Visa,Ahmed Abdi,2024,5,May
INV101422,2024-05-04,Hodan-Taleex,Beverages,Apple Juice 1L,Regular,Male,5,1.92,9.6,Evc Plus,Amina Hassan,2024,5,May
INV101726,2024-05-04,Laba Dhagax,Household,Flour 2kg,Regular,Female,2,2.07,4.14,Evc Plus,Yusuf Farah,2024,5,May
INV101662,2024-05-05,Laba Dhagax,Personal Care,Toothpaste,Regular,Female,6,2.38,14.28,Evc Plus,Sahra Ibrahim,2024,5,May
INV101384,2024-05-05,Hamar Weyne,Household,Rice 5kg,Member,Female,2,6.53,13.06,Evc Plus,Khadija Omar,2024,5,May
INV101733,2024-05-05,Hamar Weyne,Snacks,Potato Chips,Member,Female,3,1.05,3.15,Evc Plus,Hodan Warsame,2024,5,May
INV101431,2024-05-05,Hamar Weyne,Personal Care,Bar Soap,Member,Female,8,0.65,5.2,Zaad,Khadija Omar,2024,5,May
INV101488,2024-05-05,Hamar Weyne,Bakery,Croissant,Regular,Male,4,1.16,4.64,Evc Plus,Hodan Warsame,2024,5,May
INV101459,2024-05-05,Hamar Weyne,Personal Care,Body Lotion 200ml,Regular,Female,6,3.81,22.86,Evc Plus,Khadija Omar,2024,5,May
INV101392,2024-05-05,Hamar Weyne,Bakery,Croissant,Regular,Female,1,0.96,0.96,Cash,Khadija Omar,2024,5,May
INV101619,2024-05-05,Hamar Weyne,Vegetables,Onion (kg),Member,Female,3,1.09,3.27,Evc Plus,Khadija Omar,2024,5,May
INV101493,2024-05-05,Hodan-Taleex,Dairy,Fresh Cream 200ml,Member,Female,2,2.29,4.58,Zaad,Fadumo Yusuf,2024,5,May
INV101668,2024-05-05,Hodan-Taleex,Beverages,Sprite 500ml,Regular,Male,1,1.07,1.07,Evc Plus,Abdirahman Nur,2024,5,May
INV101638,2024-05-05,Hamar Weyne,Household,Dish Soap 500ml,Regular,Male,6,1.96,11.76,Evc Plus,Ahmed Abdi,2024,5,May
INV101585,2024-05-05,Hamar Weyne,Household,Rice 5kg,Regular,Male,5,7.38,36.9,Cash,Ahmed Abdi,2024,5,May
INV101483,2024-05-05,Hodan-Taleex,Snacks,Popcorn Pack,Regular,Male,3,0.88,2.64,Evc Plus,Fadumo Yusuf,2024,5,May
INV101723,2024-05-05,Hodan-Taleex,Household,Dish Soap 500ml,Member,Female,7,1.3,9.1,Evc Plus,Fadumo Yusuf,2024,5,May
INV101528,2024-05-05,Hodan-Taleex,Vegetables,Cabbage (each),Regular,Female,1,1.35,1.35,Visa,Mohamed Ali,2024,5,May
INV101368,2024-05-06,Hodan-Taleex,Vegetables,Cabbage (each),Regular,Male,1,1.18,1.18,Evc Plus,Fadumo Yusuf,2024,5,May
INV101629,2024-05-06,Hodan-Taleex,Vegetables,Tomato (kg),Regular,Male,2,1.14,2.28,Evc Plus,Amina Hassan,2024,5,May
INV101372,2024-05-06,Hodan-Taleex,Vegetables,Carrot (kg),Regular,Female,6,0.77,4.62,Evc Plus,Fadumo Yusuf,2024,5,May
INV101576,2024-05-06,Hodan-Taleex,Beverages,Apple Juice 1L,Regular,Male,2,1.7,3.4,Visa,Fadumo Yusuf,2024,5,May
INV101519,2024-05-06,Hodan-Taleex,Household,Pasta 500g,Regular,Male,2,1.3,2.6,Zaad,Amina Hassan,2024,5,May
INV101366,2024-05-06,Hodan-Taleex,Personal Care,Shampoo 400ml,Member,Female,8,2.7,21.6,Evc Plus,Fadumo Yusuf,2024,5,May
INV101589,2024-05-06,Hamar Weyne,Personal Care,Body Lotion 200ml,Regular,Female,4,3.28,13.12,Cash,Ahmed Abdi,2024,5,May
INV101618,2024-05-06,Hodan-Taleex,Vegetables,Cabbage (each),Regular,Male,3,1.11,3.33,Evc Plus,Amina Hassan,2024,5,May
INV101402,2024-05-06,Laba Dhagax,Household,Rice 5kg,Member,Male,6,8.8,52.8,Evc Plus,Sahra Ibrahim,2024,5,May
INV101373,2024-05-06,Laba Dhagax,Dairy,Fresh Cream 200ml,Regular,Male,1,1.91,1.91,Evc Plus,Yusuf Farah,2024,5,May
INV101697,2024-05-06,Hamar Weyne,Vegetables,Onion (kg),Member,Female,7,0.82,5.74,Evc Plus,Ahmed Abdi,2024,5,May
INV101450,2024-05-07,Hamar Weyne,Beverages,Coffee 200g,Regular,Female,4,3.11,12.44,Zaad,Khadija Omar,2024,5,May
INV101635,2024-05-07,Hodan-Taleex,Fruits,Grapes (kg),Member,Female,7,3.1,21.7,Cash,Abdirahman Nur,2024,5,May
INV101653,2024-05-07,Hodan-Taleex,Household,Flour 2kg,Regular,Female,1,1.88,1.88,Evc Plus,Fadumo Yusuf,2024,5,May
INV101600,2024-05-07,Hamar Weyne,Bakery,White Bread,Member,Male,4,0.62,2.48,Zaad,Hodan Warsame,2024,5,May
INV101494,2024-05-07,Hamar Weyne,Vegetables,Onion (kg),Member,Male,4,1.04,4.16,Evc Plus,Ahmed Abdi,2024,5,May
INV101605,2024-05-07,Hodan-Taleex,Vegetables,Tomato (kg),Regular,Male,2,1.06,2.12,Visa,Mohamed Ali,2024,5,May
INV101375,2024-05-07,Hamar Weyne,Household,Flour 2kg,Regular,Male,1,2.97,2.97,Visa,Ahmed Abdi,2024,5,May
INV101445,2024-05-08,Hodan-Taleex,Vegetables,Cucumber (kg),Regular,Female,4,0.69,2.76,Evc Plus,Mohamed Ali,2024,5,May
INV101599,2024-05-08,Hodan-Taleex,Dairy,Fresh Cream 200ml,Member,Male,8,1.78,14.24,Evc Plus,Amina Hassan,2024,5,May
INV101577,2024-05-08,Hamar Weyne,Dairy,Butter 250g,Member,Male,4,3.27,13.08,Evc Plus,Hodan Warsame,2024,5,May
INV101592,2024-05-08,Laba Dhagax,Dairy,Milk 1L,Member,Male,3,1.36,4.08,Visa,Sahra Ibrahim,2024,5,May
INV101722,2024-05-08,Hodan-Taleex,Bakery,Cupcake,Member,Female,5,0.81,4.05,Cash,Amina Hassan,2024,5,May
INV101383,2024-05-08,Hodan-Taleex,Dairy,Butter 250g,Regular,Male,5,2.68,13.4,Zaad,Fadumo Yusuf,2024,5,May
INV101685,2024-05-08,Hodan-Taleex,Household,Flour 2kg,Member,Female,5,2.68,13.4,Evc Plus,Amina Hassan,2024,5,May
INV101480,2024-05-08,Hamar Weyne,Fruits,Banana (kg),Regular,Male,4,0.97,3.88,Evc Plus,Khadija Omar,2024,5,May
INV101470,2024-05-09,Hodan-Taleex,Personal Care,Toothpaste,Member,Female,4,1.51,6.04,Zaad,Fadumo Yusuf,2024,5,May
INV101454,2024-05-09,Hodan-Taleex,Personal Care,Hand Sanitizer 100ml,Member,Male,8,2.08,16.64,Zaad,Fadumo Yusuf,2024,5,May
INV101406,2024-05-09,Laba Dhagax,Vegetables,Cabbage (each),Member,Female,5,1.18,5.9,Evc Plus,Sahra Ibrahim,2024,5,May
INV101476,2024-05-09,Hodan-Taleex,Beverages,Orange Juice 1L,Member,Male,8,2.04,16.32,Evc Plus,Mohamed Ali,2024,5,May
INV101513,2024-05-09,Hodan-Taleex,Fruits,Apple (kg),Regular,Male,4,2.39,9.56,Evc Plus,Amina Hassan,2024,5,May
INV101540,2024-05-09,Laba Dhagax,Beverages,Sprite 500ml,Member,Male,7,0.78,5.46,Cash,Sahra Ibrahim,2024,5,May
INV101420,2024-05-10,Hodan-Taleex,Fruits,Banana (kg),Member,Male,3,1.14,3.42,Evc Plus,Abdirahman Nur,2024,5,May
INV101701,2024-05-10,Hodan-Taleex,Vegetables,Carrot (kg),Regular,Male,6,0.78,4.68,Zaad,Abdirahman Nur,2024,5,May
INV101523,2024-05-10,Hodan-Taleex,Fruits,Mango (kg),Member,Male,6,1.87,11.22,Evc Plus,Abdirahman Nur,2024,5,May
INV101388,2024-05-10,Hodan-Taleex,Beverages,Bottled Water 500ml,Regular,Female,5,0.49,2.45,Evc Plus,Amina Hassan,2024,5,May
INV101409,2024-05-10,Hamar Weyne,Bakery,Brown Bread,Regular,Male,1,1.02,1.02,Evc Plus,Ahmed Abdi,2024,5,May
INV101425,2024-05-10,Hodan-Taleex,Beverages,Apple Juice 1L,Regular,Male,4,2.38,9.52,Zaad,Abdirahman Nur,2024,5,May
INV101474,2024-05-10,Hodan-Taleex,Fruits,Grapes (kg),Member,Male,6,3.99,23.94,Cash,Fadumo Yusuf,2024,5,May
INV101670,2024-05-10,Laba Dhagax,Dairy,Yogurt 500g,Member,Male,5,1.92,9.6,Evc Plus,Sahra Ibrahim,2024,5,May
INV101400,2024-05-10,Hodan-Taleex,Bakery,White Bread,Regular,Female,1,0.68,0.68,Zaad,Mohamed Ali,2024,5,May
INV101527,2024-05-11,Laba Dhagax,Dairy,Eggs Tray (30pcs),Regular,Male,6,5.47,32.82,Cash,Yusuf Farah,2024,5,May
INV101664,2024-05-11,Hamar Weyne,Dairy,Fresh Cream 200ml,Regular,Male,2,2.35,4.7,Zaad,Ahmed Abdi,2024,5,May
INV101706,2024-05-11,Hamar Weyne,Snacks,Potato Chips,Regular,Female,3,1.05,3.15,Evc Plus,Khadija Omar,2024,5,May
INV101632,2024-05-11,Hodan-Taleex,Personal Care,Body Lotion 200ml,Member,Male,6,3.65,21.9,Evc Plus,Amina Hassan,2024,5,May
INV101611,2024-05-11,Hamar Weyne,Personal Care,Body Lotion 200ml,Regular,Female,6,3.31,19.86,Zaad,Ahmed Abdi,2024,5,May
INV101569,2024-05-11,Hodan-Taleex,Household,Sugar 2kg,Regular,Female,5,2.68,13.4,Visa,Abdirahman Nur,2024,5,May
INV101499,2024-05-11,Hamar Weyne,Household,Dish Soap 500ml,Regular,Female,2,1.89,3.78,Evc Plus,Khadija Omar,2024,5,May
INV101736,2024-05-11,Hodan-Taleex,Personal Care,Shampoo 400ml,Regular,Female,1,4.46,4.46,Evc Plus,Fadumo Yusuf,2024,5,May
INV101606,2024-05-11,Laba Dhagax,Dairy,Cheese 200g,Regular,Female,6,3.72,22.32,Visa,Yusuf Farah,2024,5,May
INV101614,2024-05-11,Hodan-Taleex,Snacks,Candy Pack,Regular,Female,2,0.69,1.38,Cash,Amina Hassan,2024,5,May
INV101453,2024-05-11,Hodan-Taleex,Bakery,White Bread,Regular,Male,4,0.7,2.8,Zaad,Mohamed Ali,2024,5,May
INV101724,2024-05-11,Hamar Weyne,Household,Pasta 500g,Regular,Female,1,1.64,1.64,Zaad,Ahmed Abdi,2024,5,May
INV101515,2024-05-11,Hodan-Taleex,Snacks,Potato Chips,Member,Female,2,0.88,1.76,Evc Plus,Mohamed Ali,2024,5,May
INV101598,2024-05-12,Laba Dhagax,Vegetables,Carrot (kg),Member,Male,4,1.02,4.08,Evc Plus,Sahra Ibrahim,2024,5,May
INV101492,2024-05-12,Hodan-Taleex,Beverages,Apple Juice 1L,Regular,Male,1,1.87,1.87,Evc Plus,Fadumo Yusuf,2024,5,May
INV101451,2024-05-12,Hamar Weyne,Beverages,Soft Drink Cola 500ml,Regular,Male,3,1.19,3.57,Evc Plus,Ahmed Abdi,2024,5,May
INV101631,2024-05-12,Hodan-Taleex,Snacks,Potato Chips,Member,Female,8,1.03,8.24,Zaad,Mohamed Ali,2024,5,May
INV101583,2024-05-12,Hodan-Taleex,Bakery,Donut,Member,Male,6,0.75,4.5,Evc Plus,Mohamed Ali,2024,5,May
INV101650,2024-05-12,Hamar Weyne,Vegetables,Potato (kg),Regular,Male,2,0.69,1.38,Visa,Khadija Omar,2024,5,May
INV101495,2024-05-12,Hamar Weyne,Personal Care,Toothbrush,Regular,Female,1,0.89,0.89,Evc Plus,Hodan Warsame,2024,5,May
INV101398,2024-05-12,Laba Dhagax,Vegetables,Potato (kg),Regular,Male,4,0.62,2.48,Zaad,Yusuf Farah,2024,5,May
INV101673,2024-05-12,Hodan-Taleex,Dairy,Eggs Tray (30pcs),Member,Female,2,5.4,10.8,Zaad,Mohamed Ali,2024,5,May
INV101580,2024-05-12,Hodan-Taleex,Fruits,Orange (kg),Member,Male,4,1.36,5.44,Zaad,Amina Hassan,2024,5,May
INV101708,2024-05-12,Laba Dhagax,Household,Dish Soap 500ml,Member,Female,5,1.69,8.45,Evc Plus,Yusuf Farah,2024,5,May
INV101561,2024-05-12,Hodan-Taleex,Snacks,Biscuit Snack Pack,Member,Male,7,0.8,5.6,Cash,Mohamed Ali,2024,5,May
INV101645,2024-05-12,Laba Dhagax,Personal Care,Hand Sanitizer 100ml,Regular,Female,2,2.13,4.26,Evc Plus,Sahra Ibrahim,2024,5,May
INV101414,2024-05-12,Hodan-Taleex,Personal Care,Toothbrush,Regular,Female,6,1.22,7.32,Evc Plus,Abdirahman Nur,2024,5,May
INV101640,2024-05-13,Hodan-Taleex,Bakery,Biscuits Pack,Regular,Female,1,1.17,1.17,Evc Plus,Amina Hassan,2024,5,May
INV101675,2024-05-13,Laba Dhagax,Personal Care,Body Lotion 200ml,Regular,Male,4,2.53,10.12,Cash,Yusuf Farah,2024,5,May
INV101532,2024-05-13,Hodan-Taleex,Household,Laundry Detergent 1kg,Regular,Male,3,3.96,11.88,Zaad,Abdirahman Nur,2024,5,May
INV101412,2024-05-13,Laba Dhagax,Beverages,Black Tea Pack,Member,Male,8,1.21,9.68,Evc Plus,Yusuf Farah,2024,5,May
INV101613,2024-05-13,Hodan-Taleex,Snacks,Biscuit Snack Pack,Regular,Female,4,0.68,2.72,Evc Plus,Fadumo Yusuf,2024,5,May
INV101512,2024-05-13,Hodan-Taleex,Bakery,Biscuits Pack,Regular,Male,6,0.84,5.04,Zaad,Fadumo Yusuf,2024,5,May
INV101500,2024-05-13,Hodan-Taleex,Household,Cooking Oil 1L,Member,Female,5,2.85,14.25,Evc Plus,Amina Hassan,2024,5,May
INV101466,2024-05-13,Laba Dhagax,Personal Care,Shampoo 400ml,Member,Male,2,3.18,6.36,Evc Plus,Sahra Ibrahim,2024,5,May
INV101714,2024-05-13,Laba Dhagax,Household,Laundry Detergent 1kg,Regular,Female,2,3.41,6.82,Evc Plus,Yusuf Farah,2024,5,May
INV101709,2024-05-13,Laba Dhagax,Beverages,Coffee 200g,Regular,Male,4,4.24,16.96,Zaad,Yusuf Farah,2024,5,May
INV101385,2024-05-13,Hamar Weyne,Personal Care,Bar Soap,Member,Female,7,0.61,4.27,Evc Plus,Khadija Omar,2024,5,May
INV101410,2024-05-13,Hamar Weyne,Beverages,Soft Drink Cola 500ml,Regular,Male,5,1.23,6.15,Evc Plus,Khadija Omar,2024,5,May
INV101543,2024-05-14,Hodan-Taleex,Vegetables,Potato (kg),Regular,Male,3,0.77,2.31,Zaad,Amina Hassan,2024,5,May
INV101696,2024-05-14,Hamar Weyne,Beverages,Bottled Water 500ml,Regular,Male,1,0.53,0.53,Evc Plus,Khadija Omar,2024,5,May
INV101659,2024-05-14,Hodan-Taleex,Beverages,Orange Juice 1L,Regular,Male,3,1.74,5.22,Evc Plus,Mohamed Ali,2024,5,May
INV101596,2024-05-14,Hodan-Taleex,Vegetables,Cabbage (each),Regular,Female,4,1.07,4.28,Cash,Amina Hassan,2024,5,May
INV101610,2024-05-14,Hodan-Taleex,Household,Dish Soap 500ml,Member,Female,4,1.38,5.52,Zaad,Abdirahman Nur,2024,5,May
INV101484,2024-05-14,Hamar Weyne,Vegetables,Potato (kg),Regular,Female,1,0.64,0.64,Zaad,Ahmed Abdi,2024,5,May
INV101545,2024-05-14,Laba Dhagax,Personal Care,Toothpaste,Regular,Male,1,1.78,1.78,Evc Plus,Sahra Ibrahim,2024,5,May
INV101663,2024-05-14,Hamar Weyne,Fruits,Apple (kg),Regular,Male,5,2.29,11.45,Zaad,Khadija Omar,2024,5,May
INV101516,2024-05-14,Laba Dhagax,Snacks,Peanuts 200g,Member,Female,2,1.09,2.18,Zaad,Yusuf Farah,2024,5,May
INV101376,2024-05-14,Hamar Weyne,Personal Care,Bar Soap,Regular,Male,1,0.7,0.7,Cash,Khadija Omar,2024,5,May
INV101434,2024-05-15,Hamar Weyne,Vegetables,Potato (kg),Member,Male,2,0.72,1.44,Cash,Hodan Warsame,2024,5,May
INV101534,2024-05-15,Hodan-Taleex,Bakery,White Bread,Member,Female,4,0.97,3.88,Visa,Amina Hassan,2024,5,May
INV101542,2024-05-15,Hamar Weyne,Household,Laundry Detergent 1kg,Regular,Female,6,3.34,20.04,Zaad,Ahmed Abdi,2024,5,May
INV101415,2024-05-15,Hamar Weyne,Beverages,Coffee 200g,Regular,Female,5,2.9,14.5,Evc Plus,Ahmed Abdi,2024,5,May
INV101518,2024-05-15,Hodan-Taleex,Dairy,Yogurt 500g,Member,Male,4,1.77,7.08,Cash,Amina Hassan,2024,5,May
INV101552,2024-05-15,Laba Dhagax,Personal Care,Hand Sanitizer 100ml,Member,Female,8,1.3,10.4,Evc Plus,Sahra Ibrahim,2024,5,May
INV101429,2024-05-15,Hamar Weyne,Bakery,White Bread,Regular,Male,2,0.86,1.72,Cash,Khadija Omar,2024,5,May
INV101677,2024-05-15,Hamar Weyne,Bakery,Biscuits Pack,Member,Female,5,1.12,5.6,Evc Plus,Ahmed Abdi,2024,5,May
INV101554,2024-05-15,Hamar Weyne,Beverages,Sprite 500ml,Regular,Male,1,1.21,1.21,Zaad,Ahmed Abdi,2024,5,May
INV101623,2024-05-15,Hodan-Taleex,Dairy,Eggs Tray (30pcs),Member,Male,2,5.48,10.96,Zaad,Abdirahman Nur,2024,5,May
INV101641,2024-05-15,Laba Dhagax,Beverages,Sprite 500ml,Regular,Male,6,0.89,5.34,Zaad,Sahra Ibrahim,2024,5,May
INV101460,2024-05-15,Laba Dhagax,Fruits,Orange (kg),Member,Male,2,1.68,3.36,Zaad,Yusuf Farah,2024,5,May
INV101489,2024-05-16,Hamar Weyne,Snacks,Chocolate Bar,Member,Male,7,0.73,5.11,Evc Plus,Ahmed Abdi,2024,5,May
INV101735,2024-05-16,Hamar Weyne,Dairy,Eggs Tray (30pcs),Regular,Female,6,5.16,30.96,Cash,Hodan Warsame,2024,5,May
INV101660,2024-05-16,Hodan-Taleex,Household,Cooking Oil 1L,Member,Male,2,2.71,5.42,Evc Plus,Mohamed Ali,2024,5,May
INV101461,2024-05-16,Hodan-Taleex,Personal Care,Hand Sanitizer 100ml,Member,Male,3,2.03,6.09,Zaad,Abdirahman Nur,2024,5,May
INV101719,2024-05-16,Hamar Weyne,Vegetables,Cabbage (each),Member,Male,5,1.37,6.85,Evc Plus,Ahmed Abdi,2024,5,May
INV101537,2024-05-16,Laba Dhagax,Dairy,Cheese 200g,Member,Female,4,2.56,10.24,Evc Plus,Sahra Ibrahim,2024,5,May
INV101390,2024-05-16,Hodan-Taleex,Household,Rice 5kg,Member,Male,4,7.01,28.04,Evc Plus,Amina Hassan,2024,5,May
INV101378,2024-05-16,Hodan-Taleex,Beverages,Bottled Water 500ml,Regular,Female,4,0.55,2.2,Zaad,Amina Hassan,2024,5,May
INV101507,2024-05-16,Hodan-Taleex,Beverages,Black Tea Pack,Member,Female,5,1.59,7.95,Cash,Abdirahman Nur,2024,5,May
INV101463,2024-05-17,Laba Dhagax,Fruits,Watermelon (each),Member,Male,3,3.13,9.39,Evc Plus,Yusuf Farah,2024,5,May
INV101563,2024-05-17,Hodan-Taleex,Beverages,Soft Drink Cola 500ml,Member,Male,4,1.04,4.16,Zaad,Amina Hassan,2024,5,May
INV101643,2024-05-17,Hodan-Taleex,Vegetables,Carrot (kg),Member,Male,8,1.02,8.16,Zaad,Mohamed Ali,2024,5,May
INV101477,2024-05-17,Hodan-Taleex,Personal Care,Hand Sanitizer 100ml,Regular,Female,6,1.62,9.72,Zaad,Mohamed Ali,2024,5,May
INV101698,2024-05-17,Hodan-Taleex,Bakery,Biscuits Pack,Regular,Male,2,1.14,2.28,Evc Plus,Fadumo Yusuf,2024,5,May
INV101691,2024-05-17,Hamar Weyne,Bakery,Cupcake,Regular,Female,3,0.78,2.34,Evc Plus,Khadija Omar,2024,5,May
INV101674,2024-05-17,Laba Dhagax,Fruits,Grapes (kg),Regular,Male,4,3.16,12.64,Evc Plus,Yusuf Farah,2024,5,May
INV101617,2024-05-17,Hamar Weyne,Dairy,Fresh Cream 200ml,Member,Male,3,1.79,5.37,Cash,Khadija Omar,2024,5,May
INV101391,2024-05-17,Hodan-Taleex,Vegetables,Cabbage (each),Regular,Male,1,0.99,0.99,Evc Plus,Fadumo Yusuf,2024,5,May
INV101478,2024-05-17,Hamar Weyne,Personal Care,Toothpaste,Regular,Male,3,1.76,5.28,Cash,Hodan Warsame,2024,5,May
INV101370,2024-05-17,Hodan-Taleex,Fruits,Apple (kg),Regular,Male,1,1.66,1.66,Zaad,Fadumo Yusuf,2024,5,May
INV101441,2024-05-17,Hamar Weyne,Household,Cooking Oil 1L,Regular,Female,2,3.57,7.14,Zaad,Ahmed Abdi,2024,5,May
INV101525,2024-05-17,Hodan-Taleex,Bakery,Brown Bread,Regular,Female,4,0.78,3.12,Visa,Amina Hassan,2024,5,May
INV101666,2024-05-17,Laba Dhagax,Household,Laundry Detergent 1kg,Member,Male,6,3.81,22.86,Evc Plus,Sahra Ibrahim,2024,5,May
INV101731,2024-05-18,Hodan-Taleex,Snacks,Popcorn Pack,Regular,Male,1,0.86,0.86,Visa,Mohamed Ali,2024,5,May
INV101395,2024-05-18,Hamar Weyne,Fruits,Apple (kg),Member,Female,8,2.45,19.6,Evc Plus,Hodan Warsame,2024,5,May
INV101649,2024-05-18,Hamar Weyne,Fruits,Apple (kg),Regular,Male,5,1.71,8.55,Zaad,Khadija Omar,2024,5,May
INV101421,2024-05-18,Hodan-Taleex,Snacks,Popcorn Pack,Regular,Female,3,0.93,2.79,Evc Plus,Mohamed Ali,2024,5,May
INV101729,2024-05-18,Hamar Weyne,Fruits,Grapes (kg),Regular,Male,3,2.59,7.77,Zaad,Khadija Omar,2024,5,May
INV101676,2024-05-18,Hamar Weyne,Beverages,Black Tea Pack,Member,Female,6,1.54,9.24,Evc Plus,Khadija Omar,2024,5,May
INV101473,2024-05-18,Hodan-Taleex,Personal Care,Hand Sanitizer 100ml,Member,Male,4,1.28,5.12,Evc Plus,Abdirahman Nur,2024,5,May
INV101389,2024-05-18,Hamar Weyne,Household,Dish Soap 500ml,Member,Female,3,1.97,5.91,Evc Plus,Khadija Omar,2024,5,May
INV101574,2024-05-18,Laba Dhagax,Fruits,Watermelon (each),Member,Male,2,2.54,5.08,Evc Plus,Sahra Ibrahim,2024,5,May
INV101505,2024-05-18,Hodan-Taleex,Snacks,Chocolate Bar,Regular,Male,1,0.99,0.99,Zaad,Abdirahman Nur,2024,5,May
INV101566,2024-05-18,Laba Dhagax,Beverages,Soft Drink Cola 500ml,Regular,Male,5,1.16,5.8,Zaad,Sahra Ibrahim,2024,5,May
INV101440,2024-05-19,Hodan-Taleex,Beverages,Apple Juice 1L,Regular,Female,4,1.99,7.96,Zaad,Fadumo Yusuf,2024,5,May
INV101401,2024-05-19,Laba Dhagax,Bakery,Cupcake,Member,Female,6,0.86,5.16,Evc Plus,Sahra Ibrahim,2024,5,May
INV101624,2024-05-19,Laba Dhagax,Vegetables,Tomato (kg),Member,Male,6,0.86,5.16,Evc Plus,Sahra Ibrahim,2024,5,May
INV101717,2024-05-19,Hamar Weyne,Personal Care,Shampoo 400ml,Member,Male,8,3.54,28.32,Evc Plus,Hodan Warsame,2024,5,May
INV101559,2024-05-19,Hodan-Taleex,Fruits,Orange (kg),Regular,Male,4,1.41,5.64,Evc Plus,Amina Hassan,2024,5,May
INV101517,2024-05-19,Hamar Weyne,Dairy,Cheese 200g,Regular,Male,3,3.33,9.99,Cash,Ahmed Abdi,2024,5,May
INV101377,2024-05-19,Hodan-Taleex,Bakery,Croissant,Member,Male,4,0.89,3.56,Evc Plus,Fadumo Yusuf,2024,5,May
INV101681,2024-05-19,Hamar Weyne,Fruits,Grapes (kg),Regular,Female,3,3.46,10.38,Evc Plus,Khadija Omar,2024,5,May
INV101593,2024-05-19,Hodan-Taleex,Dairy,Milk 1L,Member,Female,5,1.71,8.55,Evc Plus,Abdirahman Nur,2024,5,May
INV101496,2024-05-19,Hamar Weyne,Beverages,Apple Juice 1L,Member,Female,5,2.07,10.35,Evc Plus,Hodan Warsame,2024,5,May
INV101682,2024-05-19,Hamar Weyne,Vegetables,Onion (kg),Regular,Male,1,0.79,0.79,Zaad,Hodan Warsame,2024,5,May
INV101595,2024-05-19,Hamar Weyne,Dairy,Fresh Cream 200ml,Member,Female,6,1.85,11.1,Evc Plus,Hodan Warsame,2024,5,May
INV101628,2024-05-19,Hodan-Taleex,Vegetables,Cabbage (each),Regular,Female,6,0.91,5.46,Evc Plus,Abdirahman Nur,2024,5,May
INV101491,2024-05-19,Laba Dhagax,Household,Sugar 2kg,Regular,Female,1,2.15,2.15,Evc Plus,Sahra Ibrahim,2024,5,May
INV101502,2024-05-19,Hodan-Taleex,Household,Flour 2kg,Regular,Male,2,2.65,5.3,Evc Plus,Fadumo Yusuf,2024,5,May
INV101727,2024-05-19,Hamar Weyne,Beverages,Black Tea Pack,Regular,Male,1,1.34,1.34,Evc Plus,Khadija Omar,2024,5,May
INV101575,2024-05-19,Hodan-Taleex,Bakery,Croissant,Regular,Female,4,0.9,3.6,Evc Plus,Amina Hassan,2024,5,May
INV101387,2024-05-20,Laba Dhagax,Fruits,Orange (kg),Regular,Male,4,1.73,6.92,Zaad,Sahra Ibrahim,2024,5,May
INV101456,2024-05-20,Hamar Weyne,Vegetables,Cabbage (each),Member,Male,2,1.27,2.54,Evc Plus,Khadija Omar,2024,5,May
INV101511,2024-05-20,Hodan-Taleex,Fruits,Banana (kg),Member,Female,7,0.88,6.16,Evc Plus,Mohamed Ali,2024,5,May
INV101564,2024-05-20,Laba Dhagax,Fruits,Banana (kg),Member,Male,3,1.03,3.09,Evc Plus,Yusuf Farah,2024,5,May
INV101430,2024-05-20,Hamar Weyne,Vegetables,Tomato (kg),Member,Female,4,1.01,4.04,Visa,Ahmed Abdi,2024,5,May
INV101671,2024-05-20,Hodan-Taleex,Personal Care,Toothpaste,Regular,Male,2,1.92,3.84,Zaad,Mohamed Ali,2024,5,May
INV101449,2024-05-20,Hamar Weyne,Vegetables,Cucumber (kg),Member,Male,3,0.68,2.04,Visa,Ahmed Abdi,2024,5,May
INV101514,2024-05-20,Hodan-Taleex,Bakery,White Bread,Member,Male,3,0.7,2.1,Zaad,Abdirahman Nur,2024,5,May
INV101657,2024-05-20,Laba Dhagax,Household,Dish Soap 500ml,Regular,Female,1,1.47,1.47,Evc Plus,Yusuf Farah,2024,5,May
INV101581,2024-05-20,Hamar Weyne,Household,Dish Soap 500ml,Member,Male,6,1.98,11.88,Evc Plus,Khadija Omar,2024,5,May
INV101639,2024-05-20,Hodan-Taleex,Dairy,Eggs Tray (30pcs),Regular,Male,2,5.18,10.36,Evc Plus,Abdirahman Nur,2024,5,May
INV101716,2024-05-20,Laba Dhagax,Household,Dish Soap 500ml,Regular,Male,6,1.51,9.06,Cash,Yusuf Farah,2024,5,May
INV101475,2024-05-21,Hamar Weyne,Beverages,Black Tea Pack,Regular,Female,5,1.34,6.7,Evc Plus,Hodan Warsame,2024,5,May
INV101486,2024-05-21,Hodan-Taleex,Household,Rice 5kg,Regular,Female,3,8.25,24.75,Evc Plus,Abdirahman Nur,2024,5,May
INV101567,2024-05-21,Hodan-Taleex,Vegetables,Potato (kg),Regular,Female,2,0.99,1.98,Evc Plus,Amina Hassan,2024,5,May
INV101655,2024-05-21,Hodan-Taleex,Dairy,Butter 250g,Regular,Male,5,2.49,12.45,Evc Plus,Mohamed Ali,2024,5,May
INV101712,2024-05-21,Hodan-Taleex,Snacks,Chocolate Bar,Regular,Female,6,0.71,4.26,Evc Plus,Abdirahman Nur,2024,5,May
INV101457,2024-05-21,Hodan-Taleex,Snacks,Peanuts 200g,Member,Male,6,0.86,5.16,Evc Plus,Amina Hassan,2024,5,May
INV101433,2024-05-21,Hodan-Taleex,Beverages,Orange Juice 1L,Member,Male,5,2.15,10.75,Evc Plus,Mohamed Ali,2024,5,May
INV101672,2024-05-21,Hamar Weyne,Fruits,Banana (kg),Member,Female,6,1.02,6.12,Evc Plus,Hodan Warsame,2024,5,May
INV101369,2024-05-21,Hodan-Taleex,Household,Flour 2kg,Regular,Male,1,2.28,2.28,Cash,Abdirahman Nur,2024,5,May
INV101503,2024-05-21,Hamar Weyne,Personal Care,Hand Sanitizer 100ml,Member,Female,6,1.85,11.1,Zaad,Ahmed Abdi,2024,5,May
INV101443,2024-05-21,Hodan-Taleex,Vegetables,Cucumber (kg),Regular,Male,4,0.85,3.4,Evc Plus,Abdirahman Nur,2024,5,May
INV101407,2024-05-21,Hamar Weyne,Household,Dish Soap 500ml,Member,Male,4,1.98,7.92,Evc Plus,Ahmed Abdi,2024,5,May
INV101548,2024-05-21,Hodan-Taleex,Bakery,Donut,Regular,Male,3,0.72,2.16,Evc Plus,Mohamed Ali,2024,5,May
INV101418,2024-05-21,Hodan-Taleex,Snacks,Chocolate Bar,Member,Female,5,1.01,5.05,Zaad,Amina Hassan,2024,5,May
INV101522,2024-05-22,Hodan-Taleex,Vegetables,Cucumber (kg),Member,Female,6,0.7,4.2,Cash,Amina Hassan,2024,5,May
INV101539,2024-05-22,Hodan-Taleex,Snacks,Biscuit Snack Pack,Member,Female,3,0.82,2.46,Visa,Fadumo Yusuf,2024,5,May
INV101565,2024-05-22,Hodan-Taleex,Dairy,Fresh Cream 200ml,Regular,Female,1,2.02,2.02,Evc Plus,Fadumo Yusuf,2024,5,May
INV101485,2024-05-22,Laba Dhagax,Vegetables,Cucumber (kg),Regular,Male,4,0.63,2.52,Cash,Sahra Ibrahim,2024,5,May
INV101642,2024-05-22,Laba Dhagax,Bakery,Biscuits Pack,Member,Male,7,0.82,5.74,Evc Plus,Yusuf Farah,2024,5,May
INV101615,2024-05-22,Hodan-Taleex,Household,Pasta 500g,Member,Female,2,1.14,2.28,Evc Plus,Abdirahman Nur,2024,5,May
INV101529,2024-05-22,Hamar Weyne,Beverages,Bottled Water 500ml,Regular,Female,1,0.57,0.57,Evc Plus,Ahmed Abdi,2024,5,May
INV101718,2024-05-22,Hodan-Taleex,Bakery,Brown Bread,Regular,Female,1,0.82,0.82,Visa,Amina Hassan,2024,5,May
INV101688,2024-05-22,Laba Dhagax,Dairy,Butter 250g,Regular,Male,5,2.87,14.35,Evc Plus,Sahra Ibrahim,2024,5,May
INV101467,2024-05-22,Hodan-Taleex,Vegetables,Potato (kg),Member,Male,5,0.9,4.5,Evc Plus,Mohamed Ali,2024,5,May
INV101381,2024-05-22,Hodan-Taleex,Household,Sugar 2kg,Member,Male,8,2.34,18.72,Evc Plus,Mohamed Ali,2024,5,May
INV101711,2024-05-22,Hamar Weyne,Personal Care,Body Lotion 200ml,Regular,Male,3,3.18,9.54,Evc Plus,Ahmed Abdi,2024,5,May
INV101462,2024-05-23,Hamar Weyne,Dairy,Fresh Cream 200ml,Regular,Male,1,1.77,1.77,Zaad,Khadija Omar,2024,5,May
INV101432,2024-05-23,Laba Dhagax,Beverages,Bottled Water 500ml,Member,Male,2,0.54,1.08,Evc Plus,Sahra Ibrahim,2024,5,May
INV101721,2024-05-23,Hamar Weyne,Personal Care,Bar Soap,Member,Male,2,0.72,1.44,Evc Plus,Ahmed Abdi,2024,5,May
INV101397,2024-05-23,Hamar Weyne,Bakery,Biscuits Pack,Regular,Male,4,0.98,3.92,Visa,Hodan Warsame,2024,5,May
INV101689,2024-05-23,Hamar Weyne,Beverages,Bottled Water 500ml,Member,Male,8,0.33,2.64,Evc Plus,Hodan Warsame,2024,5,May
INV101571,2024-05-23,Hodan-Taleex,Snacks,Potato Chips,Regular,Male,1,1.07,1.07,Evc Plus,Amina Hassan,2024,5,May
INV101678,2024-05-23,Hamar Weyne,Fruits,Grapes (kg),Regular,Female,1,3.0,3.0,Zaad,Khadija Omar,2024,5,May
INV101607,2024-05-23,Laba Dhagax,Fruits,Apple (kg),Member,Male,5,2.27,11.35,Evc Plus,Sahra Ibrahim,2024,5,May
INV101524,2024-05-23,Laba Dhagax,Bakery,Cupcake,Regular,Male,3,0.54,1.62,Zaad,Sahra Ibrahim,2024,5,May
INV101734,2024-05-23,Hodan-Taleex,Household,Sugar 2kg,Member,Female,4,2.6,10.4,Cash,Amina Hassan,2024,5,May
INV101684,2024-05-23,Hamar Weyne,Fruits,Mango (kg),Member,Female,7,1.75,12.25,Visa,Ahmed Abdi,2024,5,May
INV101458,2024-05-23,Hodan-Taleex,Dairy,Milk 1L,Member,Female,3,1.58,4.74,Evc Plus,Amina Hassan,2024,5,May
INV101626,2024-05-23,Hamar Weyne,Household,Flour 2kg,Regular,Female,3,2.64,7.92,Zaad,Khadija Omar,2024,5,May
INV101622,2024-05-23,Hodan-Taleex,Bakery,Cupcake,Member,Female,6,0.58,3.48,Zaad,Abdirahman Nur,2024,5,May
INV101621,2024-05-23,Hamar Weyne,Bakery,Brown Bread,Regular,Male,3,0.87,2.61,Evc Plus,Hodan Warsame,2024,5,May
INV101506,2024-05-23,Hodan-Taleex,Beverages,Orange Juice 1L,Regular,Female,2,1.75,3.5,Cash,Mohamed Ali,2024,5,May
INV101590,2024-05-23,Hodan-Taleex,Personal Care,Shampoo 400ml,Regular,Female,5,3.89,19.45,Evc Plus,Fadumo Yusuf,2024,5,May
INV101630,2024-05-23,Hamar Weyne,Household,Pasta 500g,Member,Female,7,1.73,12.11,Zaad,Khadija Omar,2024,5,May
INV101568,2024-05-23,Hodan-Taleex,Beverages,Sprite 500ml,Regular,Female,2,1.08,2.16,Zaad,Mohamed Ali,2024,5,May
INV101446,2024-05-24,Hodan-Taleex,Household,Sugar 2kg,Regular,Female,2,3.06,6.12,Cash,Fadumo Yusuf,2024,5,May
INV101694,2024-05-24,Hodan-Taleex,Bakery,Croissant,Member,Female,7,0.9,6.3,Evc Plus,Fadumo Yusuf,2024,5,May
INV101699,2024-05-24,Hodan-Taleex,Vegetables,Carrot (kg),Regular,Male,2,0.8,1.6,Visa,Amina Hassan,2024,5,May
INV101634,2024-05-24,Laba Dhagax,Beverages,Orange Juice 1L,Member,Male,7,2.19,15.33,Evc Plus,Yusuf Farah,2024,5,May
INV101444,2024-05-24,Laba Dhagax,Vegetables,Carrot (kg),Member,Female,2,0.78,1.56,Evc Plus,Yusuf Farah,2024,5,May
INV101439,2024-05-24,Laba Dhagax,Vegetables,Onion (kg),Member,Female,7,0.89,6.23,Zaad,Yusuf Farah,2024,5,May
INV101427,2024-05-24,Hodan-Taleex,Fruits,Orange (kg),Member,Male,3,1.15,3.45,Evc Plus,Fadumo Yusuf,2024,5,May
INV101367,2024-05-24,Hodan-Taleex,Snacks,Chocolate Bar,Member,Male,4,0.85,3.4,Zaad,Fadumo Yusuf,2024,5,May
INV101501,2024-05-24,Hamar Weyne,Snacks,Candy Pack,Regular,Male,6,0.86,5.16,Evc Plus,Khadija Omar,2024,5,May
INV101680,2024-05-24,Laba Dhagax,Snacks,Potato Chips,Regular,Female,4,1.22,4.88,Cash,Yusuf Farah,2024,5,May
INV101588,2024-05-25,Laba Dhagax,Household,Dish Soap 500ml,Regular,Male,2,1.61,3.22,Evc Plus,Yusuf Farah,2024,5,May
INV101720,2024-05-25,Hamar Weyne,Snacks,Candy Pack,Regular,Male,2,0.58,1.16,Evc Plus,Ahmed Abdi,2024,5,May
INV101604,2024-05-25,Laba Dhagax,Vegetables,Tomato (kg),Member,Male,5,1.03,5.15,Cash,Yusuf Farah,2024,5,May
INV101683,2024-05-25,Hodan-Taleex,Bakery,Donut,Regular,Female,3,0.91,2.73,Evc Plus,Mohamed Ali,2024,5,May
INV101498,2024-05-25,Hamar Weyne,Bakery,Brown Bread,Regular,Male,5,0.95,4.75,Visa,Ahmed Abdi,2024,5,May
INV101656,2024-05-25,Hodan-Taleex,Household,Laundry Detergent 1kg,Regular,Male,3,2.76,8.28,Zaad,Abdirahman Nur,2024,5,May
INV101526,2024-05-25,Hodan-Taleex,Household,Laundry Detergent 1kg,Regular,Female,6,2.89,17.34,Evc Plus,Fadumo Yusuf,2024,5,May
INV101411,2024-05-25,Hamar Weyne,Vegetables,Tomato (kg),Regular,Female,2,0.82,1.64,Evc Plus,Hodan Warsame,2024,5,May
INV101504,2024-05-25,Laba Dhagax,Bakery,Donut,Member,Male,6,0.81,4.86,Evc Plus,Sahra Ibrahim,2024,5,May
INV101544,2024-05-25,Hamar Weyne,Bakery,White Bread,Member,Female,5,0.74,3.7,Evc Plus,Khadija Omar,2024,5,May
INV101465,2024-05-25,Hamar Weyne,Vegetables,Cabbage (each),Member,Female,2,1.07,2.14,Cash,Khadija Omar,2024,5,May
INV101572,2024-05-25,Hamar Weyne,Vegetables,Cabbage (each),Regular,Male,2,1.09,2.18,Evc Plus,Hodan Warsame,2024,5,May
INV101594,2024-05-25,Hodan-Taleex,Fruits,Watermelon (each),Member,Female,6,2.13,12.78,Evc Plus,Mohamed Ali,2024,5,May
INV101371,2024-05-26,Hamar Weyne,Personal Care,Hand Sanitizer 100ml,Regular,Male,5,1.89,9.45,Evc Plus,Ahmed Abdi,2024,5,May
INV101562,2024-05-26,Hodan-Taleex,Vegetables,Cucumber (kg),Regular,Female,2,0.7,1.4,Evc Plus,Abdirahman Nur,2024,5,May
INV101737,2024-05-26,Laba Dhagax,Personal Care,Shampoo 400ml,Member,Male,8,3.97,31.76,Cash,Sahra Ibrahim,2024,5,May
INV101426,2024-05-26,Hamar Weyne,Household,Rice 5kg,Regular,Female,6,7.85,47.1,Evc Plus,Khadija Omar,2024,5,May
INV101533,2024-05-26,Hamar Weyne,Fruits,Mango (kg),Member,Female,3,1.87,5.61,Evc Plus,Ahmed Abdi,2024,5,May
INV101654,2024-05-26,Hamar Weyne,Fruits,Banana (kg),Regular,Female,1,1.16,1.16,Evc Plus,Khadija Omar,2024,5,May
INV101713,2024-05-26,Hamar Weyne,Beverages,Orange Juice 1L,Member,Female,8,1.55,12.4,Zaad,Khadija Omar,2024,5,May
INV101413,2024-05-26,Hodan-Taleex,Dairy,Fresh Cream 200ml,Regular,Male,1,1.8,1.8,Zaad,Abdirahman Nur,2024,5,May
INV101603,2024-05-26,Hodan-Taleex,Beverages,Bottled Water 500ml,Regular,Female,3,0.55,1.65,Evc Plus,Fadumo Yusuf,2024,5,May
INV101557,2024-05-26,Hamar Weyne,Personal Care,Body Lotion 200ml,Regular,Female,2,3.8,7.6,Evc Plus,Ahmed Abdi,2024,5,May
INV101730,2024-05-26,Hodan-Taleex,Fruits,Grapes (kg),Regular,Female,3,3.66,10.98,Evc Plus,Mohamed Ali,2024,5,May
INV101472,2024-05-26,Hamar Weyne,Household,Cooking Oil 1L,Regular,Female,6,3.02,18.12,Evc Plus,Ahmed Abdi,2024,5,May
INV101530,2024-05-26,Hodan-Taleex,Vegetables,Onion (kg),Regular,Female,4,0.87,3.48,Zaad,Mohamed Ali,2024,5,May
INV101536,2024-05-26,Laba Dhagax,Bakery,Donut,Regular,Male,5,0.85,4.25,Evc Plus,Yusuf Farah,2024,5,May
INV101468,2024-05-26,Hamar Weyne,Bakery,Croissant,Member,Male,7,1.29,9.03,Evc Plus,Ahmed Abdi,2024,5,May
INV101693,2024-05-26,Hamar Weyne,Beverages,Black Tea Pack,Member,Male,7,1.57,10.99,Evc Plus,Ahmed Abdi,2024,5,May
INV101587,2024-05-26,Hodan-Taleex,Snacks,Chocolate Bar,Regular,Female,2,1.04,2.08,Evc Plus,Mohamed Ali,2024,5,May
INV101379,2024-05-27,Hamar Weyne,Dairy,Cheese 200g,Member,Male,3,3.92,11.76,Zaad,Hodan Warsame,2024,5,May
INV101497,2024-05-27,Hamar Weyne,Fruits,Orange (kg),Regular,Female,4,1.67,6.68,Evc Plus,Khadija Omar,2024,5,May
INV101424,2024-05-27,Laba Dhagax,Bakery,White Bread,Regular,Female,2,0.91,1.82,Cash,Sahra Ibrahim,2024,5,May
INV101487,2024-05-27,Hodan-Taleex,Vegetables,Carrot (kg),Regular,Female,6,1.19,7.14,Evc Plus,Abdirahman Nur,2024,5,May
INV101601,2024-05-27,Hodan-Taleex,Bakery,Donut,Member,Female,4,0.72,2.88,Cash,Fadumo Yusuf,2024,5,May
INV101437,2024-05-27,Laba Dhagax,Household,Rice 5kg,Regular,Male,2,7.38,14.76,Evc Plus,Yusuf Farah,2024,5,May
INV101531,2024-05-27,Hamar Weyne,Household,Flour 2kg,Member,Male,6,1.84,11.04,Zaad,Ahmed Abdi,2024,5,May
INV101481,2024-05-27,Laba Dhagax,Fruits,Mango (kg),Regular,Female,3,1.73,5.19,Evc Plus,Sahra Ibrahim,2024,5,May
INV101669,2024-05-27,Laba Dhagax,Bakery,Brown Bread,Member,Male,3,0.94,2.82,Visa,Sahra Ibrahim,2024,5,May
INV101652,2024-05-27,Hamar Weyne,Dairy,Milk 1L,Regular,Female,2,1.05,2.1,Zaad,Khadija Omar,2024,5,May
INV101732,2024-05-27,Laba Dhagax,Fruits,Apple (kg),Member,Male,8,2.44,19.52,Visa,Yusuf Farah,2024,5,May
INV101695,2024-05-27,Laba Dhagax,Personal Care,Bar Soap,Member,Female,2,0.99,1.98,Evc Plus,Yusuf Farah,2024,5,May
INV101573,2024-05-27,Hamar Weyne,Personal Care,Toothbrush,Regular,Female,2,1.08,2.16,Evc Plus,Khadija Omar,2024,5,May
INV101679,2024-05-28,Hodan-Taleex,Bakery,Donut,Member,Male,3,0.6,1.8,Zaad,Abdirahman Nur,2024,5,May
INV101620,2024-05-28,Laba Dhagax,Vegetables,Cucumber (kg),Regular,Male,4,0.98,3.92,Cash,Yusuf Farah,2024,5,May
INV101538,2024-05-28,Hodan-Taleex,Beverages,Bottled Water 500ml,Regular,Male,6,0.42,2.52,Evc Plus,Mohamed Ali,2024,5,May
INV101436,2024-05-28,Hodan-Taleex,Personal Care,Toothbrush,Regular,Female,4,1.13,4.52,Zaad,Mohamed Ali,2024,5,May
INV101447,2024-05-28,Hodan-Taleex,Vegetables,Onion (kg),Member,Female,8,0.84,6.72,Evc Plus,Abdirahman Nur,2024,5,May
INV101508,2024-05-28,Hamar Weyne,Fruits,Orange (kg),Regular,Female,2,1.33,2.66,Zaad,Hodan Warsame,2024,5,May
INV101438,2024-05-28,Laba Dhagax,Beverages,Soft Drink Cola 500ml,Member,Female,2,0.8,1.6,Cash,Yusuf Farah,2024,5,May
INV101738,2024-05-28,Hodan-Taleex,Personal Care,Bar Soap,Member,Male,8,0.89,7.12,Visa,Mohamed Ali,2024,5,May
INV101469,2024-05-28,Laba Dhagax,Vegetables,Onion (kg),Regular,Female,6,0.95,5.7,Cash,Yusuf Farah,2024,5,May
INV101380,2024-05-28,Hodan-Taleex,Dairy,Fresh Cream 200ml,Regular,Female,4,1.63,6.52,Zaad,Fadumo Yusuf,2024,5,May
INV101667,2024-05-28,Laba Dhagax,Bakery,Biscuits Pack,Regular,Female,6,0.8,4.8,Evc Plus,Yusuf Farah,2024,5,May
INV101700,2024-05-28,Hodan-Taleex,Personal Care,Body Lotion 200ml,Regular,Male,3,3.97,11.91,Evc Plus,Mohamed Ali,2024,5,May
INV101728,2024-05-28,Laba Dhagax,Personal Care,Toothbrush,Member,Male,6,1.06,6.36,Cash,Sahra Ibrahim,2024,5,May
INV101399,2024-05-28,Hamar Weyne,Snacks,Peanuts 200g,Member,Female,5,1.1,5.5,Evc Plus,Ahmed Abdi,2024,5,May
INV101586,2024-05-28,Laba Dhagax,Dairy,Yogurt 500g,Member,Male,7,2.0,14.0,Visa,Yusuf Farah,2024,5,May
INV101403,2024-05-29,Hamar Weyne,Beverages,Sprite 500ml,Regular,Male,4,1.09,4.36,Evc Plus,Khadija Omar,2024,5,May
INV101394,2024-05-29,Hodan-Taleex,Household,Cooking Oil 1L,Regular,Female,5,2.97,14.85,Zaad,Fadumo Yusuf,2024,5,May
INV101435,2024-05-29,Hamar Weyne,Vegetables,Cucumber (kg),Regular,Female,1,0.65,0.65,Visa,Hodan Warsame,2024,5,May
INV101471,2024-05-29,Hodan-Taleex,Personal Care,Bar Soap,Member,Female,5,0.82,4.1,Zaad,Mohamed Ali,2024,5,May
INV101690,2024-05-29,Hodan-Taleex,Vegetables,Tomato (kg),Regular,Male,5,1.15,5.75,Evc Plus,Abdirahman Nur,2024,5,May
INV101570,2024-05-29,Hodan-Taleex,Vegetables,Onion (kg),Regular,Female,2,0.65,1.3,Zaad,Fadumo Yusuf,2024,5,May
INV101558,2024-05-29,Laba Dhagax,Vegetables,Cabbage (each),Regular,Female,4,1.28,5.12,Evc Plus,Sahra Ibrahim,2024,5,May
INV101627,2024-05-29,Hodan-Taleex,Vegetables,Tomato (kg),Regular,Male,4,0.82,3.28,Evc Plus,Fadumo Yusuf,2024,5,May
INV101442,2024-05-29,Hodan-Taleex,Vegetables,Potato (kg),Regular,Female,5,0.63,3.15,Cash,Amina Hassan,2024,5,May
INV101692,2024-05-29,Hodan-Taleex,Household,Rice 5kg,Regular,Female,6,7.73,46.38,Zaad,Abdirahman Nur,2024,5,May
INV101553,2024-05-29,Laba Dhagax,Beverages,Black Tea Pack,Regular,Male,1,1.38,1.38,Evc Plus,Sahra Ibrahim,2024,5,May
INV101579,2024-05-29,Hodan-Taleex,Beverages,Orange Juice 1L,Member,Male,5,2.15,10.75,Zaad,Amina Hassan,2024,5,May
INV101393,2024-05-29,Hamar Weyne,Dairy,Eggs Tray (30pcs),Regular,Female,4,4.07,16.28,Evc Plus,Khadija Omar,2024,5,May
INV101591,2024-05-30,Hodan-Taleex,Vegetables,Cucumber (kg),Regular,Female,5,0.76,3.8,Evc Plus,Abdirahman Nur,2024,5,May
INV101715,2024-05-30,Hamar Weyne,Household,Cooking Oil 1L,Regular,Male,3,3.14,9.42,Evc Plus,Ahmed Abdi,2024,5,May
INV101535,2024-05-30,Laba Dhagax,Dairy,Cheese 200g,Member,Male,8,2.92,23.36,Visa,Sahra Ibrahim,2024,5,May
INV101374,2024-05-30,Hamar Weyne,Fruits,Grapes (kg),Member,Male,2,3.92,7.84,Zaad,Khadija Omar,2024,5,May
INV101582,2024-05-30,Laba Dhagax,Personal Care,Shampoo 400ml,Member,Male,2,2.79,5.58,Evc Plus,Yusuf Farah,2024,5,May
INV101602,2024-05-30,Hodan-Taleex,Bakery,Donut,Regular,Male,6,0.9,5.4,Zaad,Fadumo Yusuf,2024,5,May
INV101464,2024-05-30,Hodan-Taleex,Dairy,Cheese 200g,Member,Male,8,3.14,25.12,Zaad,Abdirahman Nur,2024,5,May
INV101725,2024-05-30,Hodan-Taleex,Snacks,Biscuit Snack Pack,Member,Male,7,0.74,5.18,Evc Plus,Mohamed Ali,2024,5,May
INV101365,2024-05-30,Hodan-Taleex,Beverages,Black Tea Pack,Regular,Female,4,1.74,6.96,Evc Plus,Fadumo Yusuf,2024,5,May
INV101636,2024-05-30,Hodan-Taleex,Beverages,Apple Juice 1L,Regular,Male,3,1.61,4.83,Evc Plus,Abdirahman Nur,2024,5,May
INV101665,2024-05-30,Hodan-Taleex,Dairy,Yogurt 500g,Regular,Male,5,1.25,6.25,Evc Plus,Fadumo Yusuf,2024,5,May
INV101408,2024-05-30,Hamar Weyne,Vegetables,Carrot (kg),Regular,Female,6,1.2,7.2,Visa,Ahmed Abdi,2024,5,May
INV101578,2024-05-30,Hodan-Taleex,Bakery,Donut,Regular,Male,2,0.94,1.88,Cash,Mohamed Ali,2024,5,May
INV101455,2024-05-31,Hamar Weyne,Personal Care,Bar Soap,Regular,Male,6,0.53,3.18,Evc Plus,Hodan Warsame,2024,5,May
INV101551,2024-05-31,Hodan-Taleex,Beverages,Soft Drink Cola 500ml,Regular,Female,5,1.15,5.75,Evc Plus,Fadumo Yusuf,2024,5,May
INV101710,2024-05-31,Hodan-Taleex,Beverages,Orange Juice 1L,Member,Male,8,2.03,16.24,Cash,Mohamed Ali,2024,5,May
INV101705,2024-05-31,Hamar Weyne,Dairy,Milk 1L,Regular,Male,4,1.48,5.92,Evc Plus,Hodan Warsame,2024,5,May
INV101687,2024-05-31,Hamar Weyne,Household,Dish Soap 500ml,Member,Male,4,1.68,6.72,Cash,Ahmed Abdi,2024,5,May
INV101612,2024-05-31,Hodan-Taleex,Snacks,Biscuit Snack Pack,Regular,Male,2,0.66,1.32,Evc Plus,Amina Hassan,2024,5,May
INV101550,2024-05-31,Hodan-Taleex,Dairy,Butter 250g,Regular,Male,1,2.71,2.71,Evc Plus,Fadumo Yusuf,2024,5,May
INV101490,2024-05-31,Hodan-Taleex,Personal Care,Toothbrush,Regular,Male,5,1.06,5.3,Cash,Amina Hassan,2024,5,May
INV101707,2024-05-31,Hamar Weyne,Household,Laundry Detergent 1kg,Member,Female,4,3.73,14.92,Evc Plus,Khadija Omar,2024,5,May
INV101865,2024-06-01,Hodan-Taleex,Beverages,Soft Drink Cola 500ml,Regular,Female,6,1.02,6.12,Evc Plus,Mohamed Ali,2024,6,June
INV102075,2024-06-01,Hodan-Taleex,Vegetables,Onion (kg),Member,Female,2,1.06,2.12,Evc Plus,Abdirahman Nur,2024,6,June
INV102050,2024-06-01,Hodan-Taleex,Household,Dish Soap 500ml,Regular,Female,3,1.49,4.47,Cash,Fadumo Yusuf,2024,6,June
INV102060,2024-06-01,Hodan-Taleex,Snacks,Biscuit Snack Pack,Member,Female,4,0.64,2.56,Evc Plus,Abdirahman Nur,2024,6,June
INV102078,2024-06-01,Laba Dhagax,Beverages,Soft Drink Cola 500ml,Regular,Female,2,0.95,1.9,Evc Plus,Yusuf Farah,2024,6,June
INV102084,2024-06-01,Hodan-Taleex,Household,Pasta 500g,Regular,Female,6,1.79,10.74,Evc Plus,Fadumo Yusuf,2024,6,June
INV101984,2024-06-01,Laba Dhagax,Bakery,Cupcake,Member,Female,2,0.58,1.16,Evc Plus,Sahra Ibrahim,2024,6,June
INV101950,2024-06-01,Hamar Weyne,Snacks,Biscuit Snack Pack,Member,Male,4,0.93,3.72,Zaad,Ahmed Abdi,2024,6,June
INV102109,2024-06-01,Hodan-Taleex,Vegetables,Carrot (kg),Member,Female,6,1.02,6.12,Cash,Amina Hassan,2024,6,June
INV101757,2024-06-01,Laba Dhagax,Beverages,Sprite 500ml,Member,Male,5,1.16,5.8,Evc Plus,Yusuf Farah,2024,6,June
INV101906,2024-06-01,Hodan-Taleex,Beverages,Soft Drink Cola 500ml,Member,Female,2,1.22,2.44,Evc Plus,Amina Hassan,2024,6,June
INV101847,2024-06-01,Hamar Weyne,Household,Flour 2kg,Regular,Male,2,2.44,4.88,Evc Plus,Hodan Warsame,2024,6,June
INV102045,2024-06-01,Hamar Weyne,Beverages,Sprite 500ml,Member,Male,7,1.13,7.91,Evc Plus,Khadija Omar,2024,6,June
INV101979,2024-06-01,Hodan-Taleex,Dairy,Milk 1L,Regular,Female,1,1.39,1.39,Zaad,Fadumo Yusuf,2024,6,June
INV101893,2024-06-02,Hamar Weyne,Personal Care,Bar Soap,Member,Male,4,0.56,2.24,Zaad,Ahmed Abdi,2024,6,June
INV102033,2024-06-02,Hodan-Taleex,Beverages,Soft Drink Cola 500ml,Regular,Female,3,0.93,2.79,Evc Plus,Fadumo Yusuf,2024,6,June
INV101743,2024-06-02,Hamar Weyne,Bakery,Brown Bread,Regular,Female,5,1.05,5.25,Evc Plus,Hodan Warsame,2024,6,June
INV101958,2024-06-02,Hodan-Taleex,Household,Pasta 500g,Regular,Female,5,1.46,7.3,Visa,Amina Hassan,2024,6,June
INV101825,2024-06-02,Hodan-Taleex,Fruits,Mango (kg),Regular,Female,2,1.46,2.92,Evc Plus,Fadumo Yusuf,2024,6,June
INV102058,2024-06-02,Hamar Weyne,Vegetables,Tomato (kg),Member,Female,4,0.85,3.4,Visa,Khadija Omar,2024,6,June
INV101780,2024-06-02,Hamar Weyne,Dairy,Fresh Cream 200ml,Regular,Female,5,1.6,8.0,Evc Plus,Ahmed Abdi,2024,6,June
INV101884,2024-06-02,Hamar Weyne,Fruits,Watermelon (each),Regular,Female,2,3.38,6.76,Zaad,Hodan Warsame,2024,6,June
INV101970,2024-06-03,Hamar Weyne,Dairy,Butter 250g,Member,Male,4,2.31,9.24,Evc Plus,Ahmed Abdi,2024,6,June
INV101930,2024-06-03,Laba Dhagax,Personal Care,Hand Sanitizer 100ml,Regular,Female,2,1.6,3.2,Evc Plus,Yusuf Farah,2024,6,June
INV101821,2024-06-03,Laba Dhagax,Bakery,Croissant,Member,Female,2,1.11,2.22,Evc Plus,Sahra Ibrahim,2024,6,June
INV101831,2024-06-03,Hodan-Taleex,Dairy,Yogurt 500g,Regular,Female,2,1.78,3.56,Zaad,Fadumo Yusuf,2024,6,June
INV101775,2024-06-03,Hodan-Taleex,Household,Laundry Detergent 1kg,Regular,Female,1,2.99,2.99,Evc Plus,Amina Hassan,2024,6,June
INV102031,2024-06-03,Hodan-Taleex,Fruits,Mango (kg),Regular,Female,1,1.94,1.94,Evc Plus,Abdirahman Nur,2024,6,June
INV101815,2024-06-03,Hodan-Taleex,Vegetables,Potato (kg),Regular,Female,3,0.71,2.13,Evc Plus,Amina Hassan,2024,6,June
INV101788,2024-06-03,Hodan-Taleex,Household,Pasta 500g,Regular,Male,1,1.58,1.58,Zaad,Amina Hassan,2024,6,June
INV101987,2024-06-03,Hamar Weyne,Bakery,Brown Bread,Regular,Female,3,0.89,2.67,Evc Plus,Ahmed Abdi,2024,6,June
INV102007,2024-06-03,Hamar Weyne,Beverages,Apple Juice 1L,Member,Male,4,2.14,8.56,Evc Plus,Khadija Omar,2024,6,June
INV101911,2024-06-03,Laba Dhagax,Dairy,Fresh Cream 200ml,Member,Male,3,2.18,6.54,Zaad,Sahra Ibrahim,2024,6,June
INV101975,2024-06-03,Hodan-Taleex,Personal Care,Hand Sanitizer 100ml,Regular,Female,6,1.25,7.5,Evc Plus,Abdirahman Nur,2024,6,June
INV101768,2024-06-03,Hodan-Taleex,Dairy,Eggs Tray (30pcs),Regular,Male,6,4.74,28.44,Cash,Fadumo Yusuf,2024,6,June
INV102062,2024-06-03,Laba Dhagax,Household,Cooking Oil 1L,Member,Male,4,3.23,12.92,Visa,Yusuf Farah,2024,6,June
INV102027,2024-06-03,Hamar Weyne,Snacks,Chocolate Bar,Member,Male,8,0.84,6.72,Evc Plus,Ahmed Abdi,2024,6,June
INV101861,2024-06-03,Hodan-Taleex,Personal Care,Body Lotion 200ml,Member,Male,3,2.87,8.61,Visa,Amina Hassan,2024,6,June
INV101753,2024-06-04,Hodan-Taleex,Fruits,Watermelon (each),Regular,Male,1,2.17,2.17,Evc Plus,Abdirahman Nur,2024,6,June
INV101908,2024-06-04,Hodan-Taleex,Personal Care,Toothpaste,Regular,Female,2,2.2,4.4,Evc Plus,Abdirahman Nur,2024,6,June
INV101992,2024-06-04,Laba Dhagax,Vegetables,Potato (kg),Member,Female,8,0.73,5.84,Cash,Yusuf Farah,2024,6,June
INV101812,2024-06-04,Hodan-Taleex,Snacks,Chocolate Bar,Regular,Female,2,0.67,1.34,Zaad,Abdirahman Nur,2024,6,June
INV101901,2024-06-04,Hodan-Taleex,Household,Flour 2kg,Member,Female,3,2.12,6.36,Zaad,Fadumo Yusuf,2024,6,June
INV101921,2024-06-04,Hamar Weyne,Dairy,Butter 250g,Regular,Female,6,3.39,20.34,Cash,Khadija Omar,2024,6,June
INV101985,2024-06-04,Hamar Weyne,Beverages,Orange Juice 1L,Regular,Male,2,2.37,4.74,Evc Plus,Ahmed Abdi,2024,6,June
INV101947,2024-06-04,Hamar Weyne,Household,Pasta 500g,Regular,Female,6,1.78,10.68,Evc Plus,Hodan Warsame,2024,6,June
INV101860,2024-06-04,Laba Dhagax,Household,Sugar 2kg,Regular,Male,4,2.46,9.84,Evc Plus,Sahra Ibrahim,2024,6,June
INV101827,2024-06-04,Hamar Weyne,Dairy,Fresh Cream 200ml,Member,Female,4,2.41,9.64,Visa,Hodan Warsame,2024,6,June
INV102106,2024-06-04,Laba Dhagax,Personal Care,Body Lotion 200ml,Regular,Male,6,3.69,22.14,Zaad,Yusuf Farah,2024,6,June
INV101833,2024-06-04,Hamar Weyne,Bakery,Donut,Regular,Male,6,0.78,4.68,Zaad,Ahmed Abdi,2024,6,June
INV102018,2024-06-04,Laba Dhagax,Personal Care,Body Lotion 200ml,Regular,Female,6,3.17,19.02,Evc Plus,Sahra Ibrahim,2024,6,June
INV101862,2024-06-04,Hamar Weyne,Bakery,Croissant,Regular,Male,1,1.28,1.28,Evc Plus,Khadija Omar,2024,6,June
INV102036,2024-06-04,Hodan-Taleex,Beverages,Coffee 200g,Regular,Male,6,3.0,18.0,Evc Plus,Abdirahman Nur,2024,6,June
INV101807,2024-06-04,Hodan-Taleex,Beverages,Bottled Water 500ml,Member,Female,8,0.51,4.08,Evc Plus,Abdirahman Nur,2024,6,June
INV101869,2024-06-04,Hodan-Taleex,Household,Laundry Detergent 1kg,Regular,Male,4,2.75,11.0,Cash,Abdirahman Nur,2024,6,June
INV101756,2024-06-04,Hamar Weyne,Household,Flour 2kg,Member,Female,4,2.49,9.96,Evc Plus,Khadija Omar,2024,6,June
INV102048,2024-06-04,Hodan-Taleex,Snacks,Popcorn Pack,Member,Male,8,0.76,6.08,Cash,Mohamed Ali,2024,6,June
INV102113,2024-06-04,Hodan-Taleex,Beverages,Black Tea Pack,Member,Male,7,1.96,13.72,Evc Plus,Mohamed Ali,2024,6,June
INV102087,2024-06-04,Laba Dhagax,Snacks,Chocolate Bar,Member,Female,5,0.63,3.15,Evc Plus,Sahra Ibrahim,2024,6,June
INV102123,2024-06-04,Hodan-Taleex,Vegetables,Tomato (kg),Member,Male,6,1.05,6.3,Zaad,Fadumo Yusuf,2024,6,June
INV102110,2024-06-05,Hodan-Taleex,Fruits,Apple (kg),Regular,Male,6,1.95,11.7,Evc Plus,Mohamed Ali,2024,6,June
INV101886,2024-06-05,Hodan-Taleex,Dairy,Yogurt 500g,Regular,Male,2,1.26,2.52,Cash,Abdirahman Nur,2024,6,June
INV101897,2024-06-05,Hodan-Taleex,Dairy,Eggs Tray (30pcs),Regular,Male,5,4.26,21.3,Evc Plus,Mohamed Ali,2024,6,June
INV102066,2024-06-05,Hodan-Taleex,Snacks,Chocolate Bar,Member,Male,2,1.03,2.06,Visa,Fadumo Yusuf,2024,6,June
INV101889,2024-06-05,Hamar Weyne,Vegetables,Cucumber (kg),Regular,Male,1,0.66,0.66,Zaad,Hodan Warsame,2024,6,June
INV102082,2024-06-05,Hamar Weyne,Household,Laundry Detergent 1kg,Regular,Male,6,2.81,16.86,Zaad,Ahmed Abdi,2024,6,June
INV101936,2024-06-05,Hodan-Taleex,Dairy,Eggs Tray (30pcs),Member,Female,7,3.85,26.95,Cash,Abdirahman Nur,2024,6,June
INV101971,2024-06-05,Hodan-Taleex,Vegetables,Potato (kg),Regular,Male,6,0.91,5.46,Zaad,Amina Hassan,2024,6,June
INV101749,2024-06-05,Hamar Weyne,Bakery,White Bread,Regular,Female,5,0.77,3.85,Visa,Hodan Warsame,2024,6,June
INV102053,2024-06-05,Hamar Weyne,Bakery,Croissant,Regular,Female,2,1.13,2.26,Evc Plus,Hodan Warsame,2024,6,June
INV101977,2024-06-05,Hamar Weyne,Bakery,White Bread,Regular,Female,5,0.65,3.25,Evc Plus,Hodan Warsame,2024,6,June
INV102025,2024-06-05,Hodan-Taleex,Personal Care,Body Lotion 200ml,Regular,Female,6,3.18,19.08,Evc Plus,Fadumo Yusuf,2024,6,June
INV102083,2024-06-05,Hodan-Taleex,Bakery,Brown Bread,Regular,Male,6,0.96,5.76,Zaad,Abdirahman Nur,2024,6,June
INV101766,2024-06-05,Hodan-Taleex,Household,Dish Soap 500ml,Regular,Male,2,1.23,2.46,Zaad,Amina Hassan,2024,6,June
INV101760,2024-06-05,Hodan-Taleex,Beverages,Bottled Water 500ml,Regular,Female,3,0.34,1.02,Evc Plus,Mohamed Ali,2024,6,June
INV101877,2024-06-05,Hamar Weyne,Dairy,Eggs Tray (30pcs),Member,Male,2,4.15,8.3,Visa,Ahmed Abdi,2024,6,June
INV101859,2024-06-05,Hamar Weyne,Vegetables,Cabbage (each),Member,Female,2,1.23,2.46,Zaad,Hodan Warsame,2024,6,June
INV101909,2024-06-05,Hodan-Taleex,Vegetables,Onion (kg),Regular,Male,5,1.0,5.0,Evc Plus,Fadumo Yusuf,2024,6,June
INV102085,2024-06-05,Hodan-Taleex,Household,Cooking Oil 1L,Member,Male,2,2.6,5.2,Evc Plus,Abdirahman Nur,2024,6,June
INV101864,2024-06-05,Hamar Weyne,Vegetables,Carrot (kg),Member,Male,4,0.87,3.48,Zaad,Ahmed Abdi,2024,6,June
INV101875,2024-06-05,Laba Dhagax,Beverages,Bottled Water 500ml,Regular,Male,6,0.34,2.04,Evc Plus,Sahra Ibrahim,2024,6,June
INV101744,2024-06-05,Hamar Weyne,Fruits,Banana (kg),Regular,Female,6,0.88,5.28,Evc Plus,Ahmed Abdi,2024,6,June
INV102044,2024-06-06,Hodan-Taleex,Beverages,Bottled Water 500ml,Member,Female,5,0.4,2.0,Visa,Mohamed Ali,2024,6,June
INV102041,2024-06-06,Hodan-Taleex,Personal Care,Shampoo 400ml,Member,Female,7,2.51,17.57,Evc Plus,Fadumo Yusuf,2024,6,June
INV101759,2024-06-06,Hodan-Taleex,Personal Care,Body Lotion 200ml,Member,Male,7,3.85,26.95,Evc Plus,Amina Hassan,2024,6,June
INV102004,2024-06-06,Hodan-Taleex,Dairy,Eggs Tray (30pcs),Regular,Female,1,3.75,3.75,Visa,Amina Hassan,2024,6,June
INV101953,2024-06-06,Hodan-Taleex,Bakery,White Bread,Member,Male,5,0.77,3.85,Evc Plus,Fadumo Yusuf,2024,6,June
INV102121,2024-06-06,Hodan-Taleex,Personal Care,Shampoo 400ml,Regular,Female,1,4.24,4.24,Evc Plus,Abdirahman Nur,2024,6,June
INV101748,2024-06-06,Hodan-Taleex,Beverages,Soft Drink Cola 500ml,Regular,Male,3,1.24,3.72,Cash,Mohamed Ali,2024,6,June
INV101902,2024-06-06,Hodan-Taleex,Fruits,Watermelon (each),Regular,Female,1,2.36,2.36,Evc Plus,Amina Hassan,2024,6,June
INV102104,2024-06-06,Laba Dhagax,Beverages,Sprite 500ml,Member,Male,2,1.18,2.36,Zaad,Yusuf Farah,2024,6,June
INV101938,2024-06-06,Laba Dhagax,Vegetables,Onion (kg),Regular,Male,6,1.05,6.3,Evc Plus,Yusuf Farah,2024,6,June
INV102097,2024-06-06,Laba Dhagax,Vegetables,Cabbage (each),Regular,Female,3,0.81,2.43,Evc Plus,Sahra Ibrahim,2024,6,June
INV101794,2024-06-06,Hodan-Taleex,Personal Care,Toothbrush,Member,Male,6,1.11,6.66,Zaad,Mohamed Ali,2024,6,June
INV101855,2024-06-06,Hodan-Taleex,Fruits,Watermelon (each),Member,Male,5,2.14,10.7,Cash,Abdirahman Nur,2024,6,June
INV101871,2024-06-06,Hodan-Taleex,Fruits,Watermelon (each),Regular,Male,1,2.91,2.91,Visa,Amina Hassan,2024,6,June
INV101765,2024-06-07,Hodan-Taleex,Snacks,Popcorn Pack,Member,Female,6,0.92,5.52,Visa,Fadumo Yusuf,2024,6,June
INV101949,2024-06-07,Laba Dhagax,Household,Sugar 2kg,Member,Female,3,2.42,7.26,Evc Plus,Sahra Ibrahim,2024,6,June
INV101792,2024-06-07,Hamar Weyne,Personal Care,Bar Soap,Regular,Male,4,0.51,2.04,Visa,Ahmed Abdi,2024,6,June
INV101841,2024-06-07,Laba Dhagax,Snacks,Peanuts 200g,Regular,Female,4,1.16,4.64,Zaad,Yusuf Farah,2024,6,June
INV101745,2024-06-07,Hamar Weyne,Personal Care,Bar Soap,Regular,Female,3,0.95,2.85,Zaad,Khadija Omar,2024,6,June
INV101883,2024-06-07,Hodan-Taleex,Personal Care,Bar Soap,Regular,Male,2,0.68,1.36,Zaad,Mohamed Ali,2024,6,June
INV102013,2024-06-07,Hamar Weyne,Personal Care,Toothpaste,Regular,Female,2,1.67,3.34,Evc Plus,Ahmed Abdi,2024,6,June
INV101989,2024-06-07,Hodan-Taleex,Snacks,Chocolate Bar,Regular,Female,2,0.75,1.5,Cash,Abdirahman Nur,2024,6,June
INV101798,2024-06-07,Hamar Weyne,Dairy,Fresh Cream 200ml,Regular,Female,4,1.79,7.16,Zaad,Hodan Warsame,2024,6,June
INV102000,2024-06-07,Hamar Weyne,Dairy,Cheese 200g,Regular,Male,4,2.93,11.72,Evc Plus,Khadija Omar,2024,6,June
INV101904,2024-06-08,Laba Dhagax,Bakery,Donut,Member,Male,7,0.97,6.79,Cash,Yusuf Farah,2024,6,June
INV101816,2024-06-08,Hodan-Taleex,Dairy,Yogurt 500g,Member,Male,7,1.71,11.97,Zaad,Abdirahman Nur,2024,6,June
INV101965,2024-06-08,Hodan-Taleex,Fruits,Orange (kg),Member,Male,6,1.79,10.74,Evc Plus,Fadumo Yusuf,2024,6,June
INV102029,2024-06-08,Hodan-Taleex,Bakery,Croissant,Regular,Female,1,1.17,1.17,Visa,Amina Hassan,2024,6,June
INV102037,2024-06-08,Hodan-Taleex,Bakery,White Bread,Regular,Male,1,0.83,0.83,Cash,Mohamed Ali,2024,6,June
INV102011,2024-06-08,Hamar Weyne,Bakery,White Bread,Member,Female,6,0.64,3.84,Visa,Ahmed Abdi,2024,6,June
INV101776,2024-06-08,Hamar Weyne,Fruits,Orange (kg),Member,Female,3,1.7,5.1,Evc Plus,Khadija Omar,2024,6,June
INV101881,2024-06-08,Hamar Weyne,Snacks,Candy Pack,Regular,Female,5,0.71,3.55,Evc Plus,Ahmed Abdi,2024,6,June
INV101777,2024-06-08,Hodan-Taleex,Beverages,Bottled Water 500ml,Regular,Male,4,0.59,2.36,Evc Plus,Fadumo Yusuf,2024,6,June
INV101874,2024-06-09,Hodan-Taleex,Dairy,Eggs Tray (30pcs),Member,Female,7,4.24,29.68,Cash,Amina Hassan,2024,6,June
INV101920,2024-06-09,Hodan-Taleex,Beverages,Sprite 500ml,Regular,Male,6,1.14,6.84,Evc Plus,Amina Hassan,2024,6,June
INV102120,2024-06-09,Hodan-Taleex,Beverages,Orange Juice 1L,Regular,Male,3,2.42,7.26,Zaad,Fadumo Yusuf,2024,6,June
INV101805,2024-06-09,Hamar Weyne,Fruits,Watermelon (each),Member,Female,3,2.8,8.4,Evc Plus,Khadija Omar,2024,6,June
INV102124,2024-06-09,Laba Dhagax,Dairy,Butter 250g,Regular,Male,1,2.51,2.51,Evc Plus,Yusuf Farah,2024,6,June
INV101962,2024-06-09,Laba Dhagax,Snacks,Chocolate Bar,Regular,Female,3,1.13,3.39,Evc Plus,Sahra Ibrahim,2024,6,June
INV102014,2024-06-09,Laba Dhagax,Snacks,Candy Pack,Regular,Male,6,0.85,5.1,Evc Plus,Yusuf Farah,2024,6,June
INV101846,2024-06-09,Hodan-Taleex,Household,Pasta 500g,Member,Male,4,1.74,6.96,Cash,Amina Hassan,2024,6,June
INV102079,2024-06-09,Hodan-Taleex,Personal Care,Body Lotion 200ml,Regular,Female,1,2.63,2.63,Zaad,Abdirahman Nur,2024,6,June
INV102019,2024-06-09,Laba Dhagax,Snacks,Biscuit Snack Pack,Regular,Female,6,0.8,4.8,Evc Plus,Sahra Ibrahim,2024,6,June
INV101820,2024-06-09,Hodan-Taleex,Dairy,Cheese 200g,Regular,Male,2,3.1,6.2,Cash,Mohamed Ali,2024,6,June
INV101895,2024-06-09,Laba Dhagax,Household,Laundry Detergent 1kg,Member,Female,6,3.57,21.42,Evc Plus,Yusuf Farah,2024,6,June
INV101771,2024-06-09,Hodan-Taleex,Snacks,Candy Pack,Regular,Male,1,0.75,0.75,Cash,Mohamed Ali,2024,6,June
INV101845,2024-06-10,Hamar Weyne,Bakery,Cupcake,Regular,Male,1,0.71,0.71,Evc Plus,Hodan Warsame,2024,6,June
INV101828,2024-06-10,Hodan-Taleex,Bakery,Biscuits Pack,Regular,Female,4,1.05,4.2,Zaad,Abdirahman Nur,2024,6,June
INV101849,2024-06-10,Hamar Weyne,Dairy,Butter 250g,Member,Male,5,3.35,16.75,Evc Plus,Ahmed Abdi,2024,6,June
INV102047,2024-06-10,Hamar Weyne,Beverages,Apple Juice 1L,Regular,Male,5,2.18,10.9,Evc Plus,Hodan Warsame,2024,6,June
INV101939,2024-06-10,Hodan-Taleex,Beverages,Black Tea Pack,Member,Female,4,1.96,7.84,Evc Plus,Amina Hassan,2024,6,June
INV101838,2024-06-10,Laba Dhagax,Bakery,Cupcake,Regular,Female,6,0.89,5.34,Zaad,Sahra Ibrahim,2024,6,June
INV102118,2024-06-10,Hamar Weyne,Beverages,Sprite 500ml,Member,Male,3,1.14,3.42,Zaad,Khadija Omar,2024,6,June
INV102091,2024-06-10,Hodan-Taleex,Bakery,Cupcake,Regular,Male,4,0.69,2.76,Evc Plus,Mohamed Ali,2024,6,June
INV102071,2024-06-10,Hodan-Taleex,Dairy,Butter 250g,Member,Male,5,2.83,14.15,Evc Plus,Mohamed Ali,2024,6,June
INV102111,2024-06-10,Hodan-Taleex,Bakery,Donut,Regular,Female,4,0.78,3.12,Zaad,Mohamed Ali,2024,6,June
INV101954,2024-06-10,Hamar Weyne,Household,Sugar 2kg,Regular,Male,5,2.52,12.6,Zaad,Ahmed Abdi,2024,6,June
INV102080,2024-06-10,Hamar Weyne,Beverages,Coffee 200g,Regular,Female,5,2.69,13.45,Cash,Ahmed Abdi,2024,6,June
INV102005,2024-06-10,Laba Dhagax,Household,Rice 5kg,Regular,Female,2,8.23,16.46,Evc Plus,Yusuf Farah,2024,6,June
INV101907,2024-06-11,Hodan-Taleex,Personal Care,Body Lotion 200ml,Member,Female,5,3.25,16.25,Evc Plus,Fadumo Yusuf,2024,6,June
INV101870,2024-06-11,Laba Dhagax,Beverages,Coffee 200g,Regular,Female,3,2.65,7.95,Evc Plus,Sahra Ibrahim,2024,6,June
INV102008,2024-06-11,Laba Dhagax,Beverages,Coffee 200g,Regular,Female,6,3.1,18.6,Evc Plus,Yusuf Farah,2024,6,June
INV101923,2024-06-11,Hodan-Taleex,Vegetables,Carrot (kg),Member,Female,6,1.12,6.72,Evc Plus,Mohamed Ali,2024,6,June
INV101998,2024-06-11,Hamar Weyne,Fruits,Watermelon (each),Regular,Male,3,2.18,6.54,Evc Plus,Khadija Omar,2024,6,June
INV101879,2024-06-11,Hodan-Taleex,Personal Care,Bar Soap,Member,Female,6,0.9,5.4,Zaad,Abdirahman Nur,2024,6,June
INV101996,2024-06-11,Hodan-Taleex,Vegetables,Tomato (kg),Regular,Male,1,0.79,0.79,Cash,Fadumo Yusuf,2024,6,June
INV101826,2024-06-11,Hodan-Taleex,Beverages,Apple Juice 1L,Member,Male,2,2.16,4.32,Zaad,Mohamed Ali,2024,6,June
INV102015,2024-06-11,Hodan-Taleex,Bakery,White Bread,Member,Male,4,0.63,2.52,Zaad,Amina Hassan,2024,6,June
INV102002,2024-06-11,Hamar Weyne,Beverages,Sprite 500ml,Member,Female,7,1.13,7.91,Cash,Ahmed Abdi,2024,6,June
INV102042,2024-06-11,Laba Dhagax,Personal Care,Toothbrush,Regular,Female,6,0.97,5.82,Visa,Yusuf Farah,2024,6,June
INV101787,2024-06-11,Laba Dhagax,Fruits,Banana (kg),Regular,Male,3,1.0,3.0,Zaad,Sahra Ibrahim,2024,6,June
INV101804,2024-06-12,Hamar Weyne,Bakery,Croissant,Regular,Female,2,1.04,2.08,Evc Plus,Hodan Warsame,2024,6,June
INV101801,2024-06-12,Hodan-Taleex,Fruits,Orange (kg),Regular,Female,3,1.09,3.27,Cash,Abdirahman Nur,2024,6,June
INV101824,2024-06-12,Hodan-Taleex,Household,Flour 2kg,Regular,Male,3,1.93,5.79,Evc Plus,Abdirahman Nur,2024,6,June
INV102103,2024-06-12,Hodan-Taleex,Bakery,Brown Bread,Member,Female,6,1.08,6.48,Zaad,Fadumo Yusuf,2024,6,June
INV101796,2024-06-12,Hamar Weyne,Beverages,Soft Drink Cola 500ml,Regular,Female,4,0.94,3.76,Cash,Khadija Omar,2024,6,June
INV101960,2024-06-12,Hamar Weyne,Bakery,White Bread,Regular,Male,4,0.98,3.92,Evc Plus,Khadija Omar,2024,6,June
INV102064,2024-06-12,Hodan-Taleex,Beverages,Soft Drink Cola 500ml,Regular,Female,3,0.75,2.25,Zaad,Amina Hassan,2024,6,June
INV101873,2024-06-12,Laba Dhagax,Household,Dish Soap 500ml,Member,Female,6,1.85,11.1,Zaad,Sahra Ibrahim,2024,6,June
INV102096,2024-06-12,Hamar Weyne,Household,Cooking Oil 1L,Regular,Female,1,3.86,3.86,Evc Plus,Ahmed Abdi,2024,6,June
INV101746,2024-06-12,Hodan-Taleex,Personal Care,Toothbrush,Regular,Male,6,1.26,7.56,Zaad,Mohamed Ali,2024,6,June
INV102099,2024-06-12,Laba Dhagax,Snacks,Chocolate Bar,Regular,Male,2,0.99,1.98,Evc Plus,Yusuf Farah,2024,6,June
INV101919,2024-06-12,Laba Dhagax,Bakery,Cupcake,Member,Male,4,0.73,2.92,Zaad,Yusuf Farah,2024,6,June
INV101793,2024-06-12,Hamar Weyne,Beverages,Bottled Water 500ml,Member,Female,7,0.46,3.22,Visa,Ahmed Abdi,2024,6,June
INV102057,2024-06-12,Hodan-Taleex,Snacks,Popcorn Pack,Member,Male,4,1.06,4.24,Evc Plus,Abdirahman Nur,2024,6,June
INV102040,2024-06-12,Laba Dhagax,Snacks,Potato Chips,Member,Male,3,1.14,3.42,Zaad,Yusuf Farah,2024,6,June
INV101785,2024-06-12,Hodan-Taleex,Personal Care,Shampoo 400ml,Regular,Female,2,3.38,6.76,Zaad,Abdirahman Nur,2024,6,June
INV102049,2024-06-12,Hamar Weyne,Fruits,Banana (kg),Member,Female,5,1.05,5.25,Zaad,Hodan Warsame,2024,6,June
INV101769,2024-06-13,Hodan-Taleex,Dairy,Butter 250g,Regular,Female,6,3.36,20.16,Evc Plus,Fadumo Yusuf,2024,6,June
INV101742,2024-06-13,Hodan-Taleex,Dairy,Fresh Cream 200ml,Member,Male,7,2.36,16.52,Evc Plus,Fadumo Yusuf,2024,6,June
INV102092,2024-06-13,Hamar Weyne,Beverages,Coffee 200g,Regular,Female,3,3.84,11.52,Zaad,Ahmed Abdi,2024,6,June
INV101969,2024-06-13,Hodan-Taleex,Snacks,Chocolate Bar,Regular,Male,6,0.95,5.7,Evc Plus,Mohamed Ali,2024,6,June
INV101894,2024-06-13,Hodan-Taleex,Household,Sugar 2kg,Member,Male,6,2.19,13.14,Evc Plus,Amina Hassan,2024,6,June
INV102094,2024-06-13,Hodan-Taleex,Beverages,Orange Juice 1L,Regular,Female,4,1.62,6.48,Zaad,Mohamed Ali,2024,6,June
INV102034,2024-06-13,Laba Dhagax,Personal Care,Toothpaste,Member,Female,3,1.79,5.37,Zaad,Yusuf Farah,2024,6,June
INV101755,2024-06-13,Hamar Weyne,Dairy,Eggs Tray (30pcs),Member,Male,8,4.69,37.52,Cash,Khadija Omar,2024,6,June
INV101878,2024-06-14,Hamar Weyne,Personal Care,Hand Sanitizer 100ml,Member,Female,4,1.52,6.08,Evc Plus,Hodan Warsame,2024,6,June
INV101963,2024-06-14,Hamar Weyne,Vegetables,Onion (kg),Regular,Male,1,1.05,1.05,Visa,Khadija Omar,2024,6,June
INV102089,2024-06-14,Laba Dhagax,Household,Cooking Oil 1L,Regular,Female,6,3.43,20.58,Cash,Yusuf Farah,2024,6,June
INV101773,2024-06-14,Hodan-Taleex,Vegetables,Onion (kg),Regular,Male,3,1.1,3.3,Evc Plus,Mohamed Ali,2024,6,June
INV101876,2024-06-14,Laba Dhagax,Vegetables,Carrot (kg),Regular,Female,1,0.76,0.76,Evc Plus,Yusuf Farah,2024,6,June
INV101952,2024-06-14,Laba Dhagax,Vegetables,Onion (kg),Regular,Female,3,1.01,3.03,Visa,Yusuf Farah,2024,6,June
INV102114,2024-06-14,Hodan-Taleex,Beverages,Apple Juice 1L,Member,Male,2,1.86,3.72,Zaad,Mohamed Ali,2024,6,June
INV101835,2024-06-14,Hodan-Taleex,Snacks,Candy Pack,Regular,Male,1,0.55,0.55,Evc Plus,Mohamed Ali,2024,6,June
INV102093,2024-06-14,Hodan-Taleex,Personal Care,Bar Soap,Member,Male,5,0.71,3.55,Visa,Abdirahman Nur,2024,6,June
INV102032,2024-06-14,Hamar Weyne,Vegetables,Potato (kg),Member,Male,3,0.76,2.28,Zaad,Khadija Omar,2024,6,June
INV101867,2024-06-14,Hamar Weyne,Bakery,Croissant,Regular,Male,2,0.81,1.62,Evc Plus,Khadija Omar,2024,6,June
INV101858,2024-06-14,Hodan-Taleex,Vegetables,Tomato (kg),Regular,Male,1,0.77,0.77,Zaad,Mohamed Ali,2024,6,June
INV101872,2024-06-14,Hodan-Taleex,Snacks,Popcorn Pack,Regular,Female,5,0.77,3.85,Visa,Abdirahman Nur,2024,6,June
INV101747,2024-06-14,Hodan-Taleex,Household,Laundry Detergent 1kg,Member,Male,5,3.93,19.65,Cash,Amina Hassan,2024,6,June
INV101944,2024-06-15,Hamar Weyne,Personal Care,Toothbrush,Regular,Female,1,0.91,0.91,Evc Plus,Ahmed Abdi,2024,6,June
INV102074,2024-06-15,Hodan-Taleex,Snacks,Chocolate Bar,Regular,Female,4,0.81,3.24,Zaad,Fadumo Yusuf,2024,6,June
INV102072,2024-06-15,Hodan-Taleex,Beverages,Black Tea Pack,Regular,Female,5,1.93,9.65,Visa,Fadumo Yusuf,2024,6,June
INV102073,2024-06-15,Hodan-Taleex,Fruits,Grapes (kg),Member,Female,2,2.71,5.42,Evc Plus,Mohamed Ali,2024,6,June
INV102026,2024-06-15,Hodan-Taleex,Bakery,Brown Bread,Member,Male,4,0.85,3.4,Zaad,Amina Hassan,2024,6,June
INV101951,2024-06-15,Hodan-Taleex,Fruits,Banana (kg),Regular,Male,6,1.05,6.3,Cash,Fadumo Yusuf,2024,6,June
INV102043,2024-06-15,Hamar Weyne,Beverages,Sprite 500ml,Member,Male,3,0.92,2.76,Evc Plus,Ahmed Abdi,2024,6,June
INV102022,2024-06-16,Hamar Weyne,Household,Dish Soap 500ml,Member,Male,7,1.26,8.82,Visa,Hodan Warsame,2024,6,June
INV102009,2024-06-16,Hodan-Taleex,Vegetables,Tomato (kg),Member,Male,6,1.09,6.54,Cash,Fadumo Yusuf,2024,6,June
INV102003,2024-06-16,Hamar Weyne,Bakery,Donut,Member,Male,2,0.92,1.84,Zaad,Khadija Omar,2024,6,June
INV101934,2024-06-16,Hodan-Taleex,Beverages,Soft Drink Cola 500ml,Member,Female,8,0.97,7.76,Evc Plus,Abdirahman Nur,2024,6,June
INV101931,2024-06-16,Hodan-Taleex,Fruits,Orange (kg),Regular,Female,2,1.56,3.12,Cash,Fadumo Yusuf,2024,6,June
INV101905,2024-06-16,Hodan-Taleex,Beverages,Black Tea Pack,Regular,Male,5,1.99,9.95,Zaad,Fadumo Yusuf,2024,6,June
INV101932,2024-06-16,Laba Dhagax,Dairy,Eggs Tray (30pcs),Regular,Female,1,4.59,4.59,Visa,Sahra Ibrahim,2024,6,June
INV101802,2024-06-16,Hodan-Taleex,Vegetables,Tomato (kg),Member,Female,2,0.75,1.5,Cash,Mohamed Ali,2024,6,June
INV102046,2024-06-16,Hodan-Taleex,Vegetables,Cucumber (kg),Regular,Male,4,0.95,3.8,Cash,Fadumo Yusuf,2024,6,June
INV102067,2024-06-16,Hodan-Taleex,Vegetables,Potato (kg),Member,Male,4,0.69,2.76,Zaad,Mohamed Ali,2024,6,June
INV101750,2024-06-16,Laba Dhagax,Dairy,Yogurt 500g,Regular,Male,1,1.44,1.44,Evc Plus,Yusuf Farah,2024,6,June
INV101988,2024-06-16,Laba Dhagax,Personal Care,Shampoo 400ml,Regular,Female,4,3.99,15.96,Visa,Yusuf Farah,2024,6,June
INV102105,2024-06-16,Hamar Weyne,Beverages,Coffee 200g,Member,Male,5,4.37,21.85,Evc Plus,Hodan Warsame,2024,6,June
INV102086,2024-06-16,Hamar Weyne,Bakery,White Bread,Regular,Male,2,0.68,1.36,Zaad,Ahmed Abdi,2024,6,June
INV101880,2024-06-16,Laba Dhagax,Household,Flour 2kg,Member,Male,5,2.3,11.5,Evc Plus,Sahra Ibrahim,2024,6,June
INV101740,2024-06-16,Hamar Weyne,Beverages,Orange Juice 1L,Member,Female,4,1.92,7.68,Evc Plus,Hodan Warsame,2024,6,June
INV102010,2024-06-16,Hodan-Taleex,Vegetables,Tomato (kg),Regular,Female,6,1.19,7.14,Evc Plus,Amina Hassan,2024,6,June
INV101803,2024-06-16,Laba Dhagax,Beverages,Black Tea Pack,Regular,Male,4,1.12,4.48,Evc Plus,Sahra Ibrahim,2024,6,June
INV101916,2024-06-16,Hamar Weyne,Beverages,Sprite 500ml,Regular,Male,5,1.06,5.3,Cash,Ahmed Abdi,2024,6,June
INV101809,2024-06-16,Hodan-Taleex,Beverages,Apple Juice 1L,Regular,Male,6,1.7,10.2,Cash,Fadumo Yusuf,2024,6,June
INV102101,2024-06-16,Hamar Weyne,Vegetables,Tomato (kg),Regular,Male,6,0.94,5.64,Evc Plus,Khadija Omar,2024,6,June
INV101899,2024-06-16,Hamar Weyne,Snacks,Peanuts 200g,Member,Male,8,1.22,9.76,Evc Plus,Ahmed Abdi,2024,6,June
INV102061,2024-06-17,Hamar Weyne,Household,Laundry Detergent 1kg,Member,Male,5,3.52,17.6,Evc Plus,Khadija Omar,2024,6,June
INV101994,2024-06-17,Hamar Weyne,Beverages,Sprite 500ml,Regular,Female,2,1.19,2.38,Evc Plus,Ahmed Abdi,2024,6,June
INV101782,2024-06-17,Hodan-Taleex,Vegetables,Cucumber (kg),Regular,Male,3,0.6,1.8,Zaad,Abdirahman Nur,2024,6,June
INV101763,2024-06-17,Laba Dhagax,Vegetables,Potato (kg),Member,Male,3,0.72,2.16,Evc Plus,Sahra Ibrahim,2024,6,June
INV102098,2024-06-17,Hodan-Taleex,Snacks,Chocolate Bar,Regular,Male,3,1.14,3.42,Evc Plus,Fadumo Yusuf,2024,6,June
INV101843,2024-06-17,Hamar Weyne,Snacks,Chocolate Bar,Member,Female,6,1.02,6.12,Evc Plus,Hodan Warsame,2024,6,June
INV102102,2024-06-17,Hamar Weyne,Household,Dish Soap 500ml,Member,Male,6,1.77,10.62,Evc Plus,Ahmed Abdi,2024,6,June
INV102035,2024-06-17,Hodan-Taleex,Household,Sugar 2kg,Regular,Female,5,2.73,13.65,Evc Plus,Mohamed Ali,2024,6,June
INV101795,2024-06-17,Hodan-Taleex,Bakery,Biscuits Pack,Member,Male,4,1.39,5.56,Zaad,Mohamed Ali,2024,6,June
INV101823,2024-06-17,Hamar Weyne,Dairy,Cheese 200g,Regular,Female,4,3.22,12.88,Visa,Hodan Warsame,2024,6,June
INV101840,2024-06-17,Hamar Weyne,Snacks,Potato Chips,Member,Male,3,0.97,2.91,Zaad,Khadija Omar,2024,6,June
INV101786,2024-06-17,Hodan-Taleex,Snacks,Chocolate Bar,Member,Female,4,1.17,4.68,Cash,Abdirahman Nur,2024,6,June
INV102116,2024-06-17,Hodan-Taleex,Bakery,Donut,Member,Male,6,0.93,5.58,Cash,Abdirahman Nur,2024,6,June
INV102122,2024-06-17,Hodan-Taleex,Beverages,Sprite 500ml,Regular,Male,5,1.22,6.1,Zaad,Fadumo Yusuf,2024,6,June
INV101774,2024-06-18,Hamar Weyne,Beverages,Orange Juice 1L,Member,Male,2,1.77,3.54,Evc Plus,Khadija Omar,2024,6,June
INV101844,2024-06-18,Hodan-Taleex,Fruits,Banana (kg),Regular,Male,3,1.15,3.45,Evc Plus,Fadumo Yusuf,2024,6,June
INV101762,2024-06-18,Laba Dhagax,Beverages,Black Tea Pack,Regular,Male,5,1.3,6.5,Zaad,Sahra Ibrahim,2024,6,June
INV102119,2024-06-18,Laba Dhagax,Bakery,White Bread,Regular,Female,2,0.62,1.24,Zaad,Sahra Ibrahim,2024,6,June
INV101959,2024-06-18,Hodan-Taleex,Vegetables,Onion (kg),Member,Male,3,0.99,2.97,Cash,Fadumo Yusuf,2024,6,June
INV101789,2024-06-18,Hamar Weyne,Snacks,Biscuit Snack Pack,Regular,Male,1,0.9,0.9,Zaad,Hodan Warsame,2024,6,June
INV101940,2024-06-18,Hamar Weyne,Bakery,Donut,Regular,Female,4,0.79,3.16,Evc Plus,Hodan Warsame,2024,6,June
INV101926,2024-06-19,Hodan-Taleex,Bakery,Croissant,Regular,Male,3,0.99,2.97,Evc Plus,Amina Hassan,2024,6,June
INV102069,2024-06-19,Hodan-Taleex,Dairy,Butter 250g,Regular,Female,5,2.47,12.35,Evc Plus,Amina Hassan,2024,6,June
INV101853,2024-06-19,Hodan-Taleex,Vegetables,Carrot (kg),Regular,Male,3,0.83,2.49,Evc Plus,Mohamed Ali,2024,6,June
INV101754,2024-06-19,Laba Dhagax,Household,Flour 2kg,Member,Male,2,2.5,5.0,Visa,Yusuf Farah,2024,6,June
INV101941,2024-06-19,Laba Dhagax,Personal Care,Bar Soap,Regular,Female,3,0.96,2.88,Zaad,Sahra Ibrahim,2024,6,June
INV101942,2024-06-19,Hamar Weyne,Beverages,Bottled Water 500ml,Member,Male,2,0.52,1.04,Evc Plus,Khadija Omar,2024,6,June
INV101819,2024-06-19,Hamar Weyne,Personal Care,Bar Soap,Member,Male,3,1.0,3.0,Evc Plus,Hodan Warsame,2024,6,June
INV101888,2024-06-19,Hodan-Taleex,Fruits,Watermelon (each),Regular,Male,6,2.16,12.96,Zaad,Abdirahman Nur,2024,6,June
INV101758,2024-06-19,Hodan-Taleex,Snacks,Peanuts 200g,Member,Female,2,1.11,2.22,Visa,Abdirahman Nur,2024,6,June
INV101966,2024-06-19,Hodan-Taleex,Bakery,Donut,Regular,Female,1,0.92,0.92,Evc Plus,Abdirahman Nur,2024,6,June
INV101767,2024-06-19,Hodan-Taleex,Dairy,Milk 1L,Member,Male,6,1.44,8.64,Visa,Fadumo Yusuf,2024,6,June
INV101990,2024-06-19,Hodan-Taleex,Vegetables,Tomato (kg),Regular,Male,5,1.1,5.5,Visa,Fadumo Yusuf,2024,6,June
INV101915,2024-06-20,Laba Dhagax,Beverages,Apple Juice 1L,Regular,Female,2,1.71,3.42,Evc Plus,Yusuf Farah,2024,6,June
INV101933,2024-06-20,Hodan-Taleex,Household,Pasta 500g,Regular,Male,3,1.45,4.35,Cash,Mohamed Ali,2024,6,June
INV101914,2024-06-20,Hodan-Taleex,Vegetables,Carrot (kg),Regular,Male,3,0.85,2.55,Zaad,Fadumo Yusuf,2024,6,June
INV101800,2024-06-20,Hodan-Taleex,Vegetables,Cabbage (each),Member,Female,2,1.01,2.02,Cash,Amina Hassan,2024,6,June
INV101956,2024-06-20,Hodan-Taleex,Beverages,Black Tea Pack,Regular,Male,1,1.65,1.65,Evc Plus,Amina Hassan,2024,6,June
INV102038,2024-06-20,Hodan-Taleex,Snacks,Candy Pack,Regular,Male,3,0.59,1.77,Zaad,Amina Hassan,2024,6,June
INV102001,2024-06-20,Hamar Weyne,Dairy,Milk 1L,Member,Male,6,1.22,7.32,Cash,Ahmed Abdi,2024,6,June
INV101983,2024-06-20,Hodan-Taleex,Bakery,White Bread,Member,Female,4,0.79,3.16,Zaad,Amina Hassan,2024,6,June
INV101752,2024-06-21,Hodan-Taleex,Personal Care,Hand Sanitizer 100ml,Regular,Female,6,1.58,9.48,Evc Plus,Amina Hassan,2024,6,June
INV101912,2024-06-21,Hamar Weyne,Beverages,Black Tea Pack,Regular,Male,2,1.81,3.62,Zaad,Ahmed Abdi,2024,6,June
INV101822,2024-06-21,Hodan-Taleex,Fruits,Grapes (kg),Member,Female,6,2.96,17.76,Zaad,Amina Hassan,2024,6,June
INV102052,2024-06-21,Hodan-Taleex,Bakery,White Bread,Member,Female,7,0.81,5.67,Evc Plus,Abdirahman Nur,2024,6,June
INV101852,2024-06-21,Hamar Weyne,Beverages,Coffee 200g,Regular,Female,6,3.01,18.06,Zaad,Ahmed Abdi,2024,6,June
INV102117,2024-06-21,Hamar Weyne,Fruits,Mango (kg),Regular,Male,1,1.55,1.55,Evc Plus,Khadija Omar,2024,6,June
INV101980,2024-06-22,Hodan-Taleex,Beverages,Sprite 500ml,Member,Female,7,0.79,5.53,Evc Plus,Abdirahman Nur,2024,6,June
INV101791,2024-06-22,Hodan-Taleex,Vegetables,Cucumber (kg),Member,Female,6,0.87,5.22,Evc Plus,Mohamed Ali,2024,6,June
INV101739,2024-06-22,Hodan-Taleex,Personal Care,Toothpaste,Regular,Female,3,2.48,7.44,Evc Plus,Abdirahman Nur,2024,6,June
INV101945,2024-06-22,Laba Dhagax,Snacks,Potato Chips,Regular,Female,1,1.15,1.15,Visa,Sahra Ibrahim,2024,6,June
INV102030,2024-06-22,Hodan-Taleex,Vegetables,Cabbage (each),Regular,Male,3,0.82,2.46,Evc Plus,Amina Hassan,2024,6,June
INV102100,2024-06-22,Hodan-Taleex,Vegetables,Cabbage (each),Regular,Male,3,1.27,3.81,Evc Plus,Fadumo Yusuf,2024,6,June
INV101935,2024-06-22,Hodan-Taleex,Beverages,Soft Drink Cola 500ml,Regular,Male,1,1.23,1.23,Evc Plus,Mohamed Ali,2024,6,June
INV102056,2024-06-22,Hodan-Taleex,Household,Pasta 500g,Regular,Male,3,1.7,5.1,Cash,Abdirahman Nur,2024,6,June
INV101997,2024-06-22,Hamar Weyne,Bakery,Biscuits Pack,Regular,Female,2,0.85,1.7,Evc Plus,Khadija Omar,2024,6,June
INV101982,2024-06-22,Laba Dhagax,Bakery,Biscuits Pack,Regular,Female,1,1.43,1.43,Evc Plus,Sahra Ibrahim,2024,6,June
INV101927,2024-06-22,Laba Dhagax,Beverages,Sprite 500ml,Member,Male,5,1.19,5.95,Zaad,Yusuf Farah,2024,6,June
INV101784,2024-06-22,Hamar Weyne,Beverages,Soft Drink Cola 500ml,Regular,Female,6,1.14,6.84,Cash,Khadija Omar,2024,6,June
INV101882,2024-06-23,Hodan-Taleex,Beverages,Black Tea Pack,Regular,Female,5,1.58,7.9,Evc Plus,Abdirahman Nur,2024,6,June
INV101842,2024-06-23,Hodan-Taleex,Beverages,Bottled Water 500ml,Regular,Male,5,0.37,1.85,Evc Plus,Mohamed Ali,2024,6,June
INV101848,2024-06-23,Hamar Weyne,Fruits,Mango (kg),Regular,Female,3,1.27,3.81,Visa,Ahmed Abdi,2024,6,June
INV101887,2024-06-23,Laba Dhagax,Personal Care,Bar Soap,Regular,Male,4,0.87,3.48,Evc Plus,Sahra Ibrahim,2024,6,June
INV101817,2024-06-23,Hamar Weyne,Personal Care,Hand Sanitizer 100ml,Member,Male,8,1.46,11.68,Evc Plus,Khadija Omar,2024,6,June
INV101779,2024-06-23,Laba Dhagax,Household,Rice 5kg,Regular,Female,1,8.09,8.09,Evc Plus,Yusuf Farah,2024,6,June
INV101764,2024-06-23,Hamar Weyne,Household,Dish Soap 500ml,Member,Female,3,1.66,4.98,Evc Plus,Khadija Omar,2024,6,June
INV101836,2024-06-23,Hodan-Taleex,Personal Care,Body Lotion 200ml,Regular,Female,3,3.17,9.51,Evc Plus,Fadumo Yusuf,2024,6,June
INV101937,2024-06-23,Hamar Weyne,Dairy,Eggs Tray (30pcs),Regular,Female,1,4.1,4.1,Evc Plus,Hodan Warsame,2024,6,June
INV101770,2024-06-23,Hodan-Taleex,Beverages,Black Tea Pack,Regular,Female,6,1.43,8.58,Cash,Abdirahman Nur,2024,6,June
INV101925,2024-06-23,Hodan-Taleex,Household,Cooking Oil 1L,Regular,Male,6,3.69,22.14,Evc Plus,Amina Hassan,2024,6,June
INV101968,2024-06-23,Hamar Weyne,Snacks,Popcorn Pack,Member,Male,5,0.79,3.95,Evc Plus,Khadija Omar,2024,6,June
INV102054,2024-06-23,Laba Dhagax,Snacks,Potato Chips,Member,Male,3,1.04,3.12,Evc Plus,Yusuf Farah,2024,6,June
INV102090,2024-06-24,Hodan-Taleex,Household,Pasta 500g,Member,Male,3,1.11,3.33,Zaad,Mohamed Ali,2024,6,June
INV101806,2024-06-24,Hodan-Taleex,Vegetables,Carrot (kg),Member,Female,3,0.77,2.31,Evc Plus,Amina Hassan,2024,6,June
INV101814,2024-06-24,Laba Dhagax,Beverages,Soft Drink Cola 500ml,Regular,Female,4,1.24,4.96,Evc Plus,Sahra Ibrahim,2024,6,June
INV101830,2024-06-24,Hamar Weyne,Fruits,Orange (kg),Regular,Female,6,1.65,9.9,Cash,Hodan Warsame,2024,6,June
INV102081,2024-06-24,Laba Dhagax,Personal Care,Bar Soap,Member,Female,8,0.53,4.24,Zaad,Yusuf Farah,2024,6,June
INV101808,2024-06-24,Hodan-Taleex,Dairy,Fresh Cream 200ml,Regular,Male,2,1.89,3.78,Evc Plus,Mohamed Ali,2024,6,June
INV101913,2024-06-24,Hamar Weyne,Personal Care,Hand Sanitizer 100ml,Member,Male,6,1.72,10.32,Evc Plus,Hodan Warsame,2024,6,June
INV102115,2024-06-24,Hamar Weyne,Snacks,Candy Pack,Regular,Male,3,0.57,1.71,Evc Plus,Ahmed Abdi,2024,6,June
INV101974,2024-06-24,Hamar Weyne,Fruits,Banana (kg),Member,Male,6,1.22,7.32,Cash,Hodan Warsame,2024,6,June
INV101854,2024-06-24,Hamar Weyne,Personal Care,Body Lotion 200ml,Member,Female,3,3.17,9.51,Cash,Ahmed Abdi,2024,6,June
INV101891,2024-06-24,Laba Dhagax,Bakery,Croissant,Member,Male,5,1.17,5.85,Zaad,Yusuf Farah,2024,6,June
INV101972,2024-06-24,Hodan-Taleex,Household,Cooking Oil 1L,Regular,Male,5,3.07,15.35,Evc Plus,Amina Hassan,2024,6,June
INV102108,2024-06-24,Hamar Weyne,Beverages,Soft Drink Cola 500ml,Regular,Female,1,0.77,0.77,Evc Plus,Hodan Warsame,2024,6,June
INV101943,2024-06-24,Hamar Weyne,Bakery,Croissant,Member,Female,7,1.29,9.03,Evc Plus,Ahmed Abdi,2024,6,June
INV101781,2024-06-24,Laba Dhagax,Fruits,Apple (kg),Regular,Female,2,1.85,3.7,Evc Plus,Sahra Ibrahim,2024,6,June
INV101986,2024-06-24,Hamar Weyne,Beverages,Orange Juice 1L,Member,Female,3,1.72,5.16,Evc Plus,Hodan Warsame,2024,6,June
INV101741,2024-06-24,Hodan-Taleex,Personal Care,Body Lotion 200ml,Regular,Female,4,2.61,10.44,Evc Plus,Fadumo Yusuf,2024,6,June
INV101790,2024-06-24,Hodan-Taleex,Beverages,Bottled Water 500ml,Regular,Female,6,0.45,2.7,Evc Plus,Abdirahman Nur,2024,6,June
INV101856,2024-06-24,Hodan-Taleex,Bakery,Biscuits Pack,Regular,Male,2,1.2,2.4,Zaad,Abdirahman Nur,2024,6,June
INV101850,2024-06-24,Hodan-Taleex,Beverages,Soft Drink Cola 500ml,Member,Male,8,0.93,7.44,Evc Plus,Fadumo Yusuf,2024,6,June
INV101783,2024-06-24,Hodan-Taleex,Household,Dish Soap 500ml,Member,Male,3,1.5,4.5,Evc Plus,Mohamed Ali,2024,6,June
INV102020,2024-06-25,Hodan-Taleex,Personal Care,Hand Sanitizer 100ml,Regular,Female,2,1.29,2.58,Visa,Fadumo Yusuf,2024,6,June
INV102070,2024-06-25,Hodan-Taleex,Household,Laundry Detergent 1kg,Regular,Female,5,2.71,13.55,Evc Plus,Abdirahman Nur,2024,6,June
INV101834,2024-06-25,Hamar Weyne,Snacks,Candy Pack,Regular,Female,3,0.79,2.37,Evc Plus,Hodan Warsame,2024,6,June
INV101751,2024-06-25,Hodan-Taleex,Personal Care,Bar Soap,Regular,Male,6,0.87,5.22,Zaad,Fadumo Yusuf,2024,6,June
INV101813,2024-06-25,Hodan-Taleex,Bakery,Brown Bread,Regular,Male,3,0.9,2.7,Evc Plus,Amina Hassan,2024,6,June
INV101948,2024-06-25,Hodan-Taleex,Dairy,Milk 1L,Member,Male,5,1.56,7.8,Evc Plus,Amina Hassan,2024,6,June
INV101811,2024-06-25,Hamar Weyne,Personal Care,Shampoo 400ml,Member,Male,4,4.0,16.0,Zaad,Ahmed Abdi,2024,6,June
INV101863,2024-06-25,Hodan-Taleex,Personal Care,Shampoo 400ml,Regular,Male,2,2.78,5.56,Cash,Fadumo Yusuf,2024,6,June
INV101981,2024-06-26,Hodan-Taleex,Fruits,Grapes (kg),Member,Female,7,3.86,27.02,Evc Plus,Abdirahman Nur,2024,6,June
INV102076,2024-06-26,Hamar Weyne,Beverages,Black Tea Pack,Member,Male,6,1.91,11.46,Cash,Khadija Omar,2024,6,June
INV101810,2024-06-26,Hodan-Taleex,Bakery,White Bread,Regular,Female,4,0.82,3.28,Zaad,Fadumo Yusuf,2024,6,June
INV101900,2024-06-26,Hodan-Taleex,Household,Flour 2kg,Regular,Female,4,2.0,8.0,Evc Plus,Fadumo Yusuf,2024,6,June
INV101892,2024-06-26,Hodan-Taleex,Vegetables,Cucumber (kg),Regular,Female,6,0.73,4.38,Evc Plus,Fadumo Yusuf,2024,6,June
INV101999,2024-06-26,Hodan-Taleex,Personal Care,Shampoo 400ml,Regular,Female,2,3.43,6.86,Zaad,Amina Hassan,2024,6,June
INV101961,2024-06-26,Hodan-Taleex,Vegetables,Onion (kg),Regular,Female,1,1.07,1.07,Evc Plus,Abdirahman Nur,2024,6,June
INV102112,2024-06-26,Hamar Weyne,Bakery,Donut,Member,Male,5,0.93,4.65,Zaad,Hodan Warsame,2024,6,June
INV101818,2024-06-26,Hodan-Taleex,Household,Dish Soap 500ml,Member,Female,3,1.58,4.74,Evc Plus,Mohamed Ali,2024,6,June
INV102126,2024-06-26,Hodan-Taleex,Personal Care,Body Lotion 200ml,Regular,Male,2,3.24,6.48,Visa,Fadumo Yusuf,2024,6,June
INV102059,2024-06-26,Hamar Weyne,Snacks,Popcorn Pack,Regular,Female,5,0.75,3.75,Zaad,Ahmed Abdi,2024,6,June
INV101917,2024-06-26,Laba Dhagax,Beverages,Bottled Water 500ml,Regular,Male,3,0.46,1.38,Evc Plus,Sahra Ibrahim,2024,6,June
INV102063,2024-06-27,Hamar Weyne,Beverages,Bottled Water 500ml,Member,Female,2,0.37,0.74,Evc Plus,Khadija Omar,2024,6,June
INV101839,2024-06-27,Hodan-Taleex,Snacks,Biscuit Snack Pack,Regular,Male,6,0.68,4.08,Visa,Amina Hassan,2024,6,June
INV101964,2024-06-27,Hodan-Taleex,Beverages,Bottled Water 500ml,Regular,Male,2,0.54,1.08,Zaad,Amina Hassan,2024,6,June
INV101866,2024-06-27,Hodan-Taleex,Beverages,Coffee 200g,Member,Female,2,3.52,7.04,Zaad,Amina Hassan,2024,6,June
INV101772,2024-06-27,Laba Dhagax,Personal Care,Shampoo 400ml,Regular,Female,5,3.81,19.05,Evc Plus,Sahra Ibrahim,2024,6,June
INV101898,2024-06-27,Hodan-Taleex,Vegetables,Tomato (kg),Regular,Male,2,0.9,1.8,Zaad,Mohamed Ali,2024,6,June
INV102125,2024-06-27,Laba Dhagax,Fruits,Orange (kg),Regular,Male,2,1.16,2.32,Evc Plus,Sahra Ibrahim,2024,6,June
INV101885,2024-06-27,Hodan-Taleex,Fruits,Watermelon (each),Member,Male,4,2.69,10.76,Evc Plus,Fadumo Yusuf,2024,6,June
INV102024,2024-06-27,Hodan-Taleex,Bakery,Donut,Regular,Female,1,0.74,0.74,Evc Plus,Abdirahman Nur,2024,6,June
INV101890,2024-06-27,Laba Dhagax,Dairy,Yogurt 500g,Member,Male,2,1.77,3.54,Zaad,Sahra Ibrahim,2024,6,June
INV102023,2024-06-27,Hodan-Taleex,Dairy,Milk 1L,Member,Male,7,1.17,8.19,Evc Plus,Amina Hassan,2024,6,June
INV102039,2024-06-27,Hodan-Taleex,Vegetables,Tomato (kg),Regular,Female,1,0.81,0.81,Zaad,Abdirahman Nur,2024,6,June
INV102006,2024-06-27,Hamar Weyne,Household,Flour 2kg,Member,Male,5,2.14,10.7,Zaad,Hodan Warsame,2024,6,June
INV102088,2024-06-27,Laba Dhagax,Vegetables,Tomato (kg),Member,Female,3,1.11,3.33,Cash,Yusuf Farah,2024,6,June
INV101976,2024-06-28,Hamar Weyne,Household,Pasta 500g,Regular,Male,6,1.79,10.74,Zaad,Hodan Warsame,2024,6,June
INV102017,2024-06-28,Laba Dhagax,Household,Rice 5kg,Regular,Female,1,6.88,6.88,Zaad,Sahra Ibrahim,2024,6,June
INV101910,2024-06-28,Hodan-Taleex,Household,Rice 5kg,Member,Female,5,8.26,41.3,Cash,Amina Hassan,2024,6,June
INV101829,2024-06-28,Hamar Weyne,Beverages,Coffee 200g,Regular,Male,6,3.6,21.6,Evc Plus,Hodan Warsame,2024,6,June
INV101978,2024-06-28,Hodan-Taleex,Dairy,Butter 250g,Member,Male,2,2.12,4.24,Cash,Fadumo Yusuf,2024,6,June
INV102021,2024-06-28,Hodan-Taleex,Personal Care,Shampoo 400ml,Member,Male,4,3.62,14.48,Evc Plus,Fadumo Yusuf,2024,6,June
INV101797,2024-06-28,Hamar Weyne,Fruits,Orange (kg),Regular,Male,5,1.68,8.4,Evc Plus,Hodan Warsame,2024,6,June
INV102051,2024-06-28,Hamar Weyne,Fruits,Banana (kg),Regular,Female,5,1.19,5.95,Evc Plus,Khadija Omar,2024,6,June
INV102012,2024-06-28,Hodan-Taleex,Beverages,Bottled Water 500ml,Regular,Male,1,0.6,0.6,Evc Plus,Amina Hassan,2024,6,June
INV101946,2024-06-28,Hamar Weyne,Dairy,Butter 250g,Regular,Male,4,3.41,13.64,Evc Plus,Khadija Omar,2024,6,June
INV101761,2024-06-28,Laba Dhagax,Household,Flour 2kg,Regular,Male,1,2.47,2.47,Evc Plus,Sahra Ibrahim,2024,6,June
INV102028,2024-06-28,Laba Dhagax,Vegetables,Potato (kg),Member,Male,7,0.72,5.04,Evc Plus,Yusuf Farah,2024,6,June
INV101851,2024-06-28,Hodan-Taleex,Bakery,Biscuits Pack,Member,Female,2,1.18,2.36,Cash,Fadumo Yusuf,2024,6,June
INV101922,2024-06-28,Hodan-Taleex,Beverages,Apple Juice 1L,Regular,Female,3,1.9,5.7,Zaad,Abdirahman Nur,2024,6,June
INV101991,2024-06-29,Hamar Weyne,Bakery,Cupcake,Member,Male,7,0.7,4.9,Visa,Khadija Omar,2024,6,June
INV101995,2024-06-29,Laba Dhagax,Household,Rice 5kg,Member,Female,4,8.31,33.24,Evc Plus,Yusuf Farah,2024,6,June
INV102068,2024-06-29,Hodan-Taleex,Dairy,Yogurt 500g,Regular,Female,4,1.6,6.4,Zaad,Fadumo Yusuf,2024,6,June
INV101857,2024-06-29,Laba Dhagax,Household,Flour 2kg,Regular,Female,1,2.17,2.17,Cash,Sahra Ibrahim,2024,6,June
INV101973,2024-06-29,Laba Dhagax,Vegetables,Cabbage (each),Regular,Female,2,0.94,1.88,Evc Plus,Sahra Ibrahim,2024,6,June
INV101778,2024-06-29,Hodan-Taleex,Beverages,Coffee 200g,Member,Male,3,3.55,10.65,Evc Plus,Abdirahman Nur,2024,6,June
INV102095,2024-06-29,Hamar Weyne,Household,Rice 5kg,Regular,Female,1,8.44,8.44,Evc Plus,Hodan Warsame,2024,6,June
INV101993,2024-06-29,Hodan-Taleex,Vegetables,Potato (kg),Member,Male,6,0.74,4.44,Zaad,Abdirahman Nur,2024,6,June
INV102077,2024-06-29,Hamar Weyne,Household,Rice 5kg,Member,Female,3,8.36,25.08,Zaad,Hodan Warsame,2024,6,June
INV101924,2024-06-29,Laba Dhagax,Beverages,Black Tea Pack,Regular,Female,5,1.45,7.25,Zaad,Yusuf Farah,2024,6,June
INV102065,2024-06-29,Hamar Weyne,Beverages,Bottled Water 500ml,Regular,Male,3,0.34,1.02,Zaad,Ahmed Abdi,2024,6,June
INV101928,2024-06-29,Hodan-Taleex,Fruits,Mango (kg),Regular,Female,4,1.71,6.84,Evc Plus,Amina Hassan,2024,6,June
INV101967,2024-06-29,Laba Dhagax,Bakery,Brown Bread,Regular,Female,6,0.77,4.62,Zaad,Yusuf Farah,2024,6,June
INV102107,2024-06-30,Hamar Weyne,Personal Care,Toothpaste,Member,Female,8,2.47,19.76,Zaad,Hodan Warsame,2024,6,June
INV102055,2024-06-30,Hodan-Taleex,Fruits,Watermelon (each),Member,Male,7,2.13,14.91,Evc Plus,Abdirahman Nur,2024,6,June
INV101868,2024-06-30,Hodan-Taleex,Bakery,Croissant,Member,Female,7,0.94,6.58,Zaad,Abdirahman Nur,2024,6,June
INV101799,2024-06-30,Hamar Weyne,Personal Care,Toothbrush,Member,Female,3,1.45,4.35,Evc Plus,Hodan Warsame,2024,6,June
INV101832,2024-06-30,Hodan-Taleex,Bakery,Brown Bread,Regular,Male,1,0.93,0.93,Evc Plus,Amina Hassan,2024,6,June
INV101896,2024-06-30,Hamar Weyne,Snacks,Chocolate Bar,Regular,Female,6,0.74,4.44,Cash,Ahmed Abdi,2024,6,June
INV101903,2024-06-30,Laba Dhagax,Beverages,Sprite 500ml,Member,Male,6,0.76,4.56,Zaad,Sahra Ibrahim,2024,6,June
INV102016,2024-06-30,Hamar Weyne,Household,Cooking Oil 1L,Member,Female,4,3.55,14.2,Zaad,Ahmed Abdi,2024,6,June
INV101837,2024-06-30,Hodan-Taleex,Vegetables,Potato (kg),Regular,Male,4,0.77,3.08,Evc Plus,Amina Hassan,2024,6,June
INV101955,2024-06-30,Hodan-Taleex,Household,Pasta 500g,Regular,Female,6,1.5,9.0,Zaad,Abdirahman Nur,2024,6,June
INV101957,2024-06-30,Laba Dhagax,Beverages,Coffee 200g,Regular,Female,6,4.0,24.0,Evc Plus,Yusuf Farah,2024,6,June
INV101918,2024-06-30,Hamar Weyne,Snacks,Potato Chips,Member,Male,5,0.91,4.55,Visa,Hodan Warsame,2024,6,June
INV102290,2024-07-01,Hodan-Taleex,Fruits,Grapes (kg),Regular,Female,2,3.9,7.8,Cash,Mohamed Ali,2024,7,July
INV102341,2024-07-01,Hamar Weyne,Fruits,Watermelon (each),Regular,Female,3,2.75,8.25,Cash,Hodan Warsame,2024,7,July
INV102252,2024-07-01,Hodan-Taleex,Personal Care,Body Lotion 200ml,Member,Male,5,2.84,14.2,Evc Plus,Fadumo Yusuf,2024,7,July
INV102308,2024-07-01,Hodan-Taleex,Bakery,Biscuits Pack,Member,Female,6,1.24,7.44,Zaad,Amina Hassan,2024,7,July
INV102321,2024-07-02,Hamar Weyne,Fruits,Watermelon (each),Member,Female,7,2.88,20.16,Cash,Khadija Omar,2024,7,July
INV102459,2024-07-02,Hodan-Taleex,Dairy,Yogurt 500g,Member,Female,6,1.79,10.74,Zaad,Abdirahman Nur,2024,7,July
INV102135,2024-07-02,Hodan-Taleex,Fruits,Mango (kg),Regular,Male,3,1.55,4.65,Evc Plus,Fadumo Yusuf,2024,7,July
INV102229,2024-07-02,Hamar Weyne,Snacks,Chocolate Bar,Member,Male,8,1.07,8.56,Evc Plus,Khadija Omar,2024,7,July
INV102167,2024-07-02,Hodan-Taleex,Household,Cooking Oil 1L,Regular,Male,2,2.67,5.34,Evc Plus,Mohamed Ali,2024,7,July
INV102432,2024-07-02,Hodan-Taleex,Vegetables,Cabbage (each),Member,Male,6,1.33,7.98,Cash,Abdirahman Nur,2024,7,July
INV102207,2024-07-02,Hamar Weyne,Dairy,Milk 1L,Regular,Male,1,1.48,1.48,Evc Plus,Hodan Warsame,2024,7,July
INV102369,2024-07-02,Hodan-Taleex,Dairy,Eggs Tray (30pcs),Member,Male,4,4.5,18.0,Evc Plus,Abdirahman Nur,2024,7,July
INV102128,2024-07-02,Hamar Weyne,Snacks,Peanuts 200g,Member,Female,3,0.96,2.88,Evc Plus,Hodan Warsame,2024,7,July
INV102401,2024-07-03,Hodan-Taleex,Bakery,Cupcake,Member,Male,5,0.79,3.95,Zaad,Fadumo Yusuf,2024,7,July
INV102285,2024-07-03,Laba Dhagax,Fruits,Mango (kg),Regular,Female,5,1.45,7.25,Evc Plus,Yusuf Farah,2024,7,July
INV102343,2024-07-03,Hodan-Taleex,Bakery,Donut,Regular,Male,2,0.72,1.44,Evc Plus,Abdirahman Nur,2024,7,July
INV102164,2024-07-03,Hamar Weyne,Dairy,Milk 1L,Regular,Female,1,1.46,1.46,Evc Plus,Ahmed Abdi,2024,7,July
INV102192,2024-07-03,Laba Dhagax,Vegetables,Potato (kg),Member,Male,7,0.67,4.69,Zaad,Sahra Ibrahim,2024,7,July
INV102306,2024-07-03,Hodan-Taleex,Fruits,Orange (kg),Member,Female,6,1.67,10.02,Cash,Amina Hassan,2024,7,July
INV102309,2024-07-03,Hamar Weyne,Beverages,Bottled Water 500ml,Member,Male,7,0.41,2.87,Evc Plus,Hodan Warsame,2024,7,July
INV102339,2024-07-03,Hamar Weyne,Household,Laundry Detergent 1kg,Regular,Female,5,3.09,15.45,Evc Plus,Khadija Omar,2024,7,July
INV102398,2024-07-03,Hodan-Taleex,Personal Care,Shampoo 400ml,Regular,Male,3,2.77,8.31,Evc Plus,Abdirahman Nur,2024,7,July
INV102378,2024-07-03,Hodan-Taleex,Household,Pasta 500g,Regular,Female,5,1.79,8.95,Evc Plus,Amina Hassan,2024,7,July
INV102211,2024-07-04,Hodan-Taleex,Beverages,Black Tea Pack,Member,Male,4,1.73,6.92,Zaad,Fadumo Yusuf,2024,7,July
INV102384,2024-07-04,Hamar Weyne,Beverages,Coffee 200g,Regular,Female,2,2.92,5.84,Evc Plus,Hodan Warsame,2024,7,July
INV102265,2024-07-04,Hodan-Taleex,Bakery,Brown Bread,Member,Female,5,0.7,3.5,Evc Plus,Abdirahman Nur,2024,7,July
INV102170,2024-07-04,Laba Dhagax,Snacks,Candy Pack,Regular,Male,5,0.59,2.95,Zaad,Yusuf Farah,2024,7,July
INV102360,2024-07-04,Hamar Weyne,Vegetables,Tomato (kg),Regular,Male,2,0.74,1.48,Zaad,Ahmed Abdi,2024,7,July
INV102146,2024-07-04,Hamar Weyne,Dairy,Cheese 200g,Regular,Female,6,3.33,19.98,Evc Plus,Ahmed Abdi,2024,7,July
INV102347,2024-07-04,Hamar Weyne,Vegetables,Cabbage (each),Regular,Male,3,1.21,3.63,Visa,Hodan Warsame,2024,7,July
INV102400,2024-07-04,Hamar Weyne,Dairy,Yogurt 500g,Regular,Male,4,1.7,6.8,Cash,Khadija Omar,2024,7,July
INV102272,2024-07-04,Hamar Weyne,Personal Care,Bar Soap,Regular,Male,5,0.73,3.65,Evc Plus,Hodan Warsame,2024,7,July
INV102187,2024-07-05,Hamar Weyne,Dairy,Yogurt 500g,Regular,Female,6,1.78,10.68,Evc Plus,Ahmed Abdi,2024,7,July
INV102342,2024-07-05,Hamar Weyne,Household,Sugar 2kg,Regular,Female,1,2.77,2.77,Evc Plus,Ahmed Abdi,2024,7,July
INV102422,2024-07-05,Hodan-Taleex,Fruits,Orange (kg),Regular,Male,3,1.17,3.51,Evc Plus,Amina Hassan,2024,7,July
INV102262,2024-07-05,Hodan-Taleex,Beverages,Coffee 200g,Regular,Female,6,2.66,15.96,Cash,Amina Hassan,2024,7,July
INV102186,2024-07-05,Hamar Weyne,Vegetables,Onion (kg),Member,Male,6,1.01,6.06,Evc Plus,Khadija Omar,2024,7,July
INV102331,2024-07-05,Laba Dhagax,Beverages,Soft Drink Cola 500ml,Member,Male,4,1.15,4.6,Evc Plus,Yusuf Farah,2024,7,July
INV102334,2024-07-05,Hamar Weyne,Dairy,Milk 1L,Member,Female,2,1.58,3.16,Evc Plus,Hodan Warsame,2024,7,July
INV102278,2024-07-05,Hodan-Taleex,Dairy,Eggs Tray (30pcs),Regular,Male,3,4.63,13.89,Cash,Mohamed Ali,2024,7,July
INV102330,2024-07-05,Hodan-Taleex,Household,Sugar 2kg,Member,Male,6,2.9,17.4,Evc Plus,Fadumo Yusuf,2024,7,July
INV102412,2024-07-05,Hamar Weyne,Snacks,Biscuit Snack Pack,Member,Female,6,0.61,3.66,Evc Plus,Khadija Omar,2024,7,July
INV102206,2024-07-05,Hamar Weyne,Household,Sugar 2kg,Member,Male,3,2.8,8.4,Evc Plus,Khadija Omar,2024,7,July
INV102166,2024-07-06,Hodan-Taleex,Dairy,Butter 250g,Member,Female,3,2.34,7.02,Evc Plus,Fadumo Yusuf,2024,7,July
INV102365,2024-07-06,Hamar Weyne,Fruits,Orange (kg),Member,Female,5,1.32,6.6,Evc Plus,Hodan Warsame,2024,7,July
INV102397,2024-07-06,Hamar Weyne,Vegetables,Cabbage (each),Regular,Female,6,1.32,7.92,Zaad,Hodan Warsame,2024,7,July
INV102307,2024-07-06,Hamar Weyne,Vegetables,Cabbage (each),Regular,Male,1,1.35,1.35,Cash,Ahmed Abdi,2024,7,July
INV102240,2024-07-06,Hodan-Taleex,Snacks,Chocolate Bar,Member,Female,8,0.89,7.12,Evc Plus,Amina Hassan,2024,7,July
INV102197,2024-07-06,Hodan-Taleex,Dairy,Fresh Cream 200ml,Regular,Female,6,1.63,9.78,Evc Plus,Abdirahman Nur,2024,7,July
INV102333,2024-07-06,Hamar Weyne,Bakery,Donut,Regular,Male,3,0.72,2.16,Evc Plus,Hodan Warsame,2024,7,July
INV102414,2024-07-06,Hodan-Taleex,Personal Care,Shampoo 400ml,Regular,Female,3,4.39,13.17,Cash,Fadumo Yusuf,2024,7,July
INV102212,2024-07-06,Hamar Weyne,Beverages,Black Tea Pack,Regular,Male,6,1.07,6.42,Evc Plus,Khadija Omar,2024,7,July
INV102270,2024-07-06,Hodan-Taleex,Bakery,Cupcake,Member,Female,2,0.63,1.26,Evc Plus,Mohamed Ali,2024,7,July
INV102340,2024-07-06,Hodan-Taleex,Snacks,Potato Chips,Member,Male,3,1.19,3.57,Zaad,Fadumo Yusuf,2024,7,July
INV102418,2024-07-06,Laba Dhagax,Personal Care,Toothpaste,Member,Female,5,2.12,10.6,Cash,Yusuf Farah,2024,7,July
INV102389,2024-07-06,Hamar Weyne,Dairy,Fresh Cream 200ml,Member,Female,3,2.42,7.26,Cash,Khadija Omar,2024,7,July
INV102434,2024-07-07,Hamar Weyne,Vegetables,Cucumber (kg),Member,Male,2,0.82,1.64,Evc Plus,Hodan Warsame,2024,7,July
INV102151,2024-07-07,Laba Dhagax,Fruits,Grapes (kg),Regular,Female,4,2.57,10.28,Evc Plus,Sahra Ibrahim,2024,7,July
INV102304,2024-07-07,Hodan-Taleex,Bakery,Biscuits Pack,Regular,Female,1,0.99,0.99,Cash,Amina Hassan,2024,7,July
INV102396,2024-07-07,Laba Dhagax,Personal Care,Toothbrush,Regular,Female,5,1.16,5.8,Evc Plus,Sahra Ibrahim,2024,7,July
INV102368,2024-07-07,Hodan-Taleex,Personal Care,Bar Soap,Regular,Male,3,0.79,2.37,Zaad,Mohamed Ali,2024,7,July
INV102271,2024-07-07,Hamar Weyne,Vegetables,Cucumber (kg),Member,Male,2,0.72,1.44,Evc Plus,Hodan Warsame,2024,7,July
INV102376,2024-07-07,Hodan-Taleex,Bakery,Croissant,Member,Female,8,1.17,9.36,Evc Plus,Abdirahman Nur,2024,7,July
INV102370,2024-07-07,Hodan-Taleex,Bakery,Biscuits Pack,Regular,Female,3,0.8,2.4,Evc Plus,Abdirahman Nur,2024,7,July
INV102232,2024-07-08,Laba Dhagax,Fruits,Orange (kg),Regular,Male,3,1.36,4.08,Zaad,Sahra Ibrahim,2024,7,July
INV102431,2024-07-08,Hamar Weyne,Bakery,Brown Bread,Member,Female,2,0.78,1.56,Evc Plus,Hodan Warsame,2024,7,July
INV102260,2024-07-08,Hodan-Taleex,Snacks,Candy Pack,Regular,Female,3,0.88,2.64,Evc Plus,Abdirahman Nur,2024,7,July
INV102215,2024-07-08,Hodan-Taleex,Bakery,Donut,Regular,Male,6,0.85,5.1,Evc Plus,Fadumo Yusuf,2024,7,July
INV102416,2024-07-08,Hodan-Taleex,Bakery,Croissant,Regular,Female,4,0.93,3.72,Cash,Mohamed Ali,2024,7,July
INV102137,2024-07-08,Hamar Weyne,Personal Care,Body Lotion 200ml,Regular,Male,1,3.81,3.81,Evc Plus,Ahmed Abdi,2024,7,July
INV102185,2024-07-08,Hamar Weyne,Beverages,Sprite 500ml,Member,Female,7,0.99,6.93,Visa,Ahmed Abdi,2024,7,July
INV102171,2024-07-08,Hodan-Taleex,Snacks,Chocolate Bar,Regular,Female,1,0.91,0.91,Visa,Amina Hassan,2024,7,July
INV102382,2024-07-08,Hodan-Taleex,Personal Care,Body Lotion 200ml,Regular,Female,5,3.62,18.1,Zaad,Amina Hassan,2024,7,July
INV102449,2024-07-08,Hamar Weyne,Vegetables,Cucumber (kg),Member,Female,8,0.89,7.12,Evc Plus,Ahmed Abdi,2024,7,July
INV102139,2024-07-08,Hodan-Taleex,Fruits,Apple (kg),Regular,Female,5,2.16,10.8,Evc Plus,Amina Hassan,2024,7,July
INV102280,2024-07-08,Hamar Weyne,Vegetables,Cucumber (kg),Member,Male,3,0.6,1.8,Cash,Ahmed Abdi,2024,7,July
INV102394,2024-07-08,Hamar Weyne,Household,Sugar 2kg,Member,Female,2,2.39,4.78,Evc Plus,Hodan Warsame,2024,7,July
INV102130,2024-07-08,Hamar Weyne,Vegetables,Cucumber (kg),Member,Female,8,0.94,7.52,Zaad,Khadija Omar,2024,7,July
INV102386,2024-07-09,Laba Dhagax,Fruits,Mango (kg),Regular,Male,4,1.92,7.68,Evc Plus,Yusuf Farah,2024,7,July
INV102319,2024-07-09,Laba Dhagax,Beverages,Black Tea Pack,Member,Male,4,1.22,4.88,Zaad,Yusuf Farah,2024,7,July
INV102220,2024-07-09,Hodan-Taleex,Personal Care,Shampoo 400ml,Member,Male,2,3.34,6.68,Evc Plus,Mohamed Ali,2024,7,July
INV102165,2024-07-09,Hodan-Taleex,Household,Cooking Oil 1L,Member,Female,2,3.16,6.32,Cash,Fadumo Yusuf,2024,7,July
INV102328,2024-07-09,Hamar Weyne,Dairy,Cheese 200g,Regular,Male,4,3.14,12.56,Visa,Hodan Warsame,2024,7,July
INV102417,2024-07-09,Hodan-Taleex,Dairy,Milk 1L,Regular,Female,2,1.47,2.94,Cash,Amina Hassan,2024,7,July
INV102204,2024-07-09,Hodan-Taleex,Fruits,Mango (kg),Regular,Female,2,1.29,2.58,Visa,Amina Hassan,2024,7,July
INV102216,2024-07-09,Hodan-Taleex,Household,Rice 5kg,Regular,Female,2,8.52,17.04,Cash,Mohamed Ali,2024,7,July
INV102303,2024-07-09,Hodan-Taleex,Beverages,Sprite 500ml,Regular,Male,5,0.82,4.1,Cash,Amina Hassan,2024,7,July
INV102454,2024-07-09,Laba Dhagax,Beverages,Orange Juice 1L,Regular,Male,2,2.16,4.32,Evc Plus,Yusuf Farah,2024,7,July
INV102407,2024-07-09,Laba Dhagax,Vegetables,Potato (kg),Regular,Male,1,0.66,0.66,Cash,Yusuf Farah,2024,7,July
INV102326,2024-07-09,Hodan-Taleex,Personal Care,Toothpaste,Regular,Female,4,2.33,9.32,Visa,Abdirahman Nur,2024,7,July
INV102160,2024-07-09,Hodan-Taleex,Beverages,Apple Juice 1L,Regular,Female,3,1.77,5.31,Evc Plus,Abdirahman Nur,2024,7,July
INV102294,2024-07-09,Hodan-Taleex,Vegetables,Tomato (kg),Regular,Male,6,1.05,6.3,Evc Plus,Abdirahman Nur,2024,7,July
INV102354,2024-07-10,Laba Dhagax,Bakery,Donut,Regular,Female,4,0.62,2.48,Zaad,Yusuf Farah,2024,7,July
INV102313,2024-07-10,Hodan-Taleex,Bakery,Donut,Regular,Female,2,0.67,1.34,Evc Plus,Mohamed Ali,2024,7,July
INV102152,2024-07-10,Hodan-Taleex,Bakery,Biscuits Pack,Regular,Female,5,0.84,4.2,Evc Plus,Abdirahman Nur,2024,7,July
INV102138,2024-07-10,Hodan-Taleex,Beverages,Sprite 500ml,Regular,Male,2,0.97,1.94,Evc Plus,Amina Hassan,2024,7,July
INV102344,2024-07-10,Hodan-Taleex,Fruits,Grapes (kg),Regular,Male,4,2.73,10.92,Evc Plus,Fadumo Yusuf,2024,7,July
INV102275,2024-07-10,Laba Dhagax,Dairy,Eggs Tray (30pcs),Regular,Female,4,4.67,18.68,Evc Plus,Sahra Ibrahim,2024,7,July
INV102357,2024-07-10,Hodan-Taleex,Personal Care,Hand Sanitizer 100ml,Member,Male,6,1.47,8.82,Evc Plus,Fadumo Yusuf,2024,7,July
INV102175,2024-07-10,Hamar Weyne,Household,Cooking Oil 1L,Member,Male,3,3.05,9.15,Evc Plus,Khadija Omar,2024,7,July
INV102247,2024-07-10,Hodan-Taleex,Fruits,Apple (kg),Regular,Female,5,2.24,11.2,Evc Plus,Fadumo Yusuf,2024,7,July
INV102208,2024-07-10,Hodan-Taleex,Beverages,Bottled Water 500ml,Regular,Female,1,0.41,0.41,Zaad,Mohamed Ali,2024,7,July
INV102217,2024-07-10,Hamar Weyne,Bakery,Croissant,Regular,Female,2,1.17,2.34,Evc Plus,Khadija Omar,2024,7,July
INV102228,2024-07-10,Hodan-Taleex,Household,Sugar 2kg,Regular,Female,6,2.28,13.68,Evc Plus,Abdirahman Nur,2024,7,July
INV102327,2024-07-10,Hamar Weyne,Fruits,Watermelon (each),Member,Female,5,3.02,15.1,Evc Plus,Ahmed Abdi,2024,7,July
INV102448,2024-07-11,Hodan-Taleex,Bakery,Cupcake,Regular,Male,5,0.77,3.85,Evc Plus,Abdirahman Nur,2024,7,July
INV102372,2024-07-11,Hodan-Taleex,Beverages,Coffee 200g,Regular,Male,2,2.54,5.08,Cash,Fadumo Yusuf,2024,7,July
INV102409,2024-07-11,Laba Dhagax,Dairy,Yogurt 500g,Regular,Female,2,1.46,2.92,Cash,Sahra Ibrahim,2024,7,July
INV102201,2024-07-11,Hamar Weyne,Snacks,Biscuit Snack Pack,Regular,Female,3,0.73,2.19,Evc Plus,Hodan Warsame,2024,7,July
INV102194,2024-07-11,Hamar Weyne,Snacks,Peanuts 200g,Regular,Male,6,0.98,5.88,Cash,Ahmed Abdi,2024,7,July
INV102419,2024-07-11,Hodan-Taleex,Household,Flour 2kg,Regular,Male,5,2.82,14.1,Evc Plus,Fadumo Yusuf,2024,7,July
INV102379,2024-07-11,Hodan-Taleex,Personal Care,Toothbrush,Regular,Female,3,1.0,3.0,Cash,Mohamed Ali,2024,7,July
INV102200,2024-07-11,Hodan-Taleex,Personal Care,Hand Sanitizer 100ml,Regular,Male,2,1.5,3.0,Zaad,Fadumo Yusuf,2024,7,July
INV102410,2024-07-11,Hodan-Taleex,Vegetables,Cabbage (each),Regular,Female,2,1.25,2.5,Evc Plus,Amina Hassan,2024,7,July
INV102408,2024-07-11,Hodan-Taleex,Personal Care,Toothpaste,Member,Male,4,1.91,7.64,Evc Plus,Amina Hassan,2024,7,July
INV102299,2024-07-11,Hodan-Taleex,Beverages,Soft Drink Cola 500ml,Regular,Female,6,1.11,6.66,Visa,Amina Hassan,2024,7,July
INV102203,2024-07-11,Hodan-Taleex,Vegetables,Potato (kg),Regular,Female,5,0.95,4.75,Cash,Mohamed Ali,2024,7,July
INV102450,2024-07-11,Hodan-Taleex,Vegetables,Cucumber (kg),Regular,Female,3,0.66,1.98,Cash,Fadumo Yusuf,2024,7,July
INV102143,2024-07-11,Laba Dhagax,Household,Flour 2kg,Regular,Male,5,2.87,14.35,Evc Plus,Yusuf Farah,2024,7,July
INV102182,2024-07-12,Hodan-Taleex,Dairy,Yogurt 500g,Regular,Female,2,2.0,4.0,Evc Plus,Fadumo Yusuf,2024,7,July
INV102375,2024-07-12,Hamar Weyne,Vegetables,Cucumber (kg),Regular,Male,3,0.74,2.22,Evc Plus,Khadija Omar,2024,7,July
INV102142,2024-07-12,Hodan-Taleex,Dairy,Cheese 200g,Regular,Female,6,2.95,17.7,Evc Plus,Fadumo Yusuf,2024,7,July
INV102129,2024-07-12,Hodan-Taleex,Beverages,Apple Juice 1L,Regular,Female,5,1.73,8.65,Zaad,Amina Hassan,2024,7,July
INV102226,2024-07-12,Laba Dhagax,Bakery,Biscuits Pack,Regular,Female,3,1.26,3.78,Evc Plus,Sahra Ibrahim,2024,7,July
INV102288,2024-07-12,Laba Dhagax,Household,Flour 2kg,Regular,Female,2,1.83,3.66,Evc Plus,Yusuf Farah,2024,7,July
INV102395,2024-07-12,Hamar Weyne,Snacks,Biscuit Snack Pack,Regular,Female,6,0.64,3.84,Evc Plus,Hodan Warsame,2024,7,July
INV102273,2024-07-12,Hodan-Taleex,Household,Cooking Oil 1L,Regular,Female,5,2.73,13.65,Cash,Amina Hassan,2024,7,July
INV102305,2024-07-12,Hodan-Taleex,Bakery,Biscuits Pack,Member,Male,4,0.99,3.96,Evc Plus,Abdirahman Nur,2024,7,July
INV102413,2024-07-12,Hamar Weyne,Snacks,Popcorn Pack,Regular,Female,1,0.79,0.79,Zaad,Hodan Warsame,2024,7,July
INV102363,2024-07-12,Hamar Weyne,Snacks,Popcorn Pack,Regular,Female,1,0.73,0.73,Evc Plus,Ahmed Abdi,2024,7,July
INV102314,2024-07-12,Hodan-Taleex,Personal Care,Bar Soap,Regular,Female,3,0.55,1.65,Cash,Fadumo Yusuf,2024,7,July
INV102155,2024-07-13,Laba Dhagax,Vegetables,Potato (kg),Member,Male,8,0.64,5.12,Visa,Yusuf Farah,2024,7,July
INV102391,2024-07-13,Hodan-Taleex,Household,Flour 2kg,Regular,Male,6,2.89,17.34,Evc Plus,Abdirahman Nur,2024,7,July
INV102193,2024-07-13,Laba Dhagax,Snacks,Chocolate Bar,Member,Female,5,0.81,4.05,Evc Plus,Sahra Ibrahim,2024,7,July
INV102234,2024-07-13,Hodan-Taleex,Bakery,Brown Bread,Regular,Male,6,0.71,4.26,Zaad,Fadumo Yusuf,2024,7,July
INV102337,2024-07-13,Hodan-Taleex,Personal Care,Shampoo 400ml,Member,Male,8,4.33,34.64,Evc Plus,Abdirahman Nur,2024,7,July
INV102452,2024-07-13,Hamar Weyne,Personal Care,Body Lotion 200ml,Member,Female,2,3.64,7.28,Visa,Khadija Omar,2024,7,July
INV102132,2024-07-13,Hamar Weyne,Household,Laundry Detergent 1kg,Regular,Male,5,3.22,16.1,Evc Plus,Khadija Omar,2024,7,July
INV102425,2024-07-13,Hamar Weyne,Dairy,Cheese 200g,Member,Male,4,3.5,14.0,Evc Plus,Ahmed Abdi,2024,7,July
INV102458,2024-07-13,Hamar Weyne,Personal Care,Toothpaste,Member,Female,2,2.28,4.56,Zaad,Khadija Omar,2024,7,July
INV102455,2024-07-13,Hamar Weyne,Fruits,Watermelon (each),Regular,Male,3,2.64,7.92,Evc Plus,Khadija Omar,2024,7,July
INV102225,2024-07-14,Hodan-Taleex,Vegetables,Onion (kg),Member,Female,4,0.72,2.88,Evc Plus,Fadumo Yusuf,2024,7,July
INV102190,2024-07-14,Hamar Weyne,Bakery,Biscuits Pack,Member,Female,2,0.92,1.84,Evc Plus,Hodan Warsame,2024,7,July
INV102352,2024-07-14,Hodan-Taleex,Snacks,Candy Pack,Regular,Female,1,0.81,0.81,Evc Plus,Fadumo Yusuf,2024,7,July
INV102136,2024-07-14,Laba Dhagax,Dairy,Cheese 200g,Member,Male,6,2.52,15.12,Evc Plus,Sahra Ibrahim,2024,7,July
INV102188,2024-07-14,Hodan-Taleex,Dairy,Fresh Cream 200ml,Member,Female,4,1.62,6.48,Zaad,Fadumo Yusuf,2024,7,July
INV102437,2024-07-14,Hamar Weyne,Household,Cooking Oil 1L,Member,Female,2,2.88,5.76,Cash,Ahmed Abdi,2024,7,July
INV102144,2024-07-14,Hamar Weyne,Snacks,Candy Pack,Regular,Male,1,0.64,0.64,Cash,Ahmed Abdi,2024,7,July
INV102286,2024-07-14,Hodan-Taleex,Bakery,Cupcake,Regular,Female,6,0.56,3.36,Evc Plus,Mohamed Ali,2024,7,July
INV102312,2024-07-14,Hodan-Taleex,Bakery,Biscuits Pack,Regular,Female,2,1.2,2.4,Evc Plus,Fadumo Yusuf,2024,7,July
INV102443,2024-07-14,Hodan-Taleex,Snacks,Potato Chips,Regular,Male,2,0.78,1.56,Evc Plus,Abdirahman Nur,2024,7,July
INV102209,2024-07-15,Laba Dhagax,Personal Care,Toothpaste,Member,Female,6,1.63,9.78,Visa,Yusuf Farah,2024,7,July
INV102456,2024-07-15,Hodan-Taleex,Snacks,Peanuts 200g,Regular,Male,2,1.17,2.34,Zaad,Fadumo Yusuf,2024,7,July
INV102315,2024-07-15,Hamar Weyne,Fruits,Watermelon (each),Member,Female,8,2.96,23.68,Zaad,Ahmed Abdi,2024,7,July
INV102325,2024-07-15,Hodan-Taleex,Personal Care,Body Lotion 200ml,Regular,Male,4,3.71,14.84,Zaad,Mohamed Ali,2024,7,July
INV102230,2024-07-15,Hodan-Taleex,Dairy,Butter 250g,Regular,Female,4,2.59,10.36,Evc Plus,Fadumo Yusuf,2024,7,July
INV102453,2024-07-15,Laba Dhagax,Vegetables,Onion (kg),Regular,Female,6,1.0,6.0,Evc Plus,Sahra Ibrahim,2024,7,July
INV102433,2024-07-15,Hodan-Taleex,Household,Pasta 500g,Regular,Male,2,1.38,2.76,Evc Plus,Fadumo Yusuf,2024,7,July
INV102162,2024-07-15,Hodan-Taleex,Dairy,Butter 250g,Member,Male,5,2.69,13.45,Evc Plus,Fadumo Yusuf,2024,7,July
INV102460,2024-07-15,Hodan-Taleex,Beverages,Soft Drink Cola 500ml,Regular,Female,3,1.02,3.06,Evc Plus,Amina Hassan,2024,7,July
INV102268,2024-07-16,Hodan-Taleex,Household,Cooking Oil 1L,Member,Female,6,3.41,20.46,Evc Plus,Mohamed Ali,2024,7,July
INV102335,2024-07-16,Laba Dhagax,Beverages,Bottled Water 500ml,Regular,Female,2,0.4,0.8,Evc Plus,Yusuf Farah,2024,7,July
INV102256,2024-07-16,Laba Dhagax,Beverages,Black Tea Pack,Regular,Male,4,1.62,6.48,Evc Plus,Sahra Ibrahim,2024,7,July
INV102423,2024-07-16,Hodan-Taleex,Household,Sugar 2kg,Member,Male,7,2.24,15.68,Evc Plus,Fadumo Yusuf,2024,7,July
INV102351,2024-07-16,Laba Dhagax,Household,Sugar 2kg,Regular,Female,5,2.45,12.25,Cash,Sahra Ibrahim,2024,7,July
INV102150,2024-07-16,Hodan-Taleex,Beverages,Soft Drink Cola 500ml,Member,Female,8,1.05,8.4,Zaad,Amina Hassan,2024,7,July
INV102223,2024-07-16,Hodan-Taleex,Snacks,Potato Chips,Regular,Female,5,0.93,4.65,Evc Plus,Abdirahman Nur,2024,7,July
INV102388,2024-07-16,Hodan-Taleex,Snacks,Chocolate Bar,Regular,Female,2,1.12,2.24,Zaad,Fadumo Yusuf,2024,7,July
INV102210,2024-07-16,Hamar Weyne,Bakery,White Bread,Regular,Male,4,0.96,3.84,Zaad,Khadija Omar,2024,7,July
INV102255,2024-07-16,Hodan-Taleex,Beverages,Coffee 200g,Member,Male,3,4.23,12.69,Visa,Amina Hassan,2024,7,July
INV102239,2024-07-17,Laba Dhagax,Beverages,Bottled Water 500ml,Regular,Male,1,0.53,0.53,Evc Plus,Sahra Ibrahim,2024,7,July
INV102199,2024-07-17,Hamar Weyne,Vegetables,Cabbage (each),Member,Female,4,1.06,4.24,Evc Plus,Ahmed Abdi,2024,7,July
INV102442,2024-07-17,Hamar Weyne,Snacks,Potato Chips,Member,Male,4,1.2,4.8,Evc Plus,Hodan Warsame,2024,7,July
INV102348,2024-07-17,Hodan-Taleex,Beverages,Bottled Water 500ml,Regular,Male,3,0.34,1.02,Evc Plus,Abdirahman Nur,2024,7,July
INV102438,2024-07-17,Hamar Weyne,Dairy,Eggs Tray (30pcs),Member,Female,7,3.85,26.95,Evc Plus,Ahmed Abdi,2024,7,July
INV102440,2024-07-17,Hamar Weyne,Dairy,Yogurt 500g,Regular,Female,3,1.88,5.64,Cash,Ahmed Abdi,2024,7,July
INV102427,2024-07-17,Hamar Weyne,Snacks,Candy Pack,Regular,Male,1,0.68,0.68,Zaad,Ahmed Abdi,2024,7,July
INV102221,2024-07-17,Hamar Weyne,Fruits,Grapes (kg),Regular,Male,6,3.02,18.12,Evc Plus,Ahmed Abdi,2024,7,July
INV102292,2024-07-17,Hodan-Taleex,Fruits,Orange (kg),Regular,Male,3,1.73,5.19,Evc Plus,Fadumo Yusuf,2024,7,July
INV102393,2024-07-17,Laba Dhagax,Household,Cooking Oil 1L,Regular,Male,2,3.41,6.82,Evc Plus,Sahra Ibrahim,2024,7,July
INV102420,2024-07-17,Hodan-Taleex,Fruits,Grapes (kg),Regular,Female,6,2.75,16.5,Evc Plus,Fadumo Yusuf,2024,7,July
INV102445,2024-07-17,Laba Dhagax,Bakery,Donut,Regular,Male,2,0.69,1.38,Evc Plus,Sahra Ibrahim,2024,7,July
INV102426,2024-07-18,Laba Dhagax,Fruits,Orange (kg),Member,Male,4,1.44,5.76,Evc Plus,Sahra Ibrahim,2024,7,July
INV102235,2024-07-18,Hodan-Taleex,Personal Care,Hand Sanitizer 100ml,Member,Female,4,1.97,7.88,Evc Plus,Amina Hassan,2024,7,July
INV102324,2024-07-18,Hodan-Taleex,Bakery,Biscuits Pack,Member,Female,4,0.91,3.64,Zaad,Amina Hassan,2024,7,July
INV102184,2024-07-18,Hodan-Taleex,Vegetables,Carrot (kg),Member,Female,4,0.74,2.96,Zaad,Mohamed Ali,2024,7,July
INV102236,2024-07-18,Laba Dhagax,Household,Flour 2kg,Regular,Male,5,2.05,10.25,Zaad,Sahra Ibrahim,2024,7,July
INV102367,2024-07-18,Hodan-Taleex,Snacks,Biscuit Snack Pack,Regular,Female,3,0.85,2.55,Evc Plus,Mohamed Ali,2024,7,July
INV102318,2024-07-18,Hodan-Taleex,Dairy,Milk 1L,Regular,Female,6,1.77,10.62,Evc Plus,Fadumo Yusuf,2024,7,July
INV102385,2024-07-18,Laba Dhagax,Bakery,Biscuits Pack,Regular,Male,6,1.49,8.94,Evc Plus,Yusuf Farah,2024,7,July
INV102133,2024-07-18,Hodan-Taleex,Personal Care,Bar Soap,Member,Male,5,0.85,4.25,Evc Plus,Abdirahman Nur,2024,7,July
INV102168,2024-07-18,Hodan-Taleex,Household,Laundry Detergent 1kg,Regular,Female,5,2.98,14.9,Evc Plus,Mohamed Ali,2024,7,July
INV102374,2024-07-18,Hamar Weyne,Household,Rice 5kg,Regular,Female,6,8.29,49.74,Evc Plus,Khadija Omar,2024,7,July
INV102259,2024-07-18,Hodan-Taleex,Beverages,Bottled Water 500ml,Member,Female,7,0.36,2.52,Zaad,Abdirahman Nur,2024,7,July
INV102316,2024-07-19,Hamar Weyne,Household,Laundry Detergent 1kg,Member,Male,2,3.92,7.84,Evc Plus,Ahmed Abdi,2024,7,July
INV102159,2024-07-19,Hamar Weyne,Beverages,Black Tea Pack,Regular,Male,5,1.3,6.5,Zaad,Khadija Omar,2024,7,July
INV102291,2024-07-19,Hamar Weyne,Vegetables,Carrot (kg),Member,Female,6,0.8,4.8,Zaad,Hodan Warsame,2024,7,July
INV102156,2024-07-19,Hodan-Taleex,Snacks,Candy Pack,Regular,Female,4,0.73,2.92,Evc Plus,Fadumo Yusuf,2024,7,July
INV102301,2024-07-19,Hodan-Taleex,Fruits,Orange (kg),Member,Female,7,1.14,7.98,Evc Plus,Amina Hassan,2024,7,July
INV102177,2024-07-19,Hodan-Taleex,Snacks,Chocolate Bar,Regular,Female,2,0.83,1.66,Zaad,Fadumo Yusuf,2024,7,July
INV102179,2024-07-19,Hodan-Taleex,Beverages,Sprite 500ml,Member,Male,6,1.0,6.0,Zaad,Amina Hassan,2024,7,July
INV102380,2024-07-19,Hamar Weyne,Household,Laundry Detergent 1kg,Regular,Female,1,2.73,2.73,Evc Plus,Khadija Omar,2024,7,July
INV102451,2024-07-19,Hodan-Taleex,Personal Care,Toothbrush,Member,Female,5,1.02,5.1,Evc Plus,Fadumo Yusuf,2024,7,July
INV102320,2024-07-19,Hamar Weyne,Bakery,White Bread,Regular,Male,4,0.66,2.64,Cash,Hodan Warsame,2024,7,July
INV102253,2024-07-19,Laba Dhagax,Personal Care,Hand Sanitizer 100ml,Regular,Male,4,1.57,6.28,Cash,Yusuf Farah,2024,7,July
INV102258,2024-07-20,Laba Dhagax,Bakery,Croissant,Regular,Male,3,1.14,3.42,Evc Plus,Yusuf Farah,2024,7,July
INV102371,2024-07-20,Hamar Weyne,Vegetables,Onion (kg),Regular,Male,3,0.73,2.19,Evc Plus,Hodan Warsame,2024,7,July
INV102429,2024-07-20,Hodan-Taleex,Dairy,Cheese 200g,Regular,Female,2,2.56,5.12,Zaad,Mohamed Ali,2024,7,July
INV102245,2024-07-20,Laba Dhagax,Beverages,Orange Juice 1L,Member,Male,7,2.33,16.31,Evc Plus,Yusuf Farah,2024,7,July
INV102127,2024-07-20,Laba Dhagax,Fruits,Mango (kg),Regular,Male,4,1.68,6.72,Zaad,Sahra Ibrahim,2024,7,July
INV102295,2024-07-20,Hodan-Taleex,Snacks,Biscuit Snack Pack,Regular,Male,6,0.97,5.82,Cash,Amina Hassan,2024,7,July
INV102279,2024-07-20,Laba Dhagax,Fruits,Orange (kg),Member,Female,8,1.59,12.72,Evc Plus,Yusuf Farah,2024,7,July
INV102300,2024-07-20,Hodan-Taleex,Snacks,Candy Pack,Member,Female,8,0.58,4.64,Evc Plus,Amina Hassan,2024,7,July
INV102180,2024-07-20,Laba Dhagax,Snacks,Candy Pack,Regular,Male,5,0.82,4.1,Zaad,Yusuf Farah,2024,7,July
INV102219,2024-07-20,Hodan-Taleex,Beverages,Bottled Water 500ml,Regular,Female,1,0.45,0.45,Evc Plus,Mohamed Ali,2024,7,July
INV102289,2024-07-20,Hamar Weyne,Personal Care,Hand Sanitizer 100ml,Member,Female,7,1.62,11.34,Evc Plus,Khadija Omar,2024,7,July
INV102399,2024-07-20,Laba Dhagax,Dairy,Milk 1L,Regular,Female,4,1.2,4.8,Evc Plus,Sahra Ibrahim,2024,7,July
INV102276,2024-07-21,Laba Dhagax,Household,Cooking Oil 1L,Member,Female,4,3.34,13.36,Evc Plus,Yusuf Farah,2024,7,July
INV102392,2024-07-21,Hamar Weyne,Household,Flour 2kg,Member,Female,5,2.29,11.45,Evc Plus,Ahmed Abdi,2024,7,July
INV102444,2024-07-21,Hamar Weyne,Fruits,Banana (kg),Member,Male,8,1.02,8.16,Cash,Ahmed Abdi,2024,7,July
INV102323,2024-07-21,Laba Dhagax,Bakery,Cupcake,Member,Female,5,0.63,3.15,Zaad,Sahra Ibrahim,2024,7,July
INV102404,2024-07-21,Hamar Weyne,Snacks,Candy Pack,Regular,Male,6,0.81,4.86,Evc Plus,Ahmed Abdi,2024,7,July
INV102296,2024-07-21,Laba Dhagax,Snacks,Potato Chips,Member,Male,5,1.12,5.6,Evc Plus,Yusuf Farah,2024,7,July
INV102248,2024-07-21,Hodan-Taleex,Vegetables,Cabbage (each),Regular,Male,1,0.96,0.96,Cash,Fadumo Yusuf,2024,7,July
INV102293,2024-07-21,Hodan-Taleex,Household,Sugar 2kg,Member,Female,2,2.78,5.56,Visa,Amina Hassan,2024,7,July
INV102172,2024-07-21,Hamar Weyne,Fruits,Apple (kg),Regular,Female,6,1.92,11.52,Evc Plus,Hodan Warsame,2024,7,July
INV102254,2024-07-21,Hodan-Taleex,Household,Flour 2kg,Member,Female,4,1.97,7.88,Evc Plus,Amina Hassan,2024,7,July
INV102178,2024-07-21,Laba Dhagax,Household,Dish Soap 500ml,Regular,Male,4,1.81,7.24,Evc Plus,Sahra Ibrahim,2024,7,July
INV102358,2024-07-21,Hodan-Taleex,Vegetables,Onion (kg),Regular,Male,4,0.76,3.04,Evc Plus,Fadumo Yusuf,2024,7,July
INV102317,2024-07-21,Laba Dhagax,Bakery,Croissant,Member,Male,7,1.02,7.14,Visa,Yusuf Farah,2024,7,July
INV102332,2024-07-22,Hodan-Taleex,Vegetables,Cabbage (each),Regular,Female,2,1.08,2.16,Zaad,Fadumo Yusuf,2024,7,July
INV102161,2024-07-22,Hamar Weyne,Personal Care,Hand Sanitizer 100ml,Regular,Male,1,1.51,1.51,Zaad,Ahmed Abdi,2024,7,July
INV102198,2024-07-22,Hodan-Taleex,Bakery,Croissant,Member,Male,6,1.1,6.6,Cash,Amina Hassan,2024,7,July
INV102213,2024-07-22,Laba Dhagax,Dairy,Eggs Tray (30pcs),Regular,Female,6,4.97,29.82,Evc Plus,Yusuf Farah,2024,7,July
INV102356,2024-07-22,Hamar Weyne,Household,Laundry Detergent 1kg,Member,Female,4,3.14,12.56,Evc Plus,Ahmed Abdi,2024,7,July
INV102267,2024-07-22,Hodan-Taleex,Snacks,Biscuit Snack Pack,Regular,Male,2,0.72,1.44,Evc Plus,Fadumo Yusuf,2024,7,July
INV102377,2024-07-22,Hodan-Taleex,Household,Laundry Detergent 1kg,Regular,Female,3,3.1,9.3,Evc Plus,Mohamed Ali,2024,7,July
INV102140,2024-07-22,Laba Dhagax,Bakery,Brown Bread,Regular,Female,4,0.96,3.84,Zaad,Yusuf Farah,2024,7,July
INV102222,2024-07-22,Hamar Weyne,Bakery,Biscuits Pack,Regular,Female,2,1.41,2.82,Visa,Ahmed Abdi,2024,7,July
INV102244,2024-07-23,Laba Dhagax,Beverages,Black Tea Pack,Regular,Male,1,1.5,1.5,Evc Plus,Yusuf Farah,2024,7,July
INV102250,2024-07-23,Hodan-Taleex,Snacks,Peanuts 200g,Regular,Female,4,0.97,3.88,Evc Plus,Abdirahman Nur,2024,7,July
INV102411,2024-07-23,Hodan-Taleex,Personal Care,Bar Soap,Regular,Female,3,0.89,2.67,Evc Plus,Fadumo Yusuf,2024,7,July
INV102284,2024-07-23,Hodan-Taleex,Dairy,Yogurt 500g,Member,Female,5,1.97,9.85,Cash,Amina Hassan,2024,7,July
INV102147,2024-07-23,Hodan-Taleex,Personal Care,Toothpaste,Regular,Male,1,2.48,2.48,Evc Plus,Fadumo Yusuf,2024,7,July
INV102141,2024-07-23,Laba Dhagax,Beverages,Sprite 500ml,Regular,Female,5,0.85,4.25,Evc Plus,Sahra Ibrahim,2024,7,July
INV102428,2024-07-23,Hodan-Taleex,Dairy,Yogurt 500g,Member,Female,8,1.94,15.52,Zaad,Mohamed Ali,2024,7,July
INV102183,2024-07-23,Hamar Weyne,Vegetables,Cabbage (each),Regular,Female,6,1.38,8.28,Evc Plus,Hodan Warsame,2024,7,July
INV102297,2024-07-23,Hodan-Taleex,Beverages,Apple Juice 1L,Regular,Female,1,2.11,2.11,Evc Plus,Amina Hassan,2024,7,July
INV102311,2024-07-23,Hodan-Taleex,Personal Care,Toothbrush,Member,Male,4,0.84,3.36,Evc Plus,Mohamed Ali,2024,7,July
INV102241,2024-07-23,Hamar Weyne,Fruits,Banana (kg),Member,Male,3,1.12,3.36,Visa,Khadija Omar,2024,7,July
INV102154,2024-07-24,Hodan-Taleex,Dairy,Butter 250g,Member,Male,8,2.04,16.32,Zaad,Fadumo Yusuf,2024,7,July
INV102257,2024-07-24,Laba Dhagax,Beverages,Soft Drink Cola 500ml,Member,Female,4,0.96,3.84,Evc Plus,Sahra Ibrahim,2024,7,July
INV102218,2024-07-24,Laba Dhagax,Bakery,Donut,Member,Male,6,0.94,5.64,Evc Plus,Sahra Ibrahim,2024,7,July
INV102457,2024-07-24,Hodan-Taleex,Beverages,Coffee 200g,Regular,Male,2,2.82,5.64,Zaad,Fadumo Yusuf,2024,7,July
INV102261,2024-07-24,Hodan-Taleex,Vegetables,Cabbage (each),Regular,Female,5,1.13,5.65,Zaad,Fadumo Yusuf,2024,7,July
INV102231,2024-07-24,Hamar Weyne,Vegetables,Tomato (kg),Member,Female,2,0.83,1.66,Zaad,Khadija Omar,2024,7,July
INV102364,2024-07-24,Hodan-Taleex,Bakery,Croissant,Member,Male,5,1.06,5.3,Cash,Amina Hassan,2024,7,July
INV102238,2024-07-24,Hodan-Taleex,Fruits,Watermelon (each),Regular,Female,4,2.32,9.28,Visa,Mohamed Ali,2024,7,July
INV102430,2024-07-24,Hodan-Taleex,Snacks,Peanuts 200g,Regular,Female,1,1.25,1.25,Visa,Fadumo Yusuf,2024,7,July
INV102415,2024-07-24,Hodan-Taleex,Vegetables,Cucumber (kg),Regular,Female,6,0.72,4.32,Evc Plus,Fadumo Yusuf,2024,7,July
INV102202,2024-07-24,Laba Dhagax,Bakery,Croissant,Regular,Male,6,1.24,7.44,Evc Plus,Sahra Ibrahim,2024,7,July
INV102277,2024-07-24,Hamar Weyne,Bakery,Donut,Regular,Male,5,0.66,3.3,Cash,Ahmed Abdi,2024,7,July
INV102350,2024-07-24,Hodan-Taleex,Vegetables,Potato (kg),Member,Male,4,0.77,3.08,Evc Plus,Abdirahman Nur,2024,7,July
INV102195,2024-07-24,Hamar Weyne,Household,Rice 5kg,Member,Male,7,6.64,46.48,Zaad,Khadija Omar,2024,7,July
INV102447,2024-07-25,Hamar Weyne,Dairy,Milk 1L,Regular,Male,3,1.13,3.39,Cash,Ahmed Abdi,2024,7,July
INV102381,2024-07-25,Laba Dhagax,Household,Cooking Oil 1L,Member,Female,6,3.15,18.9,Visa,Sahra Ibrahim,2024,7,July
INV102153,2024-07-25,Hamar Weyne,Snacks,Candy Pack,Regular,Female,1,0.86,0.86,Evc Plus,Hodan Warsame,2024,7,July
INV102283,2024-07-25,Hodan-Taleex,Vegetables,Potato (kg),Regular,Female,3,0.72,2.16,Zaad,Abdirahman Nur,2024,7,July
INV102390,2024-07-25,Hodan-Taleex,Dairy,Fresh Cream 200ml,Member,Male,6,2.33,13.98,Evc Plus,Abdirahman Nur,2024,7,July
INV102436,2024-07-26,Laba Dhagax,Personal Care,Toothpaste,Regular,Female,6,1.69,10.14,Evc Plus,Sahra Ibrahim,2024,7,July
INV102242,2024-07-26,Hodan-Taleex,Beverages,Apple Juice 1L,Regular,Female,6,1.62,9.72,Evc Plus,Mohamed Ali,2024,7,July
INV102405,2024-07-26,Hodan-Taleex,Vegetables,Carrot (kg),Regular,Female,6,0.73,4.38,Evc Plus,Amina Hassan,2024,7,July
INV102264,2024-07-26,Hamar Weyne,Beverages,Apple Juice 1L,Regular,Female,4,1.67,6.68,Evc Plus,Hodan Warsame,2024,7,July
INV102282,2024-07-26,Hodan-Taleex,Fruits,Apple (kg),Regular,Male,1,1.64,1.64,Evc Plus,Amina Hassan,2024,7,July
INV102173,2024-07-26,Laba Dhagax,Dairy,Fresh Cream 200ml,Regular,Male,1,1.83,1.83,Cash,Yusuf Farah,2024,7,July
INV102176,2024-07-26,Laba Dhagax,Household,Rice 5kg,Member,Male,2,8.33,16.66,Visa,Sahra Ibrahim,2024,7,July
INV102366,2024-07-26,Hamar Weyne,Dairy,Butter 250g,Regular,Male,4,3.45,13.8,Evc Plus,Ahmed Abdi,2024,7,July
INV102237,2024-07-26,Hamar Weyne,Bakery,Cupcake,Regular,Female,6,0.59,3.54,Evc Plus,Hodan Warsame,2024,7,July
INV102336,2024-07-27,Hodan-Taleex,Personal Care,Bar Soap,Regular,Male,4,0.83,3.32,Evc Plus,Abdirahman Nur,2024,7,July
INV102302,2024-07-27,Hamar Weyne,Fruits,Watermelon (each),Member,Male,7,2.6,18.2,Evc Plus,Ahmed Abdi,2024,7,July
INV102196,2024-07-27,Hodan-Taleex,Vegetables,Carrot (kg),Regular,Female,6,0.92,5.52,Evc Plus,Fadumo Yusuf,2024,7,July
INV102346,2024-07-27,Laba Dhagax,Bakery,Biscuits Pack,Member,Male,5,1.28,6.4,Evc Plus,Yusuf Farah,2024,7,July
INV102181,2024-07-27,Hodan-Taleex,Household,Dish Soap 500ml,Regular,Female,3,1.42,4.26,Cash,Abdirahman Nur,2024,7,July
INV102149,2024-07-27,Hamar Weyne,Dairy,Eggs Tray (30pcs),Regular,Female,5,4.27,21.35,Cash,Hodan Warsame,2024,7,July
INV102373,2024-07-27,Laba Dhagax,Beverages,Sprite 500ml,Member,Female,7,1.11,7.77,Zaad,Sahra Ibrahim,2024,7,July
INV102298,2024-07-27,Laba Dhagax,Personal Care,Shampoo 400ml,Regular,Male,2,2.67,5.34,Evc Plus,Sahra Ibrahim,2024,7,July
INV102424,2024-07-27,Hodan-Taleex,Snacks,Biscuit Snack Pack,Member,Male,8,0.9,7.2,Cash,Abdirahman Nur,2024,7,July
INV102148,2024-07-27,Hodan-Taleex,Household,Flour 2kg,Regular,Female,1,1.83,1.83,Evc Plus,Abdirahman Nur,2024,7,July
INV102145,2024-07-27,Laba Dhagax,Dairy,Eggs Tray (30pcs),Regular,Male,2,5.32,10.64,Visa,Yusuf Farah,2024,7,July
INV102383,2024-07-28,Hamar Weyne,Snacks,Candy Pack,Member,Male,5,0.74,3.7,Evc Plus,Khadija Omar,2024,7,July
INV102191,2024-07-28,Hamar Weyne,Personal Care,Body Lotion 200ml,Member,Female,7,2.65,18.55,Evc Plus,Khadija Omar,2024,7,July
INV102227,2024-07-28,Hamar Weyne,Vegetables,Tomato (kg),Regular,Male,4,1.12,4.48,Zaad,Ahmed Abdi,2024,7,July
INV102402,2024-07-28,Hodan-Taleex,Personal Care,Toothbrush,Regular,Male,6,1.27,7.62,Evc Plus,Amina Hassan,2024,7,July
INV102246,2024-07-28,Hamar Weyne,Beverages,Coffee 200g,Regular,Female,2,4.16,8.32,Evc Plus,Hodan Warsame,2024,7,July
INV102131,2024-07-28,Hodan-Taleex,Beverages,Soft Drink Cola 500ml,Regular,Male,2,1.02,2.04,Visa,Amina Hassan,2024,7,July
INV102281,2024-07-28,Laba Dhagax,Beverages,Black Tea Pack,Member,Male,3,1.16,3.48,Evc Plus,Sahra Ibrahim,2024,7,July
INV102269,2024-07-28,Hodan-Taleex,Dairy,Milk 1L,Regular,Female,6,1.58,9.48,Zaad,Abdirahman Nur,2024,7,July
INV102263,2024-07-28,Laba Dhagax,Bakery,Cupcake,Regular,Male,2,0.58,1.16,Cash,Sahra Ibrahim,2024,7,July
INV102169,2024-07-28,Hodan-Taleex,Beverages,Soft Drink Cola 500ml,Regular,Female,3,0.76,2.28,Visa,Mohamed Ali,2024,7,July
INV102439,2024-07-28,Hodan-Taleex,Snacks,Chocolate Bar,Regular,Female,6,0.78,4.68,Evc Plus,Abdirahman Nur,2024,7,July
INV102163,2024-07-28,Laba Dhagax,Vegetables,Cabbage (each),Member,Male,4,1.09,4.36,Evc Plus,Sahra Ibrahim,2024,7,July
INV102224,2024-07-29,Hodan-Taleex,Beverages,Coffee 200g,Member,Male,2,4.43,8.86,Visa,Fadumo Yusuf,2024,7,July
INV102322,2024-07-29,Hamar Weyne,Personal Care,Bar Soap,Member,Male,7,0.68,4.76,Evc Plus,Khadija Omar,2024,7,July
INV102310,2024-07-29,Hamar Weyne,Dairy,Yogurt 500g,Regular,Female,6,1.84,11.04,Zaad,Ahmed Abdi,2024,7,July
INV102355,2024-07-29,Hamar Weyne,Bakery,White Bread,Regular,Female,4,0.75,3.0,Evc Plus,Hodan Warsame,2024,7,July
INV102403,2024-07-29,Hodan-Taleex,Fruits,Grapes (kg),Regular,Male,4,3.94,15.76,Evc Plus,Abdirahman Nur,2024,7,July
INV102189,2024-07-29,Hodan-Taleex,Snacks,Chocolate Bar,Member,Male,6,0.9,5.4,Zaad,Abdirahman Nur,2024,7,July
INV102243,2024-07-29,Hodan-Taleex,Household,Flour 2kg,Member,Female,3,2.78,8.34,Cash,Abdirahman Nur,2024,7,July
INV102387,2024-07-29,Hodan-Taleex,Personal Care,Hand Sanitizer 100ml,Regular,Female,6,1.31,7.86,Zaad,Fadumo Yusuf,2024,7,July
INV102266,2024-07-29,Hodan-Taleex,Dairy,Fresh Cream 200ml,Regular,Female,5,1.82,9.1,Evc Plus,Abdirahman Nur,2024,7,July
INV102134,2024-07-29,Laba Dhagax,Bakery,White Bread,Regular,Female,1,0.96,0.96,Cash,Sahra Ibrahim,2024,7,July
INV102435,2024-07-29,Hodan-Taleex,Fruits,Banana (kg),Regular,Male,5,1.01,5.05,Evc Plus,Abdirahman Nur,2024,7,July
INV102361,2024-07-29,Hodan-Taleex,Personal Care,Toothpaste,Regular,Male,6,1.99,11.94,Evc Plus,Mohamed Ali,2024,7,July
INV102287,2024-07-29,Laba Dhagax,Snacks,Potato Chips,Regular,Female,6,0.81,4.86,Evc Plus,Yusuf Farah,2024,7,July
INV102338,2024-07-29,Laba Dhagax,Fruits,Apple (kg),Member,Male,5,2.27,11.35,Evc Plus,Sahra Ibrahim,2024,7,July
INV102157,2024-07-30,Laba Dhagax,Bakery,Cupcake,Regular,Female,4,0.8,3.2,Zaad,Yusuf Farah,2024,7,July
INV102274,2024-07-30,Hamar Weyne,Snacks,Peanuts 200g,Regular,Male,3,1.18,3.54,Zaad,Ahmed Abdi,2024,7,July
INV102329,2024-07-30,Laba Dhagax,Household,Rice 5kg,Member,Male,3,8.04,24.12,Evc Plus,Yusuf Farah,2024,7,July
INV102214,2024-07-30,Hodan-Taleex,Personal Care,Shampoo 400ml,Regular,Female,1,3.37,3.37,Visa,Amina Hassan,2024,7,July
INV102205,2024-07-30,Hodan-Taleex,Vegetables,Carrot (kg),Member,Male,3,0.84,2.52,Evc Plus,Abdirahman Nur,2024,7,July
INV102446,2024-07-30,Hodan-Taleex,Fruits,Apple (kg),Member,Female,2,2.18,4.36,Evc Plus,Fadumo Yusuf,2024,7,July
INV102362,2024-07-30,Hodan-Taleex,Fruits,Mango (kg),Regular,Female,6,1.69,10.14,Evc Plus,Fadumo Yusuf,2024,7,July
INV102406,2024-07-30,Hamar Weyne,Personal Care,Toothpaste,Regular,Male,3,1.9,5.7,Zaad,Khadija Omar,2024,7,July
INV102249,2024-07-31,Hodan-Taleex,Fruits,Grapes (kg),Regular,Female,4,2.64,10.56,Zaad,Abdirahman Nur,2024,7,July
INV102345,2024-07-31,Hamar Weyne,Household,Laundry Detergent 1kg,Regular,Female,1,2.89,2.89,Evc Plus,Khadija Omar,2024,7,July
INV102421,2024-07-31,Hodan-Taleex,Bakery,Biscuits Pack,Member,Female,5,0.81,4.05,Zaad,Abdirahman Nur,2024,7,July
INV102349,2024-07-31,Laba Dhagax,Household,Laundry Detergent 1kg,Member,Female,2,3.23,6.46,Zaad,Yusuf Farah,2024,7,July
INV102174,2024-07-31,Hodan-Taleex,Fruits,Orange (kg),Member,Female,7,1.3,9.1,Evc Plus,Fadumo Yusuf,2024,7,July
INV102251,2024-07-31,Hodan-Taleex,Fruits,Grapes (kg),Regular,Male,4,3.59,14.36,Evc Plus,Mohamed Ali,2024,7,July
INV102441,2024-07-31,Hodan-Taleex,Household,Pasta 500g,Regular,Female,1,1.78,1.78,Evc Plus,Fadumo Yusuf,2024,7,July
INV102233,2024-07-31,Hamar Weyne,Bakery,Cupcake,Member,Male,8,0.75,6.0,Visa,Ahmed Abdi,2024,7,July
INV102158,2024-07-31,Laba Dhagax,Bakery,Brown Bread,Regular,Male,3,1.02,3.06,Cash,Sahra Ibrahim,2024,7,July
INV102353,2024-07-31,Laba Dhagax,Household,Laundry Detergent 1kg,Member,Male,3,2.51,7.53,Cash,Yusuf Farah,2024,7,July
INV102676,2024-08-01,Hodan-Taleex,Household,Laundry Detergent 1kg,Regular,Male,1,2.63,2.63,Evc Plus,Amina Hassan,2024,8,August
INV102623,2024-08-01,Hodan-Taleex,Household,Flour 2kg,Member,Female,7,1.86,13.02,Evc Plus,Mohamed Ali,2024,8,August
INV102656,2024-08-01,Hodan-Taleex,Personal Care,Body Lotion 200ml,Member,Male,6,3.32,19.92,Evc Plus,Mohamed Ali,2024,8,August
INV102578,2024-08-01,Hodan-Taleex,Bakery,Croissant,Member,Male,4,0.92,3.68,Visa,Mohamed Ali,2024,8,August
INV102576,2024-08-01,Hodan-Taleex,Dairy,Yogurt 500g,Member,Male,7,2.19,15.33,Evc Plus,Amina Hassan,2024,8,August
INV102661,2024-08-01,Hodan-Taleex,Fruits,Grapes (kg),Member,Female,3,3.05,9.15,Zaad,Mohamed Ali,2024,8,August
INV102619,2024-08-01,Hodan-Taleex,Vegetables,Tomato (kg),Regular,Female,4,0.74,2.96,Evc Plus,Abdirahman Nur,2024,8,August
INV102708,2024-08-01,Hamar Weyne,Bakery,Biscuits Pack,Member,Male,7,1.47,10.29,Zaad,Hodan Warsame,2024,8,August
INV102641,2024-08-02,Hamar Weyne,Beverages,Black Tea Pack,Regular,Female,2,1.13,2.26,Evc Plus,Hodan Warsame,2024,8,August
INV102610,2024-08-02,Hodan-Taleex,Snacks,Chocolate Bar,Regular,Male,4,0.62,2.48,Evc Plus,Mohamed Ali,2024,8,August
INV102692,2024-08-02,Hamar Weyne,Beverages,Orange Juice 1L,Regular,Female,3,2.41,7.23,Evc Plus,Ahmed Abdi,2024,8,August
INV102724,2024-08-02,Hodan-Taleex,Fruits,Apple (kg),Regular,Male,2,2.09,4.18,Visa,Abdirahman Nur,2024,8,August
INV102636,2024-08-02,Laba Dhagax,Household,Sugar 2kg,Member,Male,7,2.83,19.81,Visa,Yusuf Farah,2024,8,August
INV102517,2024-08-02,Laba Dhagax,Bakery,Donut,Regular,Male,1,0.66,0.66,Cash,Sahra Ibrahim,2024,8,August
INV102556,2024-08-02,Hodan-Taleex,Household,Rice 5kg,Regular,Female,4,8.65,34.6,Zaad,Fadumo Yusuf,2024,8,August
INV102504,2024-08-02,Laba Dhagax,Beverages,Orange Juice 1L,Regular,Female,1,2.39,2.39,Cash,Sahra Ibrahim,2024,8,August
INV102733,2024-08-02,Hamar Weyne,Vegetables,Potato (kg),Member,Male,5,0.99,4.95,Zaad,Khadija Omar,2024,8,August
INV102774,2024-08-02,Hodan-Taleex,Snacks,Peanuts 200g,Member,Male,2,0.92,1.84,Zaad,Abdirahman Nur,2024,8,August
INV102547,2024-08-03,Hodan-Taleex,Personal Care,Body Lotion 200ml,Member,Female,3,3.28,9.84,Evc Plus,Abdirahman Nur,2024,8,August
INV102650,2024-08-03,Hamar Weyne,Household,Dish Soap 500ml,Regular,Female,1,1.9,1.9,Evc Plus,Khadija Omar,2024,8,August
INV102461,2024-08-03,Hodan-Taleex,Bakery,White Bread,Member,Female,3,0.95,2.85,Cash,Fadumo Yusuf,2024,8,August
INV102678,2024-08-03,Hamar Weyne,Personal Care,Toothbrush,Member,Male,3,1.02,3.06,Evc Plus,Hodan Warsame,2024,8,August
INV102709,2024-08-03,Hodan-Taleex,Household,Laundry Detergent 1kg,Member,Male,3,2.57,7.71,Evc Plus,Abdirahman Nur,2024,8,August
INV102590,2024-08-03,Hodan-Taleex,Vegetables,Cucumber (kg),Member,Male,2,0.87,1.74,Zaad,Fadumo Yusuf,2024,8,August
INV102495,2024-08-03,Hodan-Taleex,Vegetables,Potato (kg),Regular,Female,2,1.0,2.0,Evc Plus,Amina Hassan,2024,8,August
INV102472,2024-08-03,Laba Dhagax,Household,Pasta 500g,Regular,Male,6,1.06,6.36,Zaad,Yusuf Farah,2024,8,August
INV102483,2024-08-03,Hamar Weyne,Personal Care,Hand Sanitizer 100ml,Member,Male,6,1.55,9.3,Zaad,Hodan Warsame,2024,8,August
INV102539,2024-08-03,Hodan-Taleex,Vegetables,Tomato (kg),Regular,Male,2,1.12,2.24,Evc Plus,Abdirahman Nur,2024,8,August
INV102700,2024-08-03,Hodan-Taleex,Snacks,Peanuts 200g,Regular,Male,4,0.97,3.88,Zaad,Fadumo Yusuf,2024,8,August
INV102489,2024-08-03,Hodan-Taleex,Personal Care,Hand Sanitizer 100ml,Member,Female,6,2.01,12.06,Visa,Mohamed Ali,2024,8,August
INV102655,2024-08-04,Hodan-Taleex,Snacks,Biscuit Snack Pack,Regular,Male,4,0.91,3.64,Zaad,Amina Hassan,2024,8,August
INV102706,2024-08-04,Hodan-Taleex,Household,Pasta 500g,Regular,Female,6,1.08,6.48,Evc Plus,Abdirahman Nur,2024,8,August
INV102490,2024-08-04,Hamar Weyne,Snacks,Chocolate Bar,Regular,Male,2,1.05,2.1,Evc Plus,Hodan Warsame,2024,8,August
INV102542,2024-08-04,Hamar Weyne,Beverages,Bottled Water 500ml,Regular,Male,5,0.39,1.95,Zaad,Khadija Omar,2024,8,August
INV102510,2024-08-04,Hamar Weyne,Fruits,Apple (kg),Regular,Female,5,2.17,10.85,Evc Plus,Hodan Warsame,2024,8,August
INV102629,2024-08-04,Hodan-Taleex,Beverages,Apple Juice 1L,Regular,Female,2,2.4,4.8,Evc Plus,Amina Hassan,2024,8,August
INV102745,2024-08-04,Hamar Weyne,Vegetables,Cucumber (kg),Regular,Male,3,0.8,2.4,Evc Plus,Ahmed Abdi,2024,8,August
INV102637,2024-08-04,Hodan-Taleex,Bakery,Brown Bread,Regular,Male,1,0.96,0.96,Cash,Abdirahman Nur,2024,8,August
INV102659,2024-08-05,Hamar Weyne,Household,Pasta 500g,Member,Female,5,1.74,8.7,Cash,Khadija Omar,2024,8,August
INV102498,2024-08-05,Hodan-Taleex,Snacks,Biscuit Snack Pack,Member,Male,3,0.81,2.43,Zaad,Mohamed Ali,2024,8,August
INV102583,2024-08-05,Hodan-Taleex,Fruits,Apple (kg),Regular,Female,1,2.46,2.46,Evc Plus,Mohamed Ali,2024,8,August
INV102537,2024-08-05,Hodan-Taleex,Personal Care,Toothpaste,Member,Male,2,2.26,4.52,Evc Plus,Mohamed Ali,2024,8,August
INV102683,2024-08-05,Hamar Weyne,Dairy,Eggs Tray (30pcs),Member,Male,2,4.83,9.66,Cash,Ahmed Abdi,2024,8,August
INV102763,2024-08-05,Hodan-Taleex,Snacks,Chocolate Bar,Member,Male,7,1.03,7.21,Evc Plus,Amina Hassan,2024,8,August
INV102584,2024-08-05,Hamar Weyne,Personal Care,Bar Soap,Member,Male,8,0.77,6.16,Zaad,Khadija Omar,2024,8,August
INV102687,2024-08-05,Hodan-Taleex,Fruits,Orange (kg),Regular,Male,3,1.06,3.18,Zaad,Fadumo Yusuf,2024,8,August
INV102695,2024-08-05,Hodan-Taleex,Household,Dish Soap 500ml,Member,Male,4,1.64,6.56,Zaad,Abdirahman Nur,2024,8,August
INV102511,2024-08-05,Hodan-Taleex,Snacks,Potato Chips,Member,Male,3,0.86,2.58,Evc Plus,Abdirahman Nur,2024,8,August
INV102702,2024-08-06,Hodan-Taleex,Beverages,Orange Juice 1L,Regular,Male,1,1.74,1.74,Zaad,Amina Hassan,2024,8,August
INV102672,2024-08-06,Hodan-Taleex,Beverages,Orange Juice 1L,Regular,Male,4,2.07,8.28,Visa,Abdirahman Nur,2024,8,August
INV102638,2024-08-06,Hodan-Taleex,Snacks,Potato Chips,Regular,Male,2,1.02,2.04,Evc Plus,Mohamed Ali,2024,8,August
INV102605,2024-08-06,Hodan-Taleex,Snacks,Peanuts 200g,Regular,Male,6,1.02,6.12,Evc Plus,Amina Hassan,2024,8,August
INV102513,2024-08-06,Hamar Weyne,Household,Cooking Oil 1L,Member,Male,3,2.84,8.52,Evc Plus,Khadija Omar,2024,8,August
INV102500,2024-08-06,Laba Dhagax,Fruits,Watermelon (each),Member,Female,8,2.24,17.92,Zaad,Yusuf Farah,2024,8,August
INV102466,2024-08-06,Hodan-Taleex,Personal Care,Hand Sanitizer 100ml,Member,Female,7,2.08,14.56,Cash,Fadumo Yusuf,2024,8,August
INV102712,2024-08-06,Hodan-Taleex,Vegetables,Carrot (kg),Regular,Male,5,0.7,3.5,Evc Plus,Amina Hassan,2024,8,August
INV102538,2024-08-06,Hodan-Taleex,Vegetables,Cucumber (kg),Regular,Male,2,0.76,1.52,Evc Plus,Mohamed Ali,2024,8,August
INV102611,2024-08-06,Hodan-Taleex,Fruits,Banana (kg),Regular,Female,1,0.97,0.97,Evc Plus,Amina Hassan,2024,8,August
INV102571,2024-08-06,Hodan-Taleex,Snacks,Chocolate Bar,Member,Female,8,0.94,7.52,Evc Plus,Fadumo Yusuf,2024,8,August
INV102588,2024-08-06,Hodan-Taleex,Snacks,Potato Chips,Member,Female,2,1.23,2.46,Zaad,Abdirahman Nur,2024,8,August
INV102485,2024-08-07,Hodan-Taleex,Vegetables,Potato (kg),Regular,Female,2,0.97,1.94,Cash,Mohamed Ali,2024,8,August
INV102617,2024-08-07,Hodan-Taleex,Snacks,Popcorn Pack,Member,Female,8,0.92,7.36,Evc Plus,Fadumo Yusuf,2024,8,August
INV102499,2024-08-07,Laba Dhagax,Personal Care,Body Lotion 200ml,Member,Male,2,3.39,6.78,Evc Plus,Yusuf Farah,2024,8,August
INV102607,2024-08-07,Laba Dhagax,Snacks,Biscuit Snack Pack,Regular,Female,1,0.98,0.98,Evc Plus,Sahra Ibrahim,2024,8,August
INV102481,2024-08-07,Hamar Weyne,Fruits,Mango (kg),Member,Male,3,1.82,5.46,Evc Plus,Ahmed Abdi,2024,8,August
INV102474,2024-08-07,Hamar Weyne,Snacks,Biscuit Snack Pack,Member,Female,6,0.86,5.16,Zaad,Hodan Warsame,2024,8,August
INV102649,2024-08-07,Hodan-Taleex,Snacks,Chocolate Bar,Member,Male,3,0.71,2.13,Zaad,Fadumo Yusuf,2024,8,August
INV102713,2024-08-07,Hodan-Taleex,Dairy,Butter 250g,Regular,Male,5,2.86,14.3,Zaad,Mohamed Ali,2024,8,August
INV102666,2024-08-07,Hodan-Taleex,Bakery,Brown Bread,Member,Male,3,0.79,2.37,Evc Plus,Abdirahman Nur,2024,8,August
INV102488,2024-08-07,Hodan-Taleex,Fruits,Grapes (kg),Regular,Male,4,3.16,12.64,Evc Plus,Mohamed Ali,2024,8,August
INV102563,2024-08-07,Hamar Weyne,Household,Pasta 500g,Member,Female,8,1.63,13.04,Evc Plus,Ahmed Abdi,2024,8,August
INV102740,2024-08-07,Hodan-Taleex,Beverages,Orange Juice 1L,Member,Female,4,1.92,7.68,Zaad,Amina Hassan,2024,8,August
INV102467,2024-08-07,Hamar Weyne,Vegetables,Cabbage (each),Member,Male,5,1.02,5.1,Evc Plus,Khadija Omar,2024,8,August
INV102751,2024-08-07,Laba Dhagax,Snacks,Potato Chips,Regular,Female,5,1.19,5.95,Evc Plus,Yusuf Farah,2024,8,August
INV102502,2024-08-07,Hodan-Taleex,Fruits,Watermelon (each),Regular,Male,2,2.04,4.08,Cash,Mohamed Ali,2024,8,August
INV102463,2024-08-08,Hodan-Taleex,Snacks,Biscuit Snack Pack,Regular,Male,5,0.64,3.2,Evc Plus,Fadumo Yusuf,2024,8,August
INV102555,2024-08-08,Hamar Weyne,Beverages,Coffee 200g,Regular,Male,1,4.43,4.43,Evc Plus,Ahmed Abdi,2024,8,August
INV102497,2024-08-08,Hamar Weyne,Personal Care,Toothpaste,Regular,Female,1,1.64,1.64,Evc Plus,Khadija Omar,2024,8,August
INV102643,2024-08-08,Laba Dhagax,Bakery,Biscuits Pack,Regular,Male,6,1.36,8.16,Visa,Yusuf Farah,2024,8,August
INV102506,2024-08-08,Laba Dhagax,Bakery,Cupcake,Member,Male,2,0.64,1.28,Evc Plus,Sahra Ibrahim,2024,8,August
INV102550,2024-08-09,Hodan-Taleex,Dairy,Butter 250g,Member,Female,5,3.0,15.0,Zaad,Fadumo Yusuf,2024,8,August
INV102697,2024-08-09,Hodan-Taleex,Fruits,Grapes (kg),Regular,Female,1,3.54,3.54,Cash,Abdirahman Nur,2024,8,August
INV102658,2024-08-09,Hamar Weyne,Personal Care,Toothbrush,Member,Male,7,1.14,7.98,Cash,Khadija Omar,2024,8,August
INV102509,2024-08-09,Hodan-Taleex,Fruits,Banana (kg),Regular,Female,4,1.25,5.0,Zaad,Amina Hassan,2024,8,August
INV102750,2024-08-09,Hamar Weyne,Household,Cooking Oil 1L,Regular,Female,5,2.72,13.6,Visa,Khadija Omar,2024,8,August
INV102545,2024-08-09,Hodan-Taleex,Dairy,Eggs Tray (30pcs),Regular,Male,4,5.18,20.72,Zaad,Fadumo Yusuf,2024,8,August
INV102691,2024-08-09,Hodan-Taleex,Bakery,Cupcake,Regular,Female,3,0.58,1.74,Zaad,Abdirahman Nur,2024,8,August
INV102526,2024-08-10,Hodan-Taleex,Bakery,White Bread,Regular,Female,2,0.95,1.9,Zaad,Amina Hassan,2024,8,August
INV102639,2024-08-10,Hodan-Taleex,Household,Laundry Detergent 1kg,Member,Female,4,3.3,13.2,Zaad,Fadumo Yusuf,2024,8,August
INV102618,2024-08-10,Hamar Weyne,Fruits,Apple (kg),Regular,Male,4,2.26,9.04,Evc Plus,Khadija Omar,2024,8,August
INV102536,2024-08-10,Hamar Weyne,Beverages,Sprite 500ml,Member,Female,7,1.03,7.21,Zaad,Hodan Warsame,2024,8,August
INV102494,2024-08-10,Hodan-Taleex,Vegetables,Tomato (kg),Member,Male,4,0.88,3.52,Evc Plus,Abdirahman Nur,2024,8,August
INV102484,2024-08-10,Hodan-Taleex,Fruits,Apple (kg),Regular,Male,6,1.71,10.26,Evc Plus,Fadumo Yusuf,2024,8,August
INV102715,2024-08-10,Hamar Weyne,Bakery,Cupcake,Member,Female,7,0.83,5.81,Cash,Hodan Warsame,2024,8,August
INV102477,2024-08-10,Hamar Weyne,Vegetables,Cabbage (each),Regular,Female,1,1.04,1.04,Evc Plus,Khadija Omar,2024,8,August
INV102606,2024-08-10,Hamar Weyne,Snacks,Popcorn Pack,Member,Male,2,0.83,1.66,Cash,Hodan Warsame,2024,8,August
INV102754,2024-08-10,Hamar Weyne,Beverages,Bottled Water 500ml,Member,Female,4,0.36,1.44,Evc Plus,Ahmed Abdi,2024,8,August
INV102535,2024-08-10,Hamar Weyne,Vegetables,Cabbage (each),Regular,Female,2,1.23,2.46,Evc Plus,Khadija Omar,2024,8,August
INV102464,2024-08-10,Hodan-Taleex,Snacks,Biscuit Snack Pack,Regular,Female,5,0.81,4.05,Evc Plus,Fadumo Yusuf,2024,8,August
INV102749,2024-08-11,Hodan-Taleex,Vegetables,Cucumber (kg),Regular,Male,2,0.85,1.7,Evc Plus,Amina Hassan,2024,8,August
INV102603,2024-08-11,Hamar Weyne,Dairy,Cheese 200g,Regular,Female,6,3.45,20.7,Evc Plus,Hodan Warsame,2024,8,August
INV102465,2024-08-11,Laba Dhagax,Bakery,Brown Bread,Regular,Male,6,0.98,5.88,Evc Plus,Sahra Ibrahim,2024,8,August
INV102503,2024-08-11,Hodan-Taleex,Vegetables,Tomato (kg),Member,Female,8,0.83,6.64,Zaad,Fadumo Yusuf,2024,8,August
INV102714,2024-08-11,Hodan-Taleex,Personal Care,Bar Soap,Member,Male,3,0.59,1.77,Zaad,Amina Hassan,2024,8,August
INV102727,2024-08-11,Hodan-Taleex,Vegetables,Onion (kg),Member,Male,8,0.67,5.36,Evc Plus,Abdirahman Nur,2024,8,August
INV102647,2024-08-12,Hodan-Taleex,Bakery,Croissant,Regular,Female,3,1.26,3.78,Evc Plus,Amina Hassan,2024,8,August
INV102677,2024-08-12,Hamar Weyne,Fruits,Orange (kg),Regular,Male,3,1.75,5.25,Evc Plus,Hodan Warsame,2024,8,August
INV102759,2024-08-12,Hamar Weyne,Bakery,White Bread,Regular,Male,3,0.82,2.46,Zaad,Hodan Warsame,2024,8,August
INV102653,2024-08-12,Hamar Weyne,Beverages,Orange Juice 1L,Regular,Male,6,2.43,14.58,Evc Plus,Ahmed Abdi,2024,8,August
INV102663,2024-08-12,Hamar Weyne,Dairy,Cheese 200g,Regular,Female,2,3.76,7.52,Visa,Ahmed Abdi,2024,8,August
INV102573,2024-08-12,Hodan-Taleex,Dairy,Butter 250g,Regular,Male,6,2.51,15.06,Evc Plus,Abdirahman Nur,2024,8,August
INV102569,2024-08-12,Hodan-Taleex,Fruits,Mango (kg),Member,Female,8,1.55,12.4,Zaad,Abdirahman Nur,2024,8,August
INV102765,2024-08-12,Hodan-Taleex,Personal Care,Shampoo 400ml,Member,Male,2,4.01,8.02,Visa,Mohamed Ali,2024,8,August
INV102581,2024-08-12,Hamar Weyne,Fruits,Grapes (kg),Member,Female,7,3.7,25.9,Zaad,Ahmed Abdi,2024,8,August
INV102493,2024-08-13,Hamar Weyne,Snacks,Chocolate Bar,Member,Male,5,0.61,3.05,Cash,Khadija Omar,2024,8,August
INV102620,2024-08-13,Hodan-Taleex,Beverages,Coffee 200g,Member,Female,6,3.47,20.82,Evc Plus,Abdirahman Nur,2024,8,August
INV102772,2024-08-13,Hamar Weyne,Bakery,Croissant,Member,Male,6,0.96,5.76,Evc Plus,Hodan Warsame,2024,8,August
INV102657,2024-08-13,Hodan-Taleex,Snacks,Biscuit Snack Pack,Regular,Female,3,0.87,2.61,Cash,Abdirahman Nur,2024,8,August
INV102729,2024-08-13,Hodan-Taleex,Bakery,Croissant,Member,Male,3,0.85,2.55,Evc Plus,Mohamed Ali,2024,8,August
INV102512,2024-08-13,Hamar Weyne,Dairy,Cheese 200g,Regular,Male,6,2.64,15.84,Zaad,Hodan Warsame,2024,8,August
INV102602,2024-08-13,Hodan-Taleex,Dairy,Butter 250g,Member,Female,2,2.28,4.56,Evc Plus,Abdirahman Nur,2024,8,August
INV102469,2024-08-13,Hodan-Taleex,Bakery,Brown Bread,Member,Male,7,0.86,6.02,Zaad,Amina Hassan,2024,8,August
INV102516,2024-08-13,Hodan-Taleex,Household,Rice 5kg,Regular,Male,6,9.22,55.32,Evc Plus,Mohamed Ali,2024,8,August
INV102654,2024-08-13,Hodan-Taleex,Bakery,Croissant,Regular,Male,6,0.92,5.52,Evc Plus,Amina Hassan,2024,8,August
INV102753,2024-08-14,Hodan-Taleex,Snacks,Popcorn Pack,Regular,Female,2,1.02,2.04,Zaad,Mohamed Ali,2024,8,August
INV102728,2024-08-14,Hodan-Taleex,Household,Pasta 500g,Member,Male,5,1.29,6.45,Cash,Abdirahman Nur,2024,8,August
INV102524,2024-08-14,Hodan-Taleex,Personal Care,Body Lotion 200ml,Member,Female,2,3.67,7.34,Zaad,Fadumo Yusuf,2024,8,August
INV102558,2024-08-14,Hamar Weyne,Beverages,Apple Juice 1L,Regular,Female,6,2.24,13.44,Zaad,Ahmed Abdi,2024,8,August
INV102548,2024-08-14,Hodan-Taleex,Dairy,Yogurt 500g,Regular,Female,6,2.16,12.96,Evc Plus,Fadumo Yusuf,2024,8,August
INV102760,2024-08-14,Hodan-Taleex,Fruits,Apple (kg),Member,Female,6,1.53,9.18,Evc Plus,Mohamed Ali,2024,8,August
INV102693,2024-08-14,Hamar Weyne,Dairy,Yogurt 500g,Regular,Female,3,1.65,4.95,Evc Plus,Ahmed Abdi,2024,8,August
INV102634,2024-08-14,Laba Dhagax,Dairy,Milk 1L,Regular,Female,4,1.55,6.2,Evc Plus,Yusuf Farah,2024,8,August
INV102491,2024-08-14,Laba Dhagax,Personal Care,Toothbrush,Member,Female,7,1.5,10.5,Cash,Yusuf Farah,2024,8,August
INV102596,2024-08-14,Hodan-Taleex,Personal Care,Hand Sanitizer 100ml,Member,Male,6,1.26,7.56,Cash,Amina Hassan,2024,8,August
INV102719,2024-08-14,Hamar Weyne,Personal Care,Toothpaste,Member,Male,6,2.26,13.56,Zaad,Khadija Omar,2024,8,August
INV102562,2024-08-15,Hodan-Taleex,Dairy,Eggs Tray (30pcs),Member,Female,8,3.6,28.8,Visa,Mohamed Ali,2024,8,August
INV102592,2024-08-15,Hodan-Taleex,Vegetables,Potato (kg),Member,Male,5,0.69,3.45,Evc Plus,Abdirahman Nur,2024,8,August
INV102587,2024-08-15,Laba Dhagax,Vegetables,Cabbage (each),Member,Female,6,1.3,7.8,Zaad,Sahra Ibrahim,2024,8,August
INV102577,2024-08-15,Laba Dhagax,Dairy,Cheese 200g,Regular,Male,2,3.81,7.62,Zaad,Yusuf Farah,2024,8,August
INV102756,2024-08-15,Hodan-Taleex,Vegetables,Carrot (kg),Regular,Female,5,0.78,3.9,Evc Plus,Mohamed Ali,2024,8,August
INV102722,2024-08-15,Hodan-Taleex,Snacks,Biscuit Snack Pack,Member,Female,7,0.94,6.58,Evc Plus,Amina Hassan,2024,8,August
INV102507,2024-08-15,Hamar Weyne,Vegetables,Onion (kg),Member,Male,2,1.08,2.16,Evc Plus,Hodan Warsame,2024,8,August
INV102679,2024-08-15,Hamar Weyne,Household,Cooking Oil 1L,Member,Female,6,3.86,23.16,Evc Plus,Khadija Omar,2024,8,August
INV102664,2024-08-15,Laba Dhagax,Vegetables,Tomato (kg),Regular,Female,4,0.93,3.72,Evc Plus,Sahra Ibrahim,2024,8,August
INV102525,2024-08-15,Hodan-Taleex,Snacks,Candy Pack,Regular,Male,1,0.59,0.59,Evc Plus,Amina Hassan,2024,8,August
INV102644,2024-08-15,Hodan-Taleex,Household,Cooking Oil 1L,Regular,Female,4,3.61,14.44,Visa,Abdirahman Nur,2024,8,August
INV102575,2024-08-15,Hodan-Taleex,Household,Cooking Oil 1L,Regular,Male,3,4.0,12.0,Cash,Fadumo Yusuf,2024,8,August
INV102609,2024-08-15,Hodan-Taleex,Household,Sugar 2kg,Regular,Female,5,2.21,11.05,Cash,Mohamed Ali,2024,8,August
INV102682,2024-08-16,Hamar Weyne,Vegetables,Onion (kg),Regular,Male,5,0.88,4.4,Evc Plus,Ahmed Abdi,2024,8,August
INV102668,2024-08-16,Hamar Weyne,Fruits,Watermelon (each),Member,Female,3,2.59,7.77,Cash,Khadija Omar,2024,8,August
INV102744,2024-08-16,Hamar Weyne,Personal Care,Shampoo 400ml,Member,Male,8,4.14,33.12,Evc Plus,Hodan Warsame,2024,8,August
INV102766,2024-08-16,Laba Dhagax,Beverages,Black Tea Pack,Regular,Female,3,1.75,5.25,Zaad,Yusuf Farah,2024,8,August
INV102732,2024-08-16,Hodan-Taleex,Dairy,Cheese 200g,Member,Male,5,3.41,17.05,Evc Plus,Fadumo Yusuf,2024,8,August
INV102492,2024-08-16,Hamar Weyne,Dairy,Milk 1L,Member,Male,8,1.41,11.28,Evc Plus,Hodan Warsame,2024,8,August
INV102730,2024-08-16,Laba Dhagax,Bakery,Croissant,Regular,Female,3,0.9,2.7,Evc Plus,Yusuf Farah,2024,8,August
INV102718,2024-08-16,Laba Dhagax,Dairy,Fresh Cream 200ml,Member,Male,2,1.56,3.12,Cash,Yusuf Farah,2024,8,August
INV102551,2024-08-16,Hodan-Taleex,Beverages,Black Tea Pack,Member,Male,2,1.71,3.42,Evc Plus,Fadumo Yusuf,2024,8,August
INV102635,2024-08-16,Hodan-Taleex,Fruits,Grapes (kg),Regular,Female,2,3.73,7.46,Evc Plus,Abdirahman Nur,2024,8,August
INV102518,2024-08-16,Hodan-Taleex,Bakery,Cupcake,Regular,Female,3,0.5,1.5,Evc Plus,Mohamed Ali,2024,8,August
INV102739,2024-08-16,Hodan-Taleex,Personal Care,Bar Soap,Regular,Male,3,0.78,2.34,Zaad,Fadumo Yusuf,2024,8,August
INV102686,2024-08-16,Hodan-Taleex,Vegetables,Carrot (kg),Member,Male,5,1.15,5.75,Evc Plus,Fadumo Yusuf,2024,8,August
INV102684,2024-08-16,Hodan-Taleex,Beverages,Coffee 200g,Member,Male,3,4.26,12.78,Evc Plus,Abdirahman Nur,2024,8,August
INV102529,2024-08-17,Hamar Weyne,Fruits,Mango (kg),Regular,Male,5,1.89,9.45,Evc Plus,Ahmed Abdi,2024,8,August
INV102746,2024-08-17,Hamar Weyne,Personal Care,Body Lotion 200ml,Regular,Male,5,2.98,14.9,Visa,Khadija Omar,2024,8,August
INV102652,2024-08-17,Hodan-Taleex,Beverages,Soft Drink Cola 500ml,Regular,Male,6,0.78,4.68,Zaad,Fadumo Yusuf,2024,8,August
INV102764,2024-08-17,Hamar Weyne,Beverages,Sprite 500ml,Regular,Male,2,0.83,1.66,Zaad,Khadija Omar,2024,8,August
INV102514,2024-08-17,Hodan-Taleex,Fruits,Orange (kg),Member,Female,7,1.47,10.29,Evc Plus,Fadumo Yusuf,2024,8,August
INV102586,2024-08-18,Hamar Weyne,Dairy,Cheese 200g,Member,Female,7,3.55,24.85,Cash,Ahmed Abdi,2024,8,August
INV102651,2024-08-18,Laba Dhagax,Household,Sugar 2kg,Member,Female,6,2.19,13.14,Zaad,Sahra Ibrahim,2024,8,August
INV102624,2024-08-18,Hodan-Taleex,Fruits,Banana (kg),Regular,Female,2,0.98,1.96,Evc Plus,Amina Hassan,2024,8,August
INV102731,2024-08-18,Laba Dhagax,Bakery,Cupcake,Member,Female,8,0.88,7.04,Evc Plus,Yusuf Farah,2024,8,August
INV102543,2024-08-18,Laba Dhagax,Dairy,Cheese 200g,Regular,Female,3,3.73,11.19,Cash,Yusuf Farah,2024,8,August
INV102520,2024-08-18,Hamar Weyne,Vegetables,Carrot (kg),Regular,Male,4,1.01,4.04,Visa,Khadija Omar,2024,8,August
INV102770,2024-08-18,Hodan-Taleex,Dairy,Cheese 200g,Regular,Male,1,3.47,3.47,Zaad,Fadumo Yusuf,2024,8,August
INV102565,2024-08-18,Hodan-Taleex,Snacks,Potato Chips,Regular,Male,3,0.93,2.79,Cash,Mohamed Ali,2024,8,August
INV102599,2024-08-19,Hamar Weyne,Fruits,Orange (kg),Member,Male,2,1.76,3.52,Cash,Hodan Warsame,2024,8,August
INV102554,2024-08-19,Hamar Weyne,Household,Sugar 2kg,Member,Female,2,2.72,5.44,Zaad,Khadija Omar,2024,8,August
INV102594,2024-08-19,Hamar Weyne,Vegetables,Onion (kg),Regular,Male,5,1.09,5.45,Evc Plus,Ahmed Abdi,2024,8,August
INV102553,2024-08-19,Hamar Weyne,Beverages,Coffee 200g,Regular,Female,5,3.71,18.55,Evc Plus,Khadija Omar,2024,8,August
INV102471,2024-08-19,Hodan-Taleex,Beverages,Apple Juice 1L,Regular,Female,5,1.99,9.95,Evc Plus,Abdirahman Nur,2024,8,August
INV102570,2024-08-19,Hamar Weyne,Bakery,Cupcake,Regular,Female,1,0.54,0.54,Visa,Hodan Warsame,2024,8,August
INV102622,2024-08-19,Hamar Weyne,Beverages,Apple Juice 1L,Member,Male,2,1.81,3.62,Cash,Ahmed Abdi,2024,8,August
INV102519,2024-08-19,Hamar Weyne,Fruits,Mango (kg),Regular,Male,6,1.9,11.4,Evc Plus,Khadija Omar,2024,8,August
INV102470,2024-08-19,Laba Dhagax,Beverages,Soft Drink Cola 500ml,Member,Male,6,0.94,5.64,Zaad,Yusuf Farah,2024,8,August
INV102595,2024-08-19,Laba Dhagax,Beverages,Bottled Water 500ml,Member,Male,7,0.53,3.71,Cash,Yusuf Farah,2024,8,August
INV102646,2024-08-19,Hodan-Taleex,Personal Care,Hand Sanitizer 100ml,Regular,Male,6,1.52,9.12,Zaad,Mohamed Ali,2024,8,August
INV102476,2024-08-19,Hodan-Taleex,Household,Flour 2kg,Member,Female,2,2.02,4.04,Evc Plus,Mohamed Ali,2024,8,August
INV102762,2024-08-19,Hodan-Taleex,Household,Flour 2kg,Regular,Female,3,2.48,7.44,Visa,Amina Hassan,2024,8,August
INV102690,2024-08-19,Hodan-Taleex,Fruits,Mango (kg),Regular,Female,1,1.7,1.7,Zaad,Amina Hassan,2024,8,August
INV102579,2024-08-19,Hodan-Taleex,Vegetables,Carrot (kg),Regular,Female,5,0.98,4.9,Cash,Abdirahman Nur,2024,8,August
INV102462,2024-08-19,Hamar Weyne,Personal Care,Hand Sanitizer 100ml,Regular,Female,2,2.07,4.14,Evc Plus,Khadija Omar,2024,8,August
INV102612,2024-08-20,Laba Dhagax,Beverages,Coffee 200g,Member,Female,3,3.71,11.13,Evc Plus,Sahra Ibrahim,2024,8,August
INV102532,2024-08-20,Laba Dhagax,Personal Care,Body Lotion 200ml,Member,Male,6,3.91,23.46,Cash,Sahra Ibrahim,2024,8,August
INV102505,2024-08-20,Hodan-Taleex,Vegetables,Onion (kg),Member,Male,6,0.79,4.74,Zaad,Mohamed Ali,2024,8,August
INV102591,2024-08-20,Hamar Weyne,Dairy,Eggs Tray (30pcs),Regular,Female,6,3.56,21.36,Evc Plus,Ahmed Abdi,2024,8,August
INV102734,2024-08-20,Hodan-Taleex,Beverages,Coffee 200g,Member,Male,4,3.91,15.64,Evc Plus,Fadumo Yusuf,2024,8,August
INV102737,2024-08-20,Hodan-Taleex,Fruits,Orange (kg),Member,Female,7,1.49,10.43,Evc Plus,Mohamed Ali,2024,8,August
INV102632,2024-08-20,Hodan-Taleex,Beverages,Apple Juice 1L,Regular,Male,2,2.1,4.2,Visa,Abdirahman Nur,2024,8,August
INV102559,2024-08-21,Hamar Weyne,Beverages,Orange Juice 1L,Regular,Male,5,1.68,8.4,Zaad,Ahmed Abdi,2024,8,August
INV102736,2024-08-21,Hodan-Taleex,Vegetables,Onion (kg),Member,Female,2,1.08,2.16,Evc Plus,Mohamed Ali,2024,8,August
INV102660,2024-08-21,Hamar Weyne,Snacks,Candy Pack,Regular,Female,2,0.56,1.12,Zaad,Khadija Omar,2024,8,August
INV102531,2024-08-21,Hodan-Taleex,Fruits,Watermelon (each),Regular,Male,1,3.02,3.02,Zaad,Mohamed Ali,2024,8,August
INV102580,2024-08-21,Hodan-Taleex,Vegetables,Onion (kg),Regular,Male,5,0.89,4.45,Evc Plus,Mohamed Ali,2024,8,August
INV102628,2024-08-21,Hodan-Taleex,Beverages,Sprite 500ml,Regular,Male,4,0.85,3.4,Cash,Fadumo Yusuf,2024,8,August
INV102616,2024-08-21,Hamar Weyne,Household,Dish Soap 500ml,Regular,Male,5,1.27,6.35,Evc Plus,Khadija Omar,2024,8,August
INV102567,2024-08-21,Hodan-Taleex,Household,Pasta 500g,Member,Female,4,1.5,6.0,Cash,Amina Hassan,2024,8,August
INV102741,2024-08-21,Laba Dhagax,Personal Care,Bar Soap,Member,Male,8,0.95,7.6,Evc Plus,Yusuf Farah,2024,8,August
INV102552,2024-08-22,Laba Dhagax,Household,Rice 5kg,Regular,Female,2,8.27,16.54,Visa,Sahra Ibrahim,2024,8,August
INV102721,2024-08-22,Laba Dhagax,Fruits,Apple (kg),Member,Female,7,2.18,15.26,Evc Plus,Sahra Ibrahim,2024,8,August
INV102501,2024-08-22,Hamar Weyne,Snacks,Popcorn Pack,Regular,Male,6,1.02,6.12,Evc Plus,Hodan Warsame,2024,8,August
INV102608,2024-08-22,Hodan-Taleex,Bakery,Biscuits Pack,Regular,Male,3,0.87,2.61,Zaad,Abdirahman Nur,2024,8,August
INV102613,2024-08-22,Hamar Weyne,Vegetables,Cabbage (each),Regular,Female,4,1.37,5.48,Evc Plus,Khadija Omar,2024,8,August
INV102665,2024-08-22,Hodan-Taleex,Fruits,Grapes (kg),Member,Female,4,3.01,12.04,Evc Plus,Abdirahman Nur,2024,8,August
INV102515,2024-08-22,Hamar Weyne,Dairy,Eggs Tray (30pcs),Regular,Male,3,4.34,13.02,Evc Plus,Ahmed Abdi,2024,8,August
INV102694,2024-08-22,Hodan-Taleex,Beverages,Apple Juice 1L,Member,Female,7,2.5,17.5,Evc Plus,Fadumo Yusuf,2024,8,August
INV102711,2024-08-22,Hamar Weyne,Household,Sugar 2kg,Regular,Male,4,2.35,9.4,Cash,Khadija Omar,2024,8,August
INV102720,2024-08-22,Hodan-Taleex,Household,Laundry Detergent 1kg,Regular,Female,1,3.97,3.97,Visa,Amina Hassan,2024,8,August
INV102572,2024-08-23,Hodan-Taleex,Household,Cooking Oil 1L,Member,Male,3,2.64,7.92,Cash,Abdirahman Nur,2024,8,August
INV102627,2024-08-23,Hamar Weyne,Beverages,Coffee 200g,Member,Female,3,4.28,12.84,Evc Plus,Hodan Warsame,2024,8,August
INV102757,2024-08-23,Hamar Weyne,Beverages,Coffee 200g,Regular,Female,4,3.05,12.2,Evc Plus,Khadija Omar,2024,8,August
INV102568,2024-08-23,Hamar Weyne,Personal Care,Body Lotion 200ml,Regular,Female,2,2.9,5.8,Evc Plus,Hodan Warsame,2024,8,August
INV102710,2024-08-23,Laba Dhagax,Fruits,Apple (kg),Regular,Male,4,2.32,9.28,Evc Plus,Yusuf Farah,2024,8,August
INV102601,2024-08-23,Hodan-Taleex,Bakery,Biscuits Pack,Member,Male,4,1.05,4.2,Cash,Fadumo Yusuf,2024,8,August
INV102742,2024-08-23,Laba Dhagax,Dairy,Eggs Tray (30pcs),Member,Female,6,5.09,30.54,Zaad,Yusuf Farah,2024,8,August
INV102773,2024-08-23,Laba Dhagax,Beverages,Orange Juice 1L,Regular,Female,4,1.52,6.08,Cash,Yusuf Farah,2024,8,August
INV102662,2024-08-23,Hodan-Taleex,Fruits,Banana (kg),Regular,Male,1,1.03,1.03,Visa,Abdirahman Nur,2024,8,August
INV102560,2024-08-24,Laba Dhagax,Beverages,Coffee 200g,Member,Female,5,4.1,20.5,Evc Plus,Yusuf Farah,2024,8,August
INV102528,2024-08-24,Hodan-Taleex,Bakery,Croissant,Member,Male,8,0.81,6.48,Evc Plus,Mohamed Ali,2024,8,August
INV102598,2024-08-24,Hodan-Taleex,Bakery,Biscuits Pack,Regular,Male,6,1.45,8.7,Zaad,Mohamed Ali,2024,8,August
INV102566,2024-08-24,Hamar Weyne,Dairy,Cheese 200g,Regular,Female,3,2.65,7.95,Zaad,Ahmed Abdi,2024,8,August
INV102549,2024-08-24,Hodan-Taleex,Household,Pasta 500g,Regular,Male,3,1.67,5.01,Zaad,Amina Hassan,2024,8,August
INV102738,2024-08-24,Hamar Weyne,Household,Sugar 2kg,Member,Male,6,2.34,14.04,Zaad,Hodan Warsame,2024,8,August
INV102752,2024-08-24,Hamar Weyne,Bakery,Donut,Regular,Male,3,0.89,2.67,Cash,Ahmed Abdi,2024,8,August
INV102487,2024-08-24,Hodan-Taleex,Beverages,Orange Juice 1L,Member,Female,8,2.24,17.92,Evc Plus,Abdirahman Nur,2024,8,August
INV102726,2024-08-24,Hodan-Taleex,Vegetables,Cabbage (each),Member,Female,5,0.89,4.45,Zaad,Abdirahman Nur,2024,8,August
INV102574,2024-08-24,Laba Dhagax,Bakery,Brown Bread,Regular,Female,1,1.04,1.04,Cash,Yusuf Farah,2024,8,August
INV102699,2024-08-24,Hamar Weyne,Vegetables,Onion (kg),Regular,Female,2,1.07,2.14,Evc Plus,Khadija Omar,2024,8,August
INV102540,2024-08-24,Hamar Weyne,Dairy,Eggs Tray (30pcs),Regular,Male,4,3.75,15.0,Evc Plus,Hodan Warsame,2024,8,August
INV102480,2024-08-25,Hodan-Taleex,Snacks,Candy Pack,Member,Female,7,0.77,5.39,Evc Plus,Fadumo Yusuf,2024,8,August
INV102541,2024-08-25,Laba Dhagax,Dairy,Milk 1L,Regular,Female,2,1.54,3.08,Evc Plus,Sahra Ibrahim,2024,8,August
INV102544,2024-08-25,Hamar Weyne,Household,Cooking Oil 1L,Regular,Female,2,2.61,5.22,Zaad,Ahmed Abdi,2024,8,August
INV102761,2024-08-25,Hodan-Taleex,Vegetables,Tomato (kg),Regular,Male,3,1.01,3.03,Cash,Fadumo Yusuf,2024,8,August
INV102597,2024-08-25,Hodan-Taleex,Personal Care,Toothpaste,Regular,Male,2,2.48,4.96,Zaad,Mohamed Ali,2024,8,August
INV102667,2024-08-25,Laba Dhagax,Personal Care,Toothpaste,Member,Female,5,2.05,10.25,Zaad,Sahra Ibrahim,2024,8,August
INV102675,2024-08-25,Laba Dhagax,Personal Care,Body Lotion 200ml,Regular,Female,3,3.42,10.26,Evc Plus,Sahra Ibrahim,2024,8,August
INV102703,2024-08-25,Hodan-Taleex,Beverages,Sprite 500ml,Regular,Male,5,1.15,5.75,Zaad,Fadumo Yusuf,2024,8,August
INV102747,2024-08-25,Hamar Weyne,Vegetables,Cabbage (each),Member,Female,2,1.07,2.14,Zaad,Khadija Omar,2024,8,August
INV102479,2024-08-25,Hodan-Taleex,Bakery,Croissant,Regular,Female,2,1.09,2.18,Evc Plus,Abdirahman Nur,2024,8,August
INV102645,2024-08-25,Hamar Weyne,Personal Care,Hand Sanitizer 100ml,Member,Male,7,2.13,14.91,Evc Plus,Ahmed Abdi,2024,8,August
INV102723,2024-08-25,Hodan-Taleex,Personal Care,Toothbrush,Regular,Female,3,1.15,3.45,Evc Plus,Fadumo Yusuf,2024,8,August
INV102755,2024-08-25,Hamar Weyne,Beverages,Orange Juice 1L,Member,Female,2,1.87,3.74,Visa,Hodan Warsame,2024,8,August
INV102593,2024-08-26,Hodan-Taleex,Snacks,Candy Pack,Regular,Female,3,0.59,1.77,Cash,Fadumo Yusuf,2024,8,August
INV102585,2024-08-26,Hodan-Taleex,Snacks,Chocolate Bar,Regular,Female,5,0.79,3.95,Evc Plus,Amina Hassan,2024,8,August
INV102698,2024-08-26,Hodan-Taleex,Fruits,Orange (kg),Regular,Female,5,1.68,8.4,Cash,Abdirahman Nur,2024,8,August
INV102680,2024-08-26,Laba Dhagax,Fruits,Orange (kg),Member,Male,4,1.24,4.96,Cash,Yusuf Farah,2024,8,August
INV102725,2024-08-26,Hodan-Taleex,Vegetables,Onion (kg),Member,Female,5,0.76,3.8,Zaad,Fadumo Yusuf,2024,8,August
INV102767,2024-08-26,Hodan-Taleex,Snacks,Candy Pack,Regular,Male,5,0.67,3.35,Visa,Abdirahman Nur,2024,8,August
INV102704,2024-08-26,Hamar Weyne,Beverages,Sprite 500ml,Regular,Male,6,0.76,4.56,Evc Plus,Hodan Warsame,2024,8,August
INV102508,2024-08-26,Hamar Weyne,Snacks,Candy Pack,Regular,Female,2,0.84,1.68,Zaad,Khadija Omar,2024,8,August
INV102735,2024-08-26,Laba Dhagax,Bakery,Croissant,Member,Male,6,1.27,7.62,Zaad,Yusuf Farah,2024,8,August
INV102673,2024-08-26,Hodan-Taleex,Personal Care,Toothbrush,Regular,Male,6,1.08,6.48,Evc Plus,Fadumo Yusuf,2024,8,August
INV102630,2024-08-27,Hodan-Taleex,Beverages,Bottled Water 500ml,Member,Male,7,0.54,3.78,Evc Plus,Fadumo Yusuf,2024,8,August
INV102631,2024-08-27,Hodan-Taleex,Bakery,Biscuits Pack,Regular,Female,2,1.06,2.12,Visa,Fadumo Yusuf,2024,8,August
INV102527,2024-08-27,Laba Dhagax,Vegetables,Potato (kg),Regular,Male,5,0.67,3.35,Zaad,Yusuf Farah,2024,8,August
INV102642,2024-08-27,Hodan-Taleex,Vegetables,Cucumber (kg),Regular,Male,1,0.69,0.69,Evc Plus,Abdirahman Nur,2024,8,August
INV102564,2024-08-27,Laba Dhagax,Personal Care,Toothbrush,Member,Female,8,1.04,8.32,Cash,Yusuf Farah,2024,8,August
INV102685,2024-08-27,Laba Dhagax,Vegetables,Cucumber (kg),Regular,Male,1,0.83,0.83,Visa,Yusuf Farah,2024,8,August
INV102716,2024-08-27,Hodan-Taleex,Snacks,Chocolate Bar,Member,Female,3,0.86,2.58,Cash,Abdirahman Nur,2024,8,August
INV102768,2024-08-27,Hodan-Taleex,Personal Care,Bar Soap,Regular,Male,5,0.91,4.55,Evc Plus,Abdirahman Nur,2024,8,August
INV102674,2024-08-28,Laba Dhagax,Bakery,Croissant,Regular,Female,3,1.03,3.09,Visa,Sahra Ibrahim,2024,8,August
INV102701,2024-08-28,Laba Dhagax,Household,Dish Soap 500ml,Regular,Male,6,1.93,11.58,Evc Plus,Yusuf Farah,2024,8,August
INV102557,2024-08-28,Laba Dhagax,Household,Flour 2kg,Member,Female,8,2.35,18.8,Visa,Yusuf Farah,2024,8,August
INV102769,2024-08-28,Hodan-Taleex,Vegetables,Carrot (kg),Member,Male,2,1.08,2.16,Evc Plus,Mohamed Ali,2024,8,August
INV102473,2024-08-28,Hodan-Taleex,Snacks,Candy Pack,Member,Male,8,0.71,5.68,Evc Plus,Amina Hassan,2024,8,August
INV102625,2024-08-28,Laba Dhagax,Household,Laundry Detergent 1kg,Regular,Female,6,3.26,19.56,Zaad,Sahra Ibrahim,2024,8,August
INV102600,2024-08-28,Hodan-Taleex,Vegetables,Onion (kg),Member,Female,7,0.84,5.88,Evc Plus,Abdirahman Nur,2024,8,August
INV102748,2024-08-28,Hamar Weyne,Personal Care,Hand Sanitizer 100ml,Member,Female,7,1.34,9.38,Evc Plus,Hodan Warsame,2024,8,August
INV102633,2024-08-28,Hamar Weyne,Dairy,Butter 250g,Regular,Female,6,2.86,17.16,Evc Plus,Ahmed Abdi,2024,8,August
INV102523,2024-08-28,Laba Dhagax,Personal Care,Hand Sanitizer 100ml,Member,Female,7,1.3,9.1,Visa,Yusuf Farah,2024,8,August
INV102522,2024-08-28,Hamar Weyne,Fruits,Orange (kg),Regular,Male,3,1.27,3.81,Cash,Khadija Omar,2024,8,August
INV102589,2024-08-29,Hamar Weyne,Snacks,Peanuts 200g,Regular,Female,5,1.19,5.95,Evc Plus,Hodan Warsame,2024,8,August
INV102475,2024-08-29,Hodan-Taleex,Personal Care,Hand Sanitizer 100ml,Regular,Female,3,1.67,5.01,Evc Plus,Amina Hassan,2024,8,August
INV102717,2024-08-29,Hodan-Taleex,Personal Care,Toothbrush,Member,Male,6,0.8,4.8,Zaad,Fadumo Yusuf,2024,8,August
INV102696,2024-08-29,Hamar Weyne,Beverages,Bottled Water 500ml,Regular,Male,3,0.41,1.23,Zaad,Ahmed Abdi,2024,8,August
INV102670,2024-08-29,Hodan-Taleex,Beverages,Soft Drink Cola 500ml,Regular,Male,2,0.92,1.84,Evc Plus,Abdirahman Nur,2024,8,August
INV102640,2024-08-29,Hodan-Taleex,Beverages,Coffee 200g,Member,Male,5,4.15,20.75,Evc Plus,Fadumo Yusuf,2024,8,August
INV102604,2024-08-29,Hodan-Taleex,Personal Care,Body Lotion 200ml,Member,Male,6,2.89,17.34,Evc Plus,Abdirahman Nur,2024,8,August
INV102534,2024-08-29,Hodan-Taleex,Dairy,Fresh Cream 200ml,Regular,Female,5,2.47,12.35,Evc Plus,Abdirahman Nur,2024,8,August
INV102546,2024-08-29,Hodan-Taleex,Household,Pasta 500g,Member,Female,5,1.47,7.35,Zaad,Amina Hassan,2024,8,August
INV102582,2024-08-30,Hodan-Taleex,Vegetables,Potato (kg),Regular,Female,3,0.96,2.88,Zaad,Fadumo Yusuf,2024,8,August
INV102743,2024-08-30,Hodan-Taleex,Bakery,Brown Bread,Member,Female,8,0.95,7.6,Zaad,Mohamed Ali,2024,8,August
INV102615,2024-08-30,Hodan-Taleex,Bakery,Donut,Regular,Female,1,0.74,0.74,Visa,Abdirahman Nur,2024,8,August
INV102688,2024-08-30,Hodan-Taleex,Household,Laundry Detergent 1kg,Regular,Female,2,2.67,5.34,Evc Plus,Fadumo Yusuf,2024,8,August
INV102468,2024-08-30,Hamar Weyne,Personal Care,Shampoo 400ml,Regular,Female,3,3.71,11.13,Evc Plus,Ahmed Abdi,2024,8,August
INV102626,2024-08-30,Hamar Weyne,Snacks,Chocolate Bar,Regular,Female,6,1.02,6.12,Evc Plus,Hodan Warsame,2024,8,August
INV102707,2024-08-30,Hodan-Taleex,Personal Care,Shampoo 400ml,Regular,Male,2,4.34,8.68,Evc Plus,Amina Hassan,2024,8,August
INV102681,2024-08-30,Laba Dhagax,Bakery,Croissant,Member,Male,5,0.86,4.3,Evc Plus,Sahra Ibrahim,2024,8,August
INV102521,2024-08-30,Hamar Weyne,Bakery,White Bread,Regular,Female,6,0.91,5.46,Evc Plus,Khadija Omar,2024,8,August
INV102530,2024-08-31,Hamar Weyne,Snacks,Candy Pack,Regular,Female,5,0.59,2.95,Evc Plus,Hodan Warsame,2024,8,August
INV102496,2024-08-31,Hamar Weyne,Household,Flour 2kg,Regular,Female,4,1.82,7.28,Cash,Ahmed Abdi,2024,8,August
INV102648,2024-08-31,Hamar Weyne,Bakery,Donut,Regular,Male,4,0.75,3.0,Evc Plus,Khadija Omar,2024,8,August
INV102486,2024-08-31,Laba Dhagax,Beverages,Orange Juice 1L,Regular,Male,4,1.62,6.48,Evc Plus,Yusuf Farah,2024,8,August
INV102482,2024-08-31,Hamar Weyne,Bakery,Biscuits Pack,Member,Male,2,1.17,2.34,Zaad,Khadija Omar,2024,8,August
INV102561,2024-08-31,Laba Dhagax,Dairy,Butter 250g,Regular,Female,6,2.52,15.12,Zaad,Yusuf Farah,2024,8,August
INV102669,2024-08-31,Hamar Weyne,Snacks,Candy Pack,Member,Female,4,0.86,3.44,Visa,Hodan Warsame,2024,8,August
INV102614,2024-08-31,Laba Dhagax,Fruits,Orange (kg),Regular,Male,3,1.11,3.33,Evc Plus,Sahra Ibrahim,2024,8,August
INV102705,2024-08-31,Laba Dhagax,Household,Cooking Oil 1L,Regular,Male,2,3.37,6.74,Evc Plus,Yusuf Farah,2024,8,August
INV102758,2024-08-31,Hodan-Taleex,Dairy,Fresh Cream 200ml,Member,Male,6,1.63,9.78,Zaad,Abdirahman Nur,2024,8,August
INV102671,2024-08-31,Laba Dhagax,Household,Dish Soap 500ml,Regular,Female,5,1.55,7.75,Zaad,Sahra Ibrahim,2024,8,August
INV102533,2024-08-31,Hodan-Taleex,Bakery,Donut,Member,Female,2,0.98,1.96,Cash,Abdirahman Nur,2024,8,August
INV102689,2024-08-31,Laba Dhagax,Household,Pasta 500g,Member,Female,4,1.57,6.28,Evc Plus,Sahra Ibrahim,2024,8,August
INV102943,2024-09-01,Hamar Weyne,Vegetables,Tomato (kg),Member,Male,2,0.72,1.44,Evc Plus,Khadija Omar,2024,9,September
INV102987,2024-09-01,Hamar Weyne,Bakery,Donut,Regular,Male,4,0.62,2.48,Evc Plus,Khadija Omar,2024,9,September
INV102930,2024-09-01,Hamar Weyne,Bakery,Brown Bread,Member,Female,5,0.8,4.0,Zaad,Ahmed Abdi,2024,9,September
INV102902,2024-09-01,Hodan-Taleex,Household,Flour 2kg,Member,Male,5,2.66,13.3,Zaad,Mohamed Ali,2024,9,September
INV102988,2024-09-01,Hamar Weyne,Fruits,Watermelon (each),Regular,Female,5,2.56,12.8,Evc Plus,Ahmed Abdi,2024,9,September
INV102992,2024-09-01,Hodan-Taleex,Snacks,Candy Pack,Regular,Female,1,0.61,0.61,Zaad,Fadumo Yusuf,2024,9,September
INV102901,2024-09-01,Laba Dhagax,Dairy,Cheese 200g,Regular,Female,5,3.82,19.1,Evc Plus,Yusuf Farah,2024,9,September
INV102997,2024-09-01,Laba Dhagax,Beverages,Apple Juice 1L,Regular,Male,4,1.74,6.96,Evc Plus,Sahra Ibrahim,2024,9,September
INV103038,2024-09-02,Hamar Weyne,Snacks,Biscuit Snack Pack,Regular,Male,4,0.82,3.28,Evc Plus,Khadija Omar,2024,9,September
INV102780,2024-09-02,Hodan-Taleex,Vegetables,Carrot (kg),Regular,Female,2,0.79,1.58,Visa,Amina Hassan,2024,9,September
INV102801,2024-09-02,Hodan-Taleex,Dairy,Yogurt 500g,Regular,Female,1,2.2,2.2,Zaad,Mohamed Ali,2024,9,September
INV103033,2024-09-02,Hodan-Taleex,Beverages,Coffee 200g,Member,Male,2,4.28,8.56,Cash,Amina Hassan,2024,9,September
INV102965,2024-09-02,Laba Dhagax,Fruits,Watermelon (each),Regular,Female,6,2.86,17.16,Evc Plus,Yusuf Farah,2024,9,September
INV102834,2024-09-02,Hodan-Taleex,Personal Care,Bar Soap,Regular,Female,5,0.83,4.15,Evc Plus,Fadumo Yusuf,2024,9,September
INV102940,2024-09-02,Hodan-Taleex,Vegetables,Carrot (kg),Regular,Female,4,1.08,4.32,Evc Plus,Amina Hassan,2024,9,September
INV102825,2024-09-02,Hodan-Taleex,Household,Pasta 500g,Member,Male,7,1.39,9.73,Cash,Abdirahman Nur,2024,9,September
INV102932,2024-09-02,Hamar Weyne,Fruits,Watermelon (each),Regular,Male,4,2.2,8.8,Evc Plus,Khadija Omar,2024,9,September
INV103089,2024-09-02,Laba Dhagax,Vegetables,Cucumber (kg),Member,Female,2,0.67,1.34,Evc Plus,Sahra Ibrahim,2024,9,September
INV102918,2024-09-02,Hodan-Taleex,Snacks,Chocolate Bar,Member,Male,5,0.68,3.4,Evc Plus,Amina Hassan,2024,9,September
INV102898,2024-09-03,Hamar Weyne,Household,Sugar 2kg,Member,Male,4,2.17,8.68,Evc Plus,Khadija Omar,2024,9,September
INV102807,2024-09-03,Hamar Weyne,Household,Laundry Detergent 1kg,Member,Female,4,3.94,15.76,Zaad,Khadija Omar,2024,9,September
INV102856,2024-09-03,Hamar Weyne,Bakery,Croissant,Regular,Male,4,1.06,4.24,Cash,Ahmed Abdi,2024,9,September
INV102911,2024-09-03,Hodan-Taleex,Dairy,Cheese 200g,Regular,Female,3,2.75,8.25,Evc Plus,Mohamed Ali,2024,9,September
INV102947,2024-09-03,Laba Dhagax,Vegetables,Cabbage (each),Member,Male,7,1.1,7.7,Zaad,Sahra Ibrahim,2024,9,September
INV102946,2024-09-03,Hodan-Taleex,Beverages,Apple Juice 1L,Regular,Female,6,1.98,11.88,Zaad,Mohamed Ali,2024,9,September
INV102980,2024-09-03,Laba Dhagax,Fruits,Watermelon (each),Member,Male,5,2.29,11.45,Evc Plus,Sahra Ibrahim,2024,9,September
INV103077,2024-09-03,Hodan-Taleex,Beverages,Black Tea Pack,Regular,Female,2,1.61,3.22,Evc Plus,Mohamed Ali,2024,9,September
INV102775,2024-09-03,Hodan-Taleex,Dairy,Cheese 200g,Regular,Female,1,3.02,3.02,Evc Plus,Mohamed Ali,2024,9,September
INV102945,2024-09-03,Hamar Weyne,Vegetables,Potato (kg),Regular,Female,2,0.6,1.2,Cash,Hodan Warsame,2024,9,September
INV102893,2024-09-04,Hodan-Taleex,Household,Rice 5kg,Regular,Female,4,7.14,28.56,Zaad,Abdirahman Nur,2024,9,September
INV103030,2024-09-04,Laba Dhagax,Personal Care,Shampoo 400ml,Member,Female,6,3.82,22.92,Zaad,Sahra Ibrahim,2024,9,September
INV102821,2024-09-04,Laba Dhagax,Bakery,Donut,Regular,Male,1,0.61,0.61,Evc Plus,Sahra Ibrahim,2024,9,September
INV102822,2024-09-04,Laba Dhagax,Bakery,Biscuits Pack,Regular,Male,1,0.98,0.98,Evc Plus,Sahra Ibrahim,2024,9,September
INV103019,2024-09-04,Hamar Weyne,Fruits,Apple (kg),Regular,Female,1,1.63,1.63,Cash,Hodan Warsame,2024,9,September
INV103041,2024-09-04,Laba Dhagax,Dairy,Eggs Tray (30pcs),Regular,Male,5,5.21,26.05,Zaad,Yusuf Farah,2024,9,September
INV103061,2024-09-04,Hodan-Taleex,Beverages,Orange Juice 1L,Regular,Male,5,2.46,12.3,Evc Plus,Abdirahman Nur,2024,9,September
INV103047,2024-09-04,Hodan-Taleex,Personal Care,Shampoo 400ml,Regular,Male,6,2.53,15.18,Evc Plus,Mohamed Ali,2024,9,September
INV102832,2024-09-05,Laba Dhagax,Dairy,Milk 1L,Member,Female,2,1.01,2.02,Cash,Yusuf Farah,2024,9,September
INV102974,2024-09-05,Hamar Weyne,Household,Dish Soap 500ml,Regular,Female,2,1.39,2.78,Evc Plus,Khadija Omar,2024,9,September
INV103071,2024-09-05,Laba Dhagax,Personal Care,Bar Soap,Regular,Male,1,0.78,0.78,Evc Plus,Sahra Ibrahim,2024,9,September
INV102964,2024-09-05,Hodan-Taleex,Beverages,Soft Drink Cola 500ml,Member,Male,5,0.84,4.2,Visa,Mohamed Ali,2024,9,September
INV103032,2024-09-05,Hamar Weyne,Household,Dish Soap 500ml,Regular,Female,3,1.79,5.37,Cash,Hodan Warsame,2024,9,September
INV102936,2024-09-05,Laba Dhagax,Snacks,Chocolate Bar,Regular,Male,1,1.2,1.2,Visa,Yusuf Farah,2024,9,September
INV102835,2024-09-06,Hodan-Taleex,Household,Rice 5kg,Regular,Male,6,8.05,48.3,Evc Plus,Fadumo Yusuf,2024,9,September
INV103043,2024-09-06,Hodan-Taleex,Personal Care,Toothbrush,Regular,Female,6,0.89,5.34,Zaad,Mohamed Ali,2024,9,September
INV102847,2024-09-06,Hodan-Taleex,Bakery,White Bread,Regular,Male,2,0.63,1.26,Zaad,Mohamed Ali,2024,9,September
INV103083,2024-09-06,Hodan-Taleex,Household,Dish Soap 500ml,Regular,Female,2,1.34,2.68,Evc Plus,Amina Hassan,2024,9,September
INV103004,2024-09-06,Hamar Weyne,Bakery,Cupcake,Member,Female,7,0.6,4.2,Evc Plus,Khadija Omar,2024,9,September
INV103065,2024-09-06,Laba Dhagax,Snacks,Biscuit Snack Pack,Regular,Female,1,0.79,0.79,Visa,Yusuf Farah,2024,9,September
INV103034,2024-09-06,Hodan-Taleex,Fruits,Watermelon (each),Regular,Female,5,2.16,10.8,Visa,Abdirahman Nur,2024,9,September
INV102920,2024-09-06,Hodan-Taleex,Snacks,Biscuit Snack Pack,Member,Female,5,0.7,3.5,Evc Plus,Fadumo Yusuf,2024,9,September
INV102984,2024-09-06,Hamar Weyne,Fruits,Apple (kg),Member,Male,2,2.37,4.74,Visa,Ahmed Abdi,2024,9,September
INV102891,2024-09-06,Laba Dhagax,Dairy,Yogurt 500g,Member,Female,6,1.37,8.22,Evc Plus,Sahra Ibrahim,2024,9,September
INV103090,2024-09-06,Hodan-Taleex,Household,Laundry Detergent 1kg,Member,Female,2,2.63,5.26,Evc Plus,Mohamed Ali,2024,9,September
INV103052,2024-09-06,Hodan-Taleex,Beverages,Soft Drink Cola 500ml,Member,Female,2,0.97,1.94,Evc Plus,Abdirahman Nur,2024,9,September
INV102925,2024-09-06,Hamar Weyne,Vegetables,Tomato (kg),Regular,Female,5,1.17,5.85,Cash,Ahmed Abdi,2024,9,September
INV102916,2024-09-06,Hamar Weyne,Personal Care,Toothpaste,Member,Male,3,2.03,6.09,Evc Plus,Khadija Omar,2024,9,September
INV102935,2024-09-07,Hodan-Taleex,Beverages,Apple Juice 1L,Regular,Female,1,1.85,1.85,Zaad,Abdirahman Nur,2024,9,September
INV102778,2024-09-07,Hamar Weyne,Bakery,Cupcake,Regular,Male,5,0.6,3.0,Evc Plus,Khadija Omar,2024,9,September
INV102853,2024-09-07,Hodan-Taleex,Fruits,Apple (kg),Regular,Male,4,2.3,9.2,Visa,Mohamed Ali,2024,9,September
INV103001,2024-09-07,Laba Dhagax,Snacks,Peanuts 200g,Regular,Female,2,1.13,2.26,Zaad,Yusuf Farah,2024,9,September
INV102790,2024-09-07,Hamar Weyne,Snacks,Biscuit Snack Pack,Regular,Male,1,0.62,0.62,Evc Plus,Ahmed Abdi,2024,9,September
INV102928,2024-09-07,Laba Dhagax,Fruits,Apple (kg),Member,Female,3,2.25,6.75,Zaad,Sahra Ibrahim,2024,9,September
INV102870,2024-09-07,Hodan-Taleex,Snacks,Biscuit Snack Pack,Regular,Male,3,0.99,2.97,Cash,Mohamed Ali,2024,9,September
INV102884,2024-09-07,Hodan-Taleex,Bakery,Brown Bread,Member,Male,7,0.97,6.79,Evc Plus,Fadumo Yusuf,2024,9,September
INV103074,2024-09-07,Hodan-Taleex,Personal Care,Shampoo 400ml,Member,Male,3,3.98,11.94,Zaad,Abdirahman Nur,2024,9,September
INV103079,2024-09-07,Hamar Weyne,Bakery,Cupcake,Member,Male,8,0.7,5.6,Evc Plus,Ahmed Abdi,2024,9,September
INV102899,2024-09-07,Hamar Weyne,Personal Care,Bar Soap,Regular,Female,2,0.89,1.78,Cash,Ahmed Abdi,2024,9,September
INV103002,2024-09-08,Hodan-Taleex,Household,Laundry Detergent 1kg,Regular,Female,1,2.99,2.99,Evc Plus,Amina Hassan,2024,9,September
INV103044,2024-09-08,Laba Dhagax,Household,Dish Soap 500ml,Member,Male,3,1.77,5.31,Zaad,Sahra Ibrahim,2024,9,September
INV102913,2024-09-08,Hodan-Taleex,Dairy,Fresh Cream 200ml,Member,Female,5,2.39,11.95,Evc Plus,Mohamed Ali,2024,9,September
INV102977,2024-09-08,Hodan-Taleex,Dairy,Fresh Cream 200ml,Regular,Female,6,1.82,10.92,Evc Plus,Amina Hassan,2024,9,September
INV103058,2024-09-08,Laba Dhagax,Beverages,Orange Juice 1L,Member,Male,7,1.99,13.93,Evc Plus,Sahra Ibrahim,2024,9,September
INV102960,2024-09-08,Hodan-Taleex,Household,Rice 5kg,Member,Male,5,7.79,38.95,Evc Plus,Abdirahman Nur,2024,9,September
INV102860,2024-09-08,Hodan-Taleex,Vegetables,Tomato (kg),Member,Female,6,1.12,6.72,Evc Plus,Fadumo Yusuf,2024,9,September
INV103080,2024-09-08,Hodan-Taleex,Fruits,Orange (kg),Regular,Male,1,1.4,1.4,Zaad,Abdirahman Nur,2024,9,September
INV102829,2024-09-08,Hamar Weyne,Vegetables,Cucumber (kg),Regular,Female,5,0.64,3.2,Evc Plus,Hodan Warsame,2024,9,September
INV102907,2024-09-08,Laba Dhagax,Beverages,Apple Juice 1L,Regular,Female,3,1.55,4.65,Evc Plus,Sahra Ibrahim,2024,9,September
INV102857,2024-09-08,Hodan-Taleex,Dairy,Yogurt 500g,Member,Female,8,1.83,14.64,Evc Plus,Mohamed Ali,2024,9,September
INV103091,2024-09-08,Hodan-Taleex,Beverages,Sprite 500ml,Regular,Male,4,0.8,3.2,Zaad,Mohamed Ali,2024,9,September
INV102839,2024-09-08,Hodan-Taleex,Personal Care,Hand Sanitizer 100ml,Member,Female,2,1.5,3.0,Cash,Mohamed Ali,2024,9,September
INV103000,2024-09-08,Laba Dhagax,Snacks,Candy Pack,Member,Female,8,0.55,4.4,Cash,Sahra Ibrahim,2024,9,September
INV102994,2024-09-08,Hodan-Taleex,Household,Sugar 2kg,Regular,Male,3,3.0,9.0,Zaad,Abdirahman Nur,2024,9,September
INV102950,2024-09-08,Hamar Weyne,Household,Rice 5kg,Regular,Female,5,8.83,44.15,Evc Plus,Ahmed Abdi,2024,9,September
INV103023,2024-09-09,Hodan-Taleex,Personal Care,Bar Soap,Regular,Female,4,1.0,4.0,Evc Plus,Mohamed Ali,2024,9,September
INV102948,2024-09-09,Laba Dhagax,Fruits,Orange (kg),Member,Female,8,1.38,11.04,Cash,Yusuf Farah,2024,9,September
INV103051,2024-09-09,Hamar Weyne,Bakery,Donut,Regular,Male,4,0.8,3.2,Evc Plus,Khadija Omar,2024,9,September
INV102917,2024-09-09,Hodan-Taleex,Beverages,Bottled Water 500ml,Member,Female,8,0.35,2.8,Zaad,Mohamed Ali,2024,9,September
INV102904,2024-09-09,Hamar Weyne,Personal Care,Toothpaste,Regular,Female,4,1.59,6.36,Evc Plus,Khadija Omar,2024,9,September
INV103066,2024-09-09,Hodan-Taleex,Personal Care,Toothpaste,Regular,Female,6,2.26,13.56,Cash,Amina Hassan,2024,9,September
INV102905,2024-09-09,Hamar Weyne,Dairy,Cheese 200g,Regular,Female,3,3.87,11.61,Cash,Khadija Omar,2024,9,September
INV103059,2024-09-09,Hodan-Taleex,Bakery,White Bread,Member,Female,7,0.75,5.25,Evc Plus,Mohamed Ali,2024,9,September
INV102895,2024-09-09,Hodan-Taleex,Household,Cooking Oil 1L,Regular,Female,1,3.31,3.31,Evc Plus,Abdirahman Nur,2024,9,September
INV102914,2024-09-09,Hamar Weyne,Bakery,Donut,Regular,Male,1,0.91,0.91,Evc Plus,Hodan Warsame,2024,9,September
INV103009,2024-09-09,Hamar Weyne,Vegetables,Cabbage (each),Member,Male,5,1.2,6.0,Zaad,Ahmed Abdi,2024,9,September
INV103027,2024-09-09,Hamar Weyne,Beverages,Coffee 200g,Member,Female,2,2.69,5.38,Evc Plus,Ahmed Abdi,2024,9,September
INV103078,2024-09-09,Hodan-Taleex,Household,Sugar 2kg,Regular,Male,1,2.57,2.57,Evc Plus,Fadumo Yusuf,2024,9,September
INV102877,2024-09-09,Hodan-Taleex,Snacks,Biscuit Snack Pack,Regular,Female,5,0.74,3.7,Zaad,Fadumo Yusuf,2024,9,September
INV102792,2024-09-09,Hamar Weyne,Fruits,Banana (kg),Regular,Male,1,0.95,0.95,Evc Plus,Hodan Warsame,2024,9,September
INV102864,2024-09-09,Hamar Weyne,Personal Care,Hand Sanitizer 100ml,Regular,Male,3,1.48,4.44,Evc Plus,Hodan Warsame,2024,9,September
INV102955,2024-09-10,Laba Dhagax,Vegetables,Onion (kg),Regular,Female,4,0.88,3.52,Evc Plus,Yusuf Farah,2024,9,September
INV103025,2024-09-10,Hodan-Taleex,Personal Care,Toothbrush,Regular,Female,4,0.82,3.28,Evc Plus,Fadumo Yusuf,2024,9,September
INV102850,2024-09-10,Hodan-Taleex,Snacks,Peanuts 200g,Member,Male,3,0.92,2.76,Evc Plus,Amina Hassan,2024,9,September
INV103022,2024-09-10,Hodan-Taleex,Dairy,Fresh Cream 200ml,Regular,Male,1,1.55,1.55,Evc Plus,Abdirahman Nur,2024,9,September
INV103060,2024-09-10,Hamar Weyne,Beverages,Coffee 200g,Regular,Female,6,3.53,21.18,Evc Plus,Ahmed Abdi,2024,9,September
INV102852,2024-09-10,Hodan-Taleex,Bakery,White Bread,Regular,Female,5,0.81,4.05,Zaad,Amina Hassan,2024,9,September
INV102872,2024-09-10,Hodan-Taleex,Personal Care,Hand Sanitizer 100ml,Member,Male,8,1.97,15.76,Cash,Mohamed Ali,2024,9,September
INV102823,2024-09-10,Hodan-Taleex,Fruits,Mango (kg),Regular,Female,1,1.76,1.76,Evc Plus,Abdirahman Nur,2024,9,September
INV102952,2024-09-10,Hamar Weyne,Snacks,Potato Chips,Regular,Female,1,1.23,1.23,Evc Plus,Khadija Omar,2024,9,September
INV103021,2024-09-10,Laba Dhagax,Bakery,White Bread,Regular,Male,6,0.73,4.38,Visa,Yusuf Farah,2024,9,September
INV103039,2024-09-10,Hodan-Taleex,Dairy,Milk 1L,Regular,Female,2,1.66,3.32,Zaad,Abdirahman Nur,2024,9,September
INV102819,2024-09-10,Laba Dhagax,Snacks,Potato Chips,Member,Male,2,1.1,2.2,Zaad,Sahra Ibrahim,2024,9,September
INV103055,2024-09-10,Hamar Weyne,Vegetables,Cucumber (kg),Member,Male,6,0.78,4.68,Cash,Hodan Warsame,2024,9,September
INV102892,2024-09-10,Hodan-Taleex,Dairy,Eggs Tray (30pcs),Member,Male,2,3.98,7.96,Evc Plus,Mohamed Ali,2024,9,September
INV102836,2024-09-11,Hamar Weyne,Dairy,Fresh Cream 200ml,Member,Male,2,1.79,3.58,Zaad,Khadija Omar,2024,9,September
INV102830,2024-09-11,Hamar Weyne,Personal Care,Shampoo 400ml,Member,Male,5,3.26,16.3,Evc Plus,Ahmed Abdi,2024,9,September
INV102961,2024-09-11,Hamar Weyne,Dairy,Yogurt 500g,Regular,Male,3,1.36,4.08,Evc Plus,Khadija Omar,2024,9,September
INV102985,2024-09-11,Hodan-Taleex,Vegetables,Onion (kg),Regular,Male,4,1.04,4.16,Evc Plus,Fadumo Yusuf,2024,9,September
INV102873,2024-09-11,Laba Dhagax,Household,Laundry Detergent 1kg,Member,Female,7,3.31,23.17,Evc Plus,Sahra Ibrahim,2024,9,September
INV102881,2024-09-11,Laba Dhagax,Household,Sugar 2kg,Regular,Male,4,2.52,10.08,Evc Plus,Yusuf Farah,2024,9,September
INV102814,2024-09-11,Hodan-Taleex,Personal Care,Toothbrush,Member,Male,7,1.3,9.1,Evc Plus,Mohamed Ali,2024,9,September
INV102958,2024-09-11,Hodan-Taleex,Bakery,Croissant,Regular,Female,4,1.29,5.16,Evc Plus,Abdirahman Nur,2024,9,September
INV102982,2024-09-11,Laba Dhagax,Household,Dish Soap 500ml,Member,Female,8,1.77,14.16,Cash,Yusuf Farah,2024,9,September
INV102869,2024-09-11,Hodan-Taleex,Dairy,Fresh Cream 200ml,Regular,Male,3,2.43,7.29,Zaad,Fadumo Yusuf,2024,9,September
INV102934,2024-09-12,Hodan-Taleex,Fruits,Grapes (kg),Regular,Female,1,3.4,3.4,Evc Plus,Abdirahman Nur,2024,9,September
INV102804,2024-09-12,Hodan-Taleex,Snacks,Candy Pack,Regular,Male,3,0.76,2.28,Cash,Abdirahman Nur,2024,9,September
INV102933,2024-09-12,Hodan-Taleex,Bakery,Croissant,Regular,Male,3,0.99,2.97,Evc Plus,Mohamed Ali,2024,9,September
INV102815,2024-09-12,Hamar Weyne,Bakery,White Bread,Regular,Female,6,0.93,5.58,Evc Plus,Khadija Omar,2024,9,September
INV102782,2024-09-12,Hodan-Taleex,Personal Care,Bar Soap,Regular,Male,5,0.91,4.55,Visa,Fadumo Yusuf,2024,9,September
INV103081,2024-09-12,Hodan-Taleex,Beverages,Bottled Water 500ml,Regular,Female,6,0.4,2.4,Zaad,Fadumo Yusuf,2024,9,September
INV102926,2024-09-12,Hodan-Taleex,Bakery,Brown Bread,Regular,Male,2,0.73,1.46,Evc Plus,Abdirahman Nur,2024,9,September
INV103016,2024-09-12,Hodan-Taleex,Snacks,Peanuts 200g,Member,Female,5,0.99,4.95,Zaad,Abdirahman Nur,2024,9,September
INV102927,2024-09-12,Hamar Weyne,Bakery,White Bread,Member,Female,5,0.75,3.75,Evc Plus,Khadija Omar,2024,9,September
INV102848,2024-09-12,Hamar Weyne,Bakery,Donut,Regular,Female,6,1.0,6.0,Zaad,Ahmed Abdi,2024,9,September
INV102897,2024-09-13,Hodan-Taleex,Fruits,Apple (kg),Member,Male,5,2.01,10.05,Evc Plus,Fadumo Yusuf,2024,9,September
INV102923,2024-09-13,Hamar Weyne,Snacks,Potato Chips,Member,Female,6,1.02,6.12,Evc Plus,Ahmed Abdi,2024,9,September
INV102789,2024-09-13,Hamar Weyne,Beverages,Bottled Water 500ml,Regular,Female,1,0.39,0.39,Evc Plus,Hodan Warsame,2024,9,September
INV102942,2024-09-13,Hodan-Taleex,Bakery,Croissant,Regular,Male,2,0.85,1.7,Evc Plus,Fadumo Yusuf,2024,9,September
INV103013,2024-09-13,Hodan-Taleex,Vegetables,Cucumber (kg),Regular,Female,1,0.74,0.74,Zaad,Mohamed Ali,2024,9,September
INV102811,2024-09-13,Hodan-Taleex,Snacks,Biscuit Snack Pack,Regular,Male,2,0.93,1.86,Evc Plus,Mohamed Ali,2024,9,September
INV102878,2024-09-13,Hodan-Taleex,Dairy,Butter 250g,Member,Male,5,3.22,16.1,Evc Plus,Amina Hassan,2024,9,September
INV102805,2024-09-13,Hodan-Taleex,Fruits,Apple (kg),Regular,Female,4,1.67,6.68,Evc Plus,Mohamed Ali,2024,9,September
INV103050,2024-09-13,Hodan-Taleex,Vegetables,Carrot (kg),Regular,Male,6,0.77,4.62,Zaad,Fadumo Yusuf,2024,9,September
INV102854,2024-09-13,Laba Dhagax,Vegetables,Cucumber (kg),Member,Female,3,0.64,1.92,Cash,Yusuf Farah,2024,9,September
INV103045,2024-09-13,Hamar Weyne,Personal Care,Toothbrush,Member,Male,7,0.85,5.95,Visa,Hodan Warsame,2024,9,September
INV103042,2024-09-13,Laba Dhagax,Dairy,Butter 250g,Member,Female,2,3.47,6.94,Cash,Yusuf Farah,2024,9,September
INV102785,2024-09-13,Laba Dhagax,Fruits,Orange (kg),Regular,Male,4,1.76,7.04,Evc Plus,Sahra Ibrahim,2024,9,September
INV103095,2024-09-13,Hamar Weyne,Personal Care,Hand Sanitizer 100ml,Member,Male,3,1.61,4.83,Visa,Ahmed Abdi,2024,9,September
INV102843,2024-09-14,Hodan-Taleex,Personal Care,Shampoo 400ml,Regular,Female,6,3.59,21.54,Zaad,Amina Hassan,2024,9,September
INV102844,2024-09-14,Hamar Weyne,Beverages,Apple Juice 1L,Regular,Female,4,2.06,8.24,Evc Plus,Khadija Omar,2024,9,September
INV102880,2024-09-14,Hodan-Taleex,Snacks,Chocolate Bar,Regular,Female,2,0.76,1.52,Zaad,Fadumo Yusuf,2024,9,September
INV102862,2024-09-14,Hodan-Taleex,Dairy,Yogurt 500g,Regular,Female,4,1.97,7.88,Evc Plus,Mohamed Ali,2024,9,September
INV102993,2024-09-14,Hodan-Taleex,Household,Rice 5kg,Regular,Male,4,8.99,35.96,Zaad,Abdirahman Nur,2024,9,September
INV102890,2024-09-14,Hodan-Taleex,Snacks,Potato Chips,Member,Male,2,0.87,1.74,Visa,Fadumo Yusuf,2024,9,September
INV102983,2024-09-14,Hamar Weyne,Bakery,Brown Bread,Regular,Female,6,1.09,6.54,Evc Plus,Khadija Omar,2024,9,September
INV102842,2024-09-14,Hodan-Taleex,Vegetables,Carrot (kg),Regular,Female,3,1.1,3.3,Evc Plus,Amina Hassan,2024,9,September
INV102871,2024-09-14,Hodan-Taleex,Snacks,Popcorn Pack,Regular,Female,3,0.81,2.43,Cash,Fadumo Yusuf,2024,9,September
INV103054,2024-09-14,Hodan-Taleex,Dairy,Fresh Cream 200ml,Regular,Male,3,1.78,5.34,Zaad,Amina Hassan,2024,9,September
INV103053,2024-09-14,Laba Dhagax,Beverages,Soft Drink Cola 500ml,Regular,Female,5,0.89,4.45,Zaad,Sahra Ibrahim,2024,9,September
INV103031,2024-09-14,Hodan-Taleex,Personal Care,Body Lotion 200ml,Member,Male,4,3.88,15.52,Evc Plus,Abdirahman Nur,2024,9,September
INV102849,2024-09-14,Hodan-Taleex,Vegetables,Cucumber (kg),Regular,Male,6,0.67,4.02,Visa,Fadumo Yusuf,2024,9,September
INV102909,2024-09-15,Laba Dhagax,Dairy,Butter 250g,Regular,Male,5,3.4,17.0,Evc Plus,Sahra Ibrahim,2024,9,September
INV102941,2024-09-15,Hodan-Taleex,Bakery,Croissant,Regular,Female,3,1.13,3.39,Evc Plus,Amina Hassan,2024,9,September
INV103076,2024-09-15,Laba Dhagax,Bakery,White Bread,Regular,Female,6,0.84,5.04,Cash,Yusuf Farah,2024,9,September
INV102817,2024-09-15,Hodan-Taleex,Personal Care,Bar Soap,Regular,Male,2,0.82,1.64,Zaad,Abdirahman Nur,2024,9,September
INV102797,2024-09-15,Hamar Weyne,Beverages,Orange Juice 1L,Member,Male,5,1.93,9.65,Zaad,Khadija Omar,2024,9,September
INV102779,2024-09-15,Hamar Weyne,Dairy,Butter 250g,Regular,Female,1,2.98,2.98,Cash,Khadija Omar,2024,9,September
INV103057,2024-09-15,Hodan-Taleex,Fruits,Grapes (kg),Member,Female,3,3.22,9.66,Evc Plus,Abdirahman Nur,2024,9,September
INV102808,2024-09-15,Hodan-Taleex,Bakery,Brown Bread,Member,Female,4,0.96,3.84,Evc Plus,Fadumo Yusuf,2024,9,September
INV102922,2024-09-15,Laba Dhagax,Beverages,Sprite 500ml,Member,Female,3,0.75,2.25,Visa,Sahra Ibrahim,2024,9,September
INV102803,2024-09-15,Hodan-Taleex,Dairy,Fresh Cream 200ml,Member,Female,2,2.1,4.2,Zaad,Amina Hassan,2024,9,September
INV102833,2024-09-15,Laba Dhagax,Snacks,Chocolate Bar,Regular,Female,1,0.9,0.9,Evc Plus,Sahra Ibrahim,2024,9,September
INV102879,2024-09-15,Hodan-Taleex,Beverages,Sprite 500ml,Regular,Male,3,1.21,3.63,Visa,Amina Hassan,2024,9,September
INV102959,2024-09-16,Laba Dhagax,Bakery,White Bread,Member,Female,3,0.79,2.37,Evc Plus,Yusuf Farah,2024,9,September
INV102799,2024-09-16,Hamar Weyne,Personal Care,Hand Sanitizer 100ml,Regular,Female,6,1.48,8.88,Zaad,Hodan Warsame,2024,9,September
INV102903,2024-09-16,Hamar Weyne,Snacks,Biscuit Snack Pack,Regular,Female,3,0.75,2.25,Evc Plus,Khadija Omar,2024,9,September
INV102979,2024-09-16,Hamar Weyne,Snacks,Peanuts 200g,Regular,Female,6,0.93,5.58,Evc Plus,Ahmed Abdi,2024,9,September
INV102981,2024-09-16,Hodan-Taleex,Beverages,Apple Juice 1L,Member,Female,5,1.69,8.45,Cash,Amina Hassan,2024,9,September
INV102828,2024-09-16,Hodan-Taleex,Household,Laundry Detergent 1kg,Regular,Female,1,3.07,3.07,Cash,Fadumo Yusuf,2024,9,September
INV103024,2024-09-16,Hodan-Taleex,Vegetables,Onion (kg),Regular,Male,5,0.78,3.9,Visa,Fadumo Yusuf,2024,9,September
INV102826,2024-09-16,Hamar Weyne,Fruits,Apple (kg),Member,Female,2,1.76,3.52,Zaad,Khadija Omar,2024,9,September
INV102986,2024-09-16,Hodan-Taleex,Beverages,Apple Juice 1L,Regular,Male,2,2.01,4.02,Cash,Mohamed Ali,2024,9,September
INV102999,2024-09-16,Hodan-Taleex,Beverages,Orange Juice 1L,Regular,Female,5,2.16,10.8,Evc Plus,Abdirahman Nur,2024,9,September
INV102837,2024-09-16,Laba Dhagax,Bakery,White Bread,Member,Male,8,0.63,5.04,Evc Plus,Yusuf Farah,2024,9,September
INV102876,2024-09-16,Hamar Weyne,Bakery,Biscuits Pack,Member,Female,4,0.97,3.88,Cash,Khadija Omar,2024,9,September
INV103069,2024-09-16,Laba Dhagax,Fruits,Apple (kg),Member,Male,8,1.84,14.72,Zaad,Sahra Ibrahim,2024,9,September
INV103012,2024-09-17,Laba Dhagax,Beverages,Sprite 500ml,Regular,Male,2,0.92,1.84,Zaad,Sahra Ibrahim,2024,9,September
INV102777,2024-09-17,Laba Dhagax,Household,Pasta 500g,Regular,Female,3,1.45,4.35,Zaad,Sahra Ibrahim,2024,9,September
INV103049,2024-09-17,Hamar Weyne,Fruits,Watermelon (each),Regular,Female,4,2.57,10.28,Evc Plus,Hodan Warsame,2024,9,September
INV102896,2024-09-17,Hamar Weyne,Household,Laundry Detergent 1kg,Member,Female,5,3.68,18.4,Evc Plus,Hodan Warsame,2024,9,September
INV102937,2024-09-17,Hodan-Taleex,Beverages,Soft Drink Cola 500ml,Member,Male,6,0.86,5.16,Evc Plus,Fadumo Yusuf,2024,9,September
INV102996,2024-09-17,Hamar Weyne,Household,Dish Soap 500ml,Member,Female,5,1.41,7.05,Cash,Hodan Warsame,2024,9,September
INV103063,2024-09-17,Hamar Weyne,Household,Cooking Oil 1L,Member,Male,7,3.25,22.75,Cash,Ahmed Abdi,2024,9,September
INV102851,2024-09-17,Laba Dhagax,Personal Care,Toothbrush,Member,Female,2,1.06,2.12,Zaad,Sahra Ibrahim,2024,9,September
INV102951,2024-09-17,Laba Dhagax,Beverages,Orange Juice 1L,Regular,Female,4,1.77,7.08,Evc Plus,Sahra Ibrahim,2024,9,September
INV103037,2024-09-17,Hodan-Taleex,Bakery,Cupcake,Regular,Male,4,0.5,2.0,Cash,Mohamed Ali,2024,9,September
INV102990,2024-09-17,Hamar Weyne,Personal Care,Toothbrush,Regular,Female,5,1.07,5.35,Evc Plus,Ahmed Abdi,2024,9,September
INV102812,2024-09-17,Laba Dhagax,Vegetables,Onion (kg),Regular,Male,5,0.87,4.35,Evc Plus,Sahra Ibrahim,2024,9,September
INV103008,2024-09-17,Laba Dhagax,Bakery,Biscuits Pack,Regular,Male,4,1.04,4.16,Evc Plus,Yusuf Farah,2024,9,September
INV102998,2024-09-18,Hodan-Taleex,Beverages,Soft Drink Cola 500ml,Member,Male,8,1.15,9.2,Evc Plus,Abdirahman Nur,2024,9,September
INV102820,2024-09-18,Hodan-Taleex,Personal Care,Body Lotion 200ml,Regular,Female,3,3.74,11.22,Evc Plus,Mohamed Ali,2024,9,September
INV102908,2024-09-18,Hamar Weyne,Personal Care,Shampoo 400ml,Member,Male,2,3.73,7.46,Evc Plus,Hodan Warsame,2024,9,September
INV102887,2024-09-18,Hodan-Taleex,Snacks,Peanuts 200g,Regular,Female,2,0.89,1.78,Evc Plus,Fadumo Yusuf,2024,9,September
INV103020,2024-09-18,Hodan-Taleex,Household,Rice 5kg,Member,Male,5,7.98,39.9,Evc Plus,Amina Hassan,2024,9,September
INV103073,2024-09-18,Hamar Weyne,Beverages,Sprite 500ml,Regular,Male,6,1.24,7.44,Visa,Ahmed Abdi,2024,9,September
INV102776,2024-09-18,Laba Dhagax,Snacks,Chocolate Bar,Member,Male,5,0.73,3.65,Cash,Yusuf Farah,2024,9,September
INV102883,2024-09-18,Hodan-Taleex,Beverages,Apple Juice 1L,Member,Male,4,1.61,6.44,Zaad,Amina Hassan,2024,9,September
INV102831,2024-09-18,Laba Dhagax,Household,Sugar 2kg,Member,Female,2,2.39,4.78,Evc Plus,Sahra Ibrahim,2024,9,September
INV103070,2024-09-18,Hamar Weyne,Snacks,Candy Pack,Regular,Female,4,0.59,2.36,Zaad,Hodan Warsame,2024,9,September
INV103072,2024-09-18,Hodan-Taleex,Vegetables,Onion (kg),Member,Male,3,0.83,2.49,Evc Plus,Mohamed Ali,2024,9,September
INV103028,2024-09-19,Hodan-Taleex,Fruits,Apple (kg),Member,Male,3,2.08,6.24,Visa,Fadumo Yusuf,2024,9,September
INV103040,2024-09-19,Laba Dhagax,Bakery,Brown Bread,Regular,Female,5,0.86,4.3,Cash,Yusuf Farah,2024,9,September
INV103098,2024-09-19,Hamar Weyne,Snacks,Peanuts 200g,Regular,Female,4,1.35,5.4,Zaad,Hodan Warsame,2024,9,September
INV102795,2024-09-19,Hamar Weyne,Vegetables,Cabbage (each),Regular,Female,3,0.81,2.43,Evc Plus,Hodan Warsame,2024,9,September
INV103075,2024-09-19,Hamar Weyne,Beverages,Coffee 200g,Member,Male,4,2.52,10.08,Cash,Khadija Omar,2024,9,September
INV102966,2024-09-19,Hodan-Taleex,Fruits,Banana (kg),Member,Female,2,0.82,1.64,Zaad,Mohamed Ali,2024,9,September
INV102991,2024-09-19,Hodan-Taleex,Vegetables,Potato (kg),Regular,Male,4,0.99,3.96,Evc Plus,Mohamed Ali,2024,9,September
INV103017,2024-09-19,Laba Dhagax,Beverages,Apple Juice 1L,Regular,Male,4,1.69,6.76,Visa,Sahra Ibrahim,2024,9,September
INV102865,2024-09-20,Hodan-Taleex,Household,Flour 2kg,Regular,Female,3,2.8,8.4,Zaad,Abdirahman Nur,2024,9,September
INV102885,2024-09-20,Hodan-Taleex,Household,Dish Soap 500ml,Regular,Male,1,1.29,1.29,Evc Plus,Amina Hassan,2024,9,September
INV103014,2024-09-20,Hodan-Taleex,Beverages,Coffee 200g,Member,Female,3,2.84,8.52,Evc Plus,Abdirahman Nur,2024,9,September
INV102969,2024-09-20,Hamar Weyne,Beverages,Sprite 500ml,Regular,Female,2,0.78,1.56,Zaad,Ahmed Abdi,2024,9,September
INV102968,2024-09-20,Laba Dhagax,Snacks,Potato Chips,Regular,Male,3,1.05,3.15,Visa,Yusuf Farah,2024,9,September
INV102788,2024-09-20,Hodan-Taleex,Beverages,Sprite 500ml,Member,Male,2,1.18,2.36,Evc Plus,Mohamed Ali,2024,9,September
INV103026,2024-09-20,Hamar Weyne,Bakery,Biscuits Pack,Regular,Male,2,1.45,2.9,Visa,Khadija Omar,2024,9,September
INV102827,2024-09-20,Hamar Weyne,Personal Care,Body Lotion 200ml,Regular,Male,4,3.53,14.12,Evc Plus,Khadija Omar,2024,9,September
INV103092,2024-09-20,Hodan-Taleex,Dairy,Eggs Tray (30pcs),Regular,Female,4,3.81,15.24,Evc Plus,Mohamed Ali,2024,9,September
INV102824,2024-09-20,Hodan-Taleex,Fruits,Grapes (kg),Member,Female,3,2.96,8.88,Evc Plus,Fadumo Yusuf,2024,9,September
INV102841,2024-09-20,Hodan-Taleex,Beverages,Coffee 200g,Regular,Male,2,2.76,5.52,Evc Plus,Amina Hassan,2024,9,September
INV102938,2024-09-20,Hodan-Taleex,Beverages,Orange Juice 1L,Regular,Female,4,1.83,7.32,Evc Plus,Fadumo Yusuf,2024,9,September
INV102886,2024-09-20,Hodan-Taleex,Dairy,Fresh Cream 200ml,Regular,Female,2,1.73,3.46,Evc Plus,Fadumo Yusuf,2024,9,September
INV103082,2024-09-21,Hamar Weyne,Snacks,Peanuts 200g,Regular,Male,1,1.24,1.24,Cash,Khadija Omar,2024,9,September
INV102861,2024-09-21,Hodan-Taleex,Vegetables,Cucumber (kg),Regular,Female,6,0.95,5.7,Cash,Mohamed Ali,2024,9,September
INV103046,2024-09-21,Hamar Weyne,Dairy,Milk 1L,Regular,Female,1,1.46,1.46,Evc Plus,Hodan Warsame,2024,9,September
INV102809,2024-09-21,Hodan-Taleex,Beverages,Apple Juice 1L,Member,Female,6,2.42,14.52,Evc Plus,Mohamed Ali,2024,9,September
INV102906,2024-09-21,Laba Dhagax,Bakery,Cupcake,Regular,Male,2,0.84,1.68,Zaad,Yusuf Farah,2024,9,September
INV102791,2024-09-21,Hodan-Taleex,Vegetables,Potato (kg),Regular,Female,1,0.71,0.71,Evc Plus,Mohamed Ali,2024,9,September
INV103048,2024-09-21,Hodan-Taleex,Dairy,Milk 1L,Regular,Female,2,1.12,2.24,Zaad,Fadumo Yusuf,2024,9,September
INV102875,2024-09-21,Hamar Weyne,Household,Pasta 500g,Regular,Male,2,1.48,2.96,Evc Plus,Khadija Omar,2024,9,September
INV102972,2024-09-21,Hodan-Taleex,Vegetables,Carrot (kg),Member,Female,6,0.85,5.1,Evc Plus,Abdirahman Nur,2024,9,September
INV102806,2024-09-22,Hodan-Taleex,Vegetables,Cabbage (each),Regular,Female,3,0.89,2.67,Zaad,Fadumo Yusuf,2024,9,September
INV102798,2024-09-22,Hodan-Taleex,Bakery,Biscuits Pack,Regular,Male,5,1.43,7.15,Zaad,Abdirahman Nur,2024,9,September
INV102978,2024-09-22,Hodan-Taleex,Vegetables,Potato (kg),Member,Female,2,0.97,1.94,Zaad,Abdirahman Nur,2024,9,September
INV102793,2024-09-22,Hodan-Taleex,Dairy,Milk 1L,Member,Male,7,1.6,11.2,Zaad,Abdirahman Nur,2024,9,September
INV102845,2024-09-22,Hamar Weyne,Beverages,Sprite 500ml,Regular,Male,3,1.19,3.57,Zaad,Hodan Warsame,2024,9,September
INV102813,2024-09-22,Hodan-Taleex,Snacks,Biscuit Snack Pack,Member,Male,4,0.97,3.88,Zaad,Amina Hassan,2024,9,September
INV103085,2024-09-22,Hodan-Taleex,Bakery,Donut,Member,Male,4,0.78,3.12,Visa,Mohamed Ali,2024,9,September
INV102949,2024-09-22,Hodan-Taleex,Household,Pasta 500g,Regular,Female,5,1.12,5.6,Cash,Fadumo Yusuf,2024,9,September
INV102796,2024-09-22,Hodan-Taleex,Beverages,Sprite 500ml,Regular,Male,2,0.78,1.56,Evc Plus,Abdirahman Nur,2024,9,September
INV103062,2024-09-22,Hamar Weyne,Dairy,Fresh Cream 200ml,Regular,Female,2,2.26,4.52,Zaad,Hodan Warsame,2024,9,September
INV103015,2024-09-22,Laba Dhagax,Personal Care,Hand Sanitizer 100ml,Member,Male,7,1.43,10.01,Evc Plus,Yusuf Farah,2024,9,September
INV102989,2024-09-22,Hamar Weyne,Vegetables,Cucumber (kg),Regular,Male,2,0.66,1.32,Zaad,Hodan Warsame,2024,9,September
INV103036,2024-09-23,Hodan-Taleex,Household,Pasta 500g,Member,Male,5,1.17,5.85,Visa,Amina Hassan,2024,9,September
INV102900,2024-09-23,Hamar Weyne,Fruits,Apple (kg),Regular,Female,4,1.77,7.08,Zaad,Hodan Warsame,2024,9,September
INV102954,2024-09-23,Hamar Weyne,Dairy,Yogurt 500g,Regular,Female,2,2.13,4.26,Visa,Hodan Warsame,2024,9,September
INV102924,2024-09-23,Hodan-Taleex,Household,Flour 2kg,Member,Female,8,2.53,20.24,Evc Plus,Abdirahman Nur,2024,9,September
INV102867,2024-09-23,Hamar Weyne,Household,Rice 5kg,Regular,Male,4,7.51,30.04,Evc Plus,Ahmed Abdi,2024,9,September
INV102970,2024-09-23,Hamar Weyne,Bakery,Cupcake,Regular,Male,4,0.74,2.96,Cash,Khadija Omar,2024,9,September
INV102971,2024-09-23,Hamar Weyne,Beverages,Apple Juice 1L,Regular,Female,3,2.17,6.51,Cash,Khadija Omar,2024,9,September
INV102931,2024-09-23,Laba Dhagax,Vegetables,Carrot (kg),Member,Female,5,0.9,4.5,Evc Plus,Sahra Ibrahim,2024,9,September
INV103096,2024-09-23,Hamar Weyne,Vegetables,Cabbage (each),Regular,Male,5,0.87,4.35,Visa,Ahmed Abdi,2024,9,September
INV102802,2024-09-24,Hamar Weyne,Vegetables,Potato (kg),Regular,Female,2,0.89,1.78,Evc Plus,Ahmed Abdi,2024,9,September
INV102889,2024-09-24,Hamar Weyne,Dairy,Milk 1L,Regular,Male,2,1.07,2.14,Zaad,Khadija Omar,2024,9,September
INV103003,2024-09-24,Hodan-Taleex,Beverages,Orange Juice 1L,Regular,Male,2,2.43,4.86,Evc Plus,Abdirahman Nur,2024,9,September
INV102816,2024-09-24,Hamar Weyne,Vegetables,Tomato (kg),Regular,Female,2,0.99,1.98,Cash,Ahmed Abdi,2024,9,September
INV102781,2024-09-24,Laba Dhagax,Beverages,Coffee 200g,Regular,Male,2,4.02,8.04,Evc Plus,Yusuf Farah,2024,9,September
INV102976,2024-09-24,Hamar Weyne,Bakery,Croissant,Regular,Male,4,0.86,3.44,Evc Plus,Hodan Warsame,2024,9,September
INV102962,2024-09-24,Hodan-Taleex,Beverages,Black Tea Pack,Regular,Male,1,1.08,1.08,Zaad,Abdirahman Nur,2024,9,September
INV102859,2024-09-24,Laba Dhagax,Personal Care,Hand Sanitizer 100ml,Member,Female,2,1.39,2.78,Zaad,Yusuf Farah,2024,9,September
INV103018,2024-09-24,Hamar Weyne,Beverages,Orange Juice 1L,Member,Female,7,1.84,12.88,Evc Plus,Khadija Omar,2024,9,September
INV102810,2024-09-24,Laba Dhagax,Household,Sugar 2kg,Member,Female,6,2.76,16.56,Evc Plus,Sahra Ibrahim,2024,9,September
INV102794,2024-09-24,Hodan-Taleex,Vegetables,Cucumber (kg),Regular,Male,1,0.65,0.65,Evc Plus,Amina Hassan,2024,9,September
INV102915,2024-09-25,Hodan-Taleex,Snacks,Candy Pack,Member,Male,8,0.69,5.52,Zaad,Mohamed Ali,2024,9,September
INV103087,2024-09-25,Hamar Weyne,Dairy,Milk 1L,Member,Female,7,1.61,11.27,Evc Plus,Ahmed Abdi,2024,9,September
INV103029,2024-09-25,Hodan-Taleex,Dairy,Cheese 200g,Member,Male,4,2.97,11.88,Evc Plus,Amina Hassan,2024,9,September
INV102921,2024-09-25,Hodan-Taleex,Personal Care,Shampoo 400ml,Regular,Male,2,3.78,7.56,Zaad,Amina Hassan,2024,9,September
INV103064,2024-09-25,Laba Dhagax,Bakery,Croissant,Regular,Male,3,1.18,3.54,Evc Plus,Sahra Ibrahim,2024,9,September
INV102866,2024-09-25,Hamar Weyne,Fruits,Banana (kg),Regular,Female,5,1.04,5.2,Evc Plus,Khadija Omar,2024,9,September
INV102912,2024-09-26,Hodan-Taleex,Beverages,Black Tea Pack,Member,Male,6,1.65,9.9,Cash,Mohamed Ali,2024,9,September
INV102838,2024-09-26,Hamar Weyne,Dairy,Yogurt 500g,Regular,Male,4,1.98,7.92,Zaad,Khadija Omar,2024,9,September
INV103093,2024-09-26,Hodan-Taleex,Vegetables,Carrot (kg),Regular,Female,2,1.01,2.02,Evc Plus,Mohamed Ali,2024,9,September
INV102929,2024-09-26,Hamar Weyne,Personal Care,Hand Sanitizer 100ml,Regular,Male,4,2.07,8.28,Evc Plus,Khadija Omar,2024,9,September
INV103010,2024-09-26,Hodan-Taleex,Fruits,Mango (kg),Regular,Male,3,1.34,4.02,Evc Plus,Amina Hassan,2024,9,September
INV102882,2024-09-26,Hodan-Taleex,Bakery,Brown Bread,Regular,Male,1,0.84,0.84,Evc Plus,Amina Hassan,2024,9,September
INV102818,2024-09-26,Hodan-Taleex,Personal Care,Bar Soap,Regular,Male,6,0.5,3.0,Evc Plus,Mohamed Ali,2024,9,September
INV103007,2024-09-26,Hodan-Taleex,Beverages,Bottled Water 500ml,Regular,Male,1,0.53,0.53,Evc Plus,Amina Hassan,2024,9,September
INV102840,2024-09-26,Laba Dhagax,Household,Laundry Detergent 1kg,Regular,Female,2,3.57,7.14,Visa,Yusuf Farah,2024,9,September
INV102953,2024-09-26,Hodan-Taleex,Beverages,Coffee 200g,Member,Male,6,2.95,17.7,Zaad,Fadumo Yusuf,2024,9,September
INV102939,2024-09-26,Hamar Weyne,Fruits,Mango (kg),Regular,Female,3,1.49,4.47,Zaad,Khadija Omar,2024,9,September
INV102944,2024-09-26,Hodan-Taleex,Bakery,Donut,Member,Female,6,0.68,4.08,Evc Plus,Mohamed Ali,2024,9,September
INV102957,2024-09-27,Hamar Weyne,Beverages,Sprite 500ml,Member,Female,2,0.97,1.94,Cash,Ahmed Abdi,2024,9,September
INV102783,2024-09-27,Laba Dhagax,Beverages,Soft Drink Cola 500ml,Member,Male,6,1.2,7.2,Evc Plus,Yusuf Farah,2024,9,September
INV102919,2024-09-27,Laba Dhagax,Bakery,Croissant,Regular,Male,2,1.23,2.46,Evc Plus,Yusuf Farah,2024,9,September
INV103088,2024-09-27,Hamar Weyne,Household,Laundry Detergent 1kg,Regular,Female,2,3.53,7.06,Zaad,Khadija Omar,2024,9,September
INV103084,2024-09-27,Hodan-Taleex,Personal Care,Toothbrush,Member,Male,7,0.93,6.51,Zaad,Mohamed Ali,2024,9,September
INV102784,2024-09-27,Hamar Weyne,Dairy,Milk 1L,Regular,Male,3,1.01,3.03,Evc Plus,Khadija Omar,2024,9,September
INV102995,2024-09-27,Hamar Weyne,Dairy,Butter 250g,Regular,Female,6,3.28,19.68,Evc Plus,Khadija Omar,2024,9,September
INV102888,2024-09-27,Hodan-Taleex,Personal Care,Body Lotion 200ml,Member,Male,3,3.71,11.13,Evc Plus,Fadumo Yusuf,2024,9,September
INV103056,2024-09-27,Laba Dhagax,Vegetables,Carrot (kg),Regular,Male,6,1.13,6.78,Evc Plus,Sahra Ibrahim,2024,9,September
INV103067,2024-09-27,Hamar Weyne,Dairy,Eggs Tray (30pcs),Regular,Male,6,4.3,25.8,Cash,Ahmed Abdi,2024,9,September
INV102787,2024-09-28,Hodan-Taleex,Vegetables,Cucumber (kg),Member,Female,8,0.99,7.92,Visa,Abdirahman Nur,2024,9,September
INV103097,2024-09-28,Hodan-Taleex,Beverages,Soft Drink Cola 500ml,Member,Male,7,1.1,7.7,Zaad,Mohamed Ali,2024,9,September
INV102800,2024-09-28,Hodan-Taleex,Dairy,Eggs Tray (30pcs),Regular,Male,6,4.04,24.24,Cash,Mohamed Ali,2024,9,September
INV102858,2024-09-28,Hodan-Taleex,Vegetables,Onion (kg),Member,Male,8,0.82,6.56,Evc Plus,Fadumo Yusuf,2024,9,September
INV102855,2024-09-28,Hamar Weyne,Household,Pasta 500g,Regular,Male,2,1.53,3.06,Evc Plus,Ahmed Abdi,2024,9,September
INV102973,2024-09-28,Hamar Weyne,Vegetables,Tomato (kg),Regular,Female,2,1.1,2.2,Evc Plus,Ahmed Abdi,2024,9,September
INV102910,2024-09-28,Hodan-Taleex,Dairy,Fresh Cream 200ml,Member,Male,8,1.94,15.52,Evc Plus,Mohamed Ali,2024,9,September
INV103006,2024-09-28,Hodan-Taleex,Fruits,Banana (kg),Member,Male,2,1.29,2.58,Visa,Fadumo Yusuf,2024,9,September
INV102874,2024-09-29,Hodan-Taleex,Vegetables,Cabbage (each),Regular,Male,1,1.23,1.23,Evc Plus,Mohamed Ali,2024,9,September
INV103068,2024-09-29,Hodan-Taleex,Beverages,Coffee 200g,Regular,Female,4,3.75,15.0,Evc Plus,Fadumo Yusuf,2024,9,September
INV102894,2024-09-29,Hodan-Taleex,Vegetables,Onion (kg),Member,Female,5,0.68,3.4,Visa,Amina Hassan,2024,9,September
INV102863,2024-09-29,Laba Dhagax,Vegetables,Onion (kg),Regular,Male,5,0.64,3.2,Zaad,Sahra Ibrahim,2024,9,September
INV102975,2024-09-29,Hamar Weyne,Bakery,Croissant,Regular,Male,1,0.83,0.83,Evc Plus,Ahmed Abdi,2024,9,September
INV102967,2024-09-29,Hodan-Taleex,Beverages,Apple Juice 1L,Regular,Male,2,2.29,4.58,Evc Plus,Amina Hassan,2024,9,September
INV102956,2024-09-30,Hamar Weyne,Dairy,Yogurt 500g,Regular,Male,5,1.68,8.4,Zaad,Hodan Warsame,2024,9,September
INV102963,2024-09-30,Hamar Weyne,Bakery,Croissant,Regular,Female,4,1.25,5.0,Evc Plus,Hodan Warsame,2024,9,September
INV102846,2024-09-30,Hodan-Taleex,Vegetables,Cucumber (kg),Member,Female,6,0.97,5.82,Cash,Fadumo Yusuf,2024,9,September
INV103011,2024-09-30,Hodan-Taleex,Snacks,Candy Pack,Regular,Female,6,0.51,3.06,Evc Plus,Mohamed Ali,2024,9,September
INV103094,2024-09-30,Hodan-Taleex,Dairy,Eggs Tray (30pcs),Regular,Female,3,4.71,14.13,Cash,Abdirahman Nur,2024,9,September
INV102868,2024-09-30,Hamar Weyne,Fruits,Orange (kg),Regular,Male,3,1.5,4.5,Evc Plus,Khadija Omar,2024,9,September
INV103005,2024-09-30,Hodan-Taleex,Dairy,Milk 1L,Member,Male,4,1.08,4.32,Evc Plus,Abdirahman Nur,2024,9,September
INV102786,2024-09-30,Hodan-Taleex,Vegetables,Cabbage (each),Member,Female,6,1.25,7.5,Zaad,Fadumo Yusuf,2024,9,September
INV103086,2024-09-30,Hodan-Taleex,Dairy,Cheese 200g,Member,Male,2,2.68,5.36,Evc Plus,Abdirahman Nur,2024,9,September
INV103035,2024-09-30,Hodan-Taleex,Beverages,Black Tea Pack,Regular,Female,2,1.19,2.38,Evc Plus,Mohamed Ali,2024,9,September
INV103480,2024-10-01,Hamar Weyne,Household,Sugar 2kg,Regular,Female,2,3.11,6.22,Evc Plus,Khadija Omar,2024,10,October
INV103124,2024-10-01,Hamar Weyne,Snacks,Peanuts 200g,Regular,Female,5,1.01,5.05,Evc Plus,Ahmed Abdi,2024,10,October
INV103212,2024-10-01,Hamar Weyne,Household,Dish Soap 500ml,Member,Male,6,1.31,7.86,Evc Plus,Khadija Omar,2024,10,October
INV103484,2024-10-01,Laba Dhagax,Bakery,Brown Bread,Regular,Female,5,0.73,3.65,Cash,Yusuf Farah,2024,10,October
INV103201,2024-10-01,Hodan-Taleex,Beverages,Orange Juice 1L,Regular,Male,4,2.25,9.0,Evc Plus,Amina Hassan,2024,10,October
INV103437,2024-10-01,Laba Dhagax,Snacks,Chocolate Bar,Member,Female,3,0.64,1.92,Cash,Yusuf Farah,2024,10,October
INV103131,2024-10-01,Laba Dhagax,Snacks,Popcorn Pack,Regular,Female,4,0.82,3.28,Evc Plus,Sahra Ibrahim,2024,10,October
INV103468,2024-10-02,Hodan-Taleex,Fruits,Watermelon (each),Member,Male,5,2.73,13.65,Evc Plus,Fadumo Yusuf,2024,10,October
INV103125,2024-10-02,Hodan-Taleex,Bakery,Brown Bread,Regular,Male,1,0.81,0.81,Evc Plus,Mohamed Ali,2024,10,October
INV103141,2024-10-02,Laba Dhagax,Household,Cooking Oil 1L,Regular,Male,6,3.53,21.18,Zaad,Yusuf Farah,2024,10,October
INV103334,2024-10-02,Hodan-Taleex,Snacks,Peanuts 200g,Member,Male,3,0.82,2.46,Evc Plus,Amina Hassan,2024,10,October
INV103407,2024-10-02,Hamar Weyne,Bakery,Croissant,Member,Male,5,0.94,4.7,Zaad,Hodan Warsame,2024,10,October
INV103316,2024-10-02,Hodan-Taleex,Fruits,Grapes (kg),Member,Male,7,2.65,18.55,Evc Plus,Abdirahman Nur,2024,10,October
INV103115,2024-10-02,Laba Dhagax,Bakery,Biscuits Pack,Regular,Female,5,1.24,6.2,Evc Plus,Sahra Ibrahim,2024,10,October
INV103399,2024-10-02,Hodan-Taleex,Household,Dish Soap 500ml,Regular,Female,1,1.93,1.93,Zaad,Abdirahman Nur,2024,10,October
INV103205,2024-10-02,Laba Dhagax,Beverages,Orange Juice 1L,Member,Male,2,1.88,3.76,Cash,Yusuf Farah,2024,10,October
INV103224,2024-10-02,Hamar Weyne,Snacks,Candy Pack,Regular,Female,3,0.61,1.83,Zaad,Ahmed Abdi,2024,10,October
INV103257,2024-10-02,Laba Dhagax,Fruits,Apple (kg),Member,Male,5,2.49,12.45,Visa,Sahra Ibrahim,2024,10,October
INV103149,2024-10-03,Hodan-Taleex,Vegetables,Onion (kg),Member,Male,7,0.64,4.48,Cash,Amina Hassan,2024,10,October
INV103240,2024-10-03,Hodan-Taleex,Dairy,Cheese 200g,Member,Female,4,3.51,14.04,Zaad,Mohamed Ali,2024,10,October
INV103305,2024-10-03,Hodan-Taleex,Fruits,Watermelon (each),Regular,Female,2,3.42,6.84,Evc Plus,Mohamed Ali,2024,10,October
INV103429,2024-10-03,Hodan-Taleex,Personal Care,Shampoo 400ml,Member,Male,4,4.31,17.24,Evc Plus,Mohamed Ali,2024,10,October
INV103114,2024-10-03,Hodan-Taleex,Dairy,Fresh Cream 200ml,Regular,Female,5,2.41,12.05,Zaad,Abdirahman Nur,2024,10,October
INV103101,2024-10-03,Hodan-Taleex,Dairy,Yogurt 500g,Regular,Male,3,1.73,5.19,Visa,Amina Hassan,2024,10,October
INV103329,2024-10-03,Laba Dhagax,Beverages,Bottled Water 500ml,Regular,Male,5,0.35,1.75,Evc Plus,Yusuf Farah,2024,10,October
INV103404,2024-10-03,Hamar Weyne,Vegetables,Tomato (kg),Regular,Female,6,0.81,4.86,Evc Plus,Khadija Omar,2024,10,October
INV103230,2024-10-03,Hodan-Taleex,Beverages,Sprite 500ml,Member,Male,8,0.83,6.64,Visa,Mohamed Ali,2024,10,October
INV103278,2024-10-03,Laba Dhagax,Household,Rice 5kg,Member,Male,4,8.88,35.52,Cash,Yusuf Farah,2024,10,October
INV103491,2024-10-03,Hamar Weyne,Dairy,Butter 250g,Regular,Male,6,3.22,19.32,Visa,Khadija Omar,2024,10,October
INV103251,2024-10-03,Hodan-Taleex,Personal Care,Body Lotion 200ml,Member,Male,7,3.48,24.36,Evc Plus,Abdirahman Nur,2024,10,October
INV103223,2024-10-03,Hodan-Taleex,Fruits,Grapes (kg),Member,Male,3,2.83,8.49,Zaad,Fadumo Yusuf,2024,10,October
INV103485,2024-10-04,Laba Dhagax,Beverages,Black Tea Pack,Regular,Male,3,1.71,5.13,Visa,Sahra Ibrahim,2024,10,October
INV103450,2024-10-04,Laba Dhagax,Personal Care,Body Lotion 200ml,Regular,Female,4,2.72,10.88,Evc Plus,Yusuf Farah,2024,10,October
INV103166,2024-10-04,Hodan-Taleex,Vegetables,Potato (kg),Regular,Male,5,0.88,4.4,Evc Plus,Abdirahman Nur,2024,10,October
INV103481,2024-10-04,Hamar Weyne,Household,Laundry Detergent 1kg,Regular,Female,2,3.78,7.56,Cash,Ahmed Abdi,2024,10,October
INV103379,2024-10-04,Hodan-Taleex,Personal Care,Hand Sanitizer 100ml,Member,Male,8,1.98,15.84,Evc Plus,Amina Hassan,2024,10,October
INV103500,2024-10-04,Hamar Weyne,Bakery,Croissant,Member,Male,8,1.24,9.92,Evc Plus,Ahmed Abdi,2024,10,October
INV103410,2024-10-04,Hamar Weyne,Household,Dish Soap 500ml,Member,Female,6,1.65,9.9,Evc Plus,Ahmed Abdi,2024,10,October
INV103158,2024-10-04,Hamar Weyne,Beverages,Sprite 500ml,Regular,Female,5,0.79,3.95,Evc Plus,Hodan Warsame,2024,10,October
INV103363,2024-10-04,Hamar Weyne,Beverages,Orange Juice 1L,Regular,Male,2,2.47,4.94,Visa,Khadija Omar,2024,10,October
INV103373,2024-10-04,Hodan-Taleex,Dairy,Cheese 200g,Regular,Female,1,2.87,2.87,Evc Plus,Amina Hassan,2024,10,October
INV103139,2024-10-04,Hodan-Taleex,Dairy,Fresh Cream 200ml,Member,Male,8,1.73,13.84,Zaad,Fadumo Yusuf,2024,10,October
INV103236,2024-10-04,Hodan-Taleex,Snacks,Potato Chips,Member,Female,5,1.09,5.45,Evc Plus,Amina Hassan,2024,10,October
INV103109,2024-10-04,Hodan-Taleex,Beverages,Black Tea Pack,Regular,Male,4,1.95,7.8,Visa,Amina Hassan,2024,10,October
INV103184,2024-10-04,Laba Dhagax,Household,Pasta 500g,Member,Male,3,1.26,3.78,Cash,Yusuf Farah,2024,10,October
INV103346,2024-10-04,Hodan-Taleex,Dairy,Milk 1L,Regular,Female,1,1.49,1.49,Evc Plus,Amina Hassan,2024,10,October
INV103119,2024-10-04,Hodan-Taleex,Snacks,Popcorn Pack,Regular,Male,4,0.85,3.4,Visa,Fadumo Yusuf,2024,10,October
INV103153,2024-10-04,Hodan-Taleex,Household,Rice 5kg,Regular,Male,3,8.84,26.52,Zaad,Amina Hassan,2024,10,October
INV103359,2024-10-05,Laba Dhagax,Bakery,Brown Bread,Member,Male,6,0.81,4.86,Evc Plus,Yusuf Farah,2024,10,October
INV103140,2024-10-05,Hodan-Taleex,Dairy,Yogurt 500g,Regular,Male,3,1.53,4.59,Zaad,Fadumo Yusuf,2024,10,October
INV103349,2024-10-05,Hamar Weyne,Vegetables,Cabbage (each),Regular,Female,4,1.25,5.0,Evc Plus,Ahmed Abdi,2024,10,October
INV103347,2024-10-05,Hamar Weyne,Vegetables,Tomato (kg),Member,Male,7,0.78,5.46,Cash,Hodan Warsame,2024,10,October
INV103426,2024-10-05,Hodan-Taleex,Bakery,Cupcake,Regular,Female,5,0.86,4.3,Visa,Fadumo Yusuf,2024,10,October
INV103287,2024-10-05,Hodan-Taleex,Personal Care,Body Lotion 200ml,Member,Female,2,2.91,5.82,Visa,Mohamed Ali,2024,10,October
INV103394,2024-10-05,Hamar Weyne,Dairy,Butter 250g,Regular,Female,4,2.66,10.64,Evc Plus,Khadija Omar,2024,10,October
INV103288,2024-10-05,Hamar Weyne,Snacks,Chocolate Bar,Regular,Female,4,0.7,2.8,Visa,Hodan Warsame,2024,10,October
INV103419,2024-10-05,Laba Dhagax,Snacks,Candy Pack,Member,Female,4,0.62,2.48,Zaad,Sahra Ibrahim,2024,10,October
INV103129,2024-10-05,Hamar Weyne,Snacks,Popcorn Pack,Regular,Male,4,0.81,3.24,Cash,Hodan Warsame,2024,10,October
INV103395,2024-10-05,Hodan-Taleex,Fruits,Mango (kg),Member,Male,6,1.39,8.34,Zaad,Amina Hassan,2024,10,October
INV103157,2024-10-05,Hamar Weyne,Vegetables,Tomato (kg),Member,Female,6,1.1,6.6,Evc Plus,Hodan Warsame,2024,10,October
INV103228,2024-10-05,Hodan-Taleex,Vegetables,Tomato (kg),Member,Female,6,0.75,4.5,Visa,Amina Hassan,2024,10,October
INV103377,2024-10-05,Hamar Weyne,Dairy,Yogurt 500g,Regular,Female,4,2.04,8.16,Cash,Hodan Warsame,2024,10,October
INV103208,2024-10-05,Hodan-Taleex,Household,Rice 5kg,Member,Female,7,7.73,54.11,Zaad,Mohamed Ali,2024,10,October
INV103243,2024-10-05,Laba Dhagax,Snacks,Popcorn Pack,Member,Male,2,1.09,2.18,Evc Plus,Sahra Ibrahim,2024,10,October
INV103314,2024-10-05,Hamar Weyne,Household,Pasta 500g,Regular,Female,4,1.11,4.44,Evc Plus,Ahmed Abdi,2024,10,October
INV103388,2024-10-06,Hamar Weyne,Snacks,Potato Chips,Regular,Female,2,1.15,2.3,Evc Plus,Khadija Omar,2024,10,October
INV103239,2024-10-06,Hodan-Taleex,Fruits,Grapes (kg),Regular,Male,1,3.49,3.49,Evc Plus,Amina Hassan,2024,10,October
INV103478,2024-10-06,Hodan-Taleex,Vegetables,Tomato (kg),Regular,Female,2,1.13,2.26,Evc Plus,Fadumo Yusuf,2024,10,October
INV103121,2024-10-06,Hamar Weyne,Household,Dish Soap 500ml,Regular,Male,3,1.45,4.35,Evc Plus,Khadija Omar,2024,10,October
INV103112,2024-10-06,Hamar Weyne,Snacks,Chocolate Bar,Member,Female,8,0.78,6.24,Evc Plus,Hodan Warsame,2024,10,October
INV103495,2024-10-06,Hamar Weyne,Bakery,Cupcake,Member,Female,4,0.88,3.52,Evc Plus,Ahmed Abdi,2024,10,October
INV103179,2024-10-06,Hodan-Taleex,Snacks,Biscuit Snack Pack,Regular,Male,3,0.71,2.13,Zaad,Fadumo Yusuf,2024,10,October
INV103408,2024-10-06,Hamar Weyne,Vegetables,Cucumber (kg),Regular,Female,2,0.69,1.38,Evc Plus,Khadija Omar,2024,10,October
INV103102,2024-10-06,Hamar Weyne,Dairy,Butter 250g,Regular,Female,5,2.2,11.0,Evc Plus,Khadija Omar,2024,10,October
INV103414,2024-10-06,Hodan-Taleex,Beverages,Coffee 200g,Regular,Male,4,2.61,10.44,Evc Plus,Mohamed Ali,2024,10,October
INV103372,2024-10-06,Hodan-Taleex,Fruits,Orange (kg),Member,Female,4,1.76,7.04,Evc Plus,Amina Hassan,2024,10,October
INV103317,2024-10-06,Hamar Weyne,Bakery,Biscuits Pack,Regular,Female,1,1.25,1.25,Zaad,Ahmed Abdi,2024,10,October
INV103438,2024-10-06,Hodan-Taleex,Snacks,Peanuts 200g,Regular,Female,1,1.03,1.03,Evc Plus,Mohamed Ali,2024,10,October
INV103189,2024-10-06,Hodan-Taleex,Vegetables,Cabbage (each),Member,Female,2,1.19,2.38,Zaad,Amina Hassan,2024,10,October
INV103207,2024-10-06,Hamar Weyne,Fruits,Apple (kg),Member,Male,5,1.91,9.55,Evc Plus,Ahmed Abdi,2024,10,October
INV103180,2024-10-06,Hamar Weyne,Personal Care,Shampoo 400ml,Member,Female,4,3.67,14.68,Zaad,Hodan Warsame,2024,10,October
INV103337,2024-10-06,Hamar Weyne,Personal Care,Toothpaste,Regular,Female,6,2.01,12.06,Cash,Ahmed Abdi,2024,10,October
INV103204,2024-10-07,Hamar Weyne,Snacks,Chocolate Bar,Regular,Male,1,0.65,0.65,Evc Plus,Khadija Omar,2024,10,October
INV103146,2024-10-07,Hodan-Taleex,Personal Care,Toothpaste,Regular,Male,5,1.55,7.75,Evc Plus,Abdirahman Nur,2024,10,October
INV103353,2024-10-07,Hodan-Taleex,Dairy,Yogurt 500g,Regular,Male,5,1.95,9.75,Zaad,Abdirahman Nur,2024,10,October
INV103354,2024-10-07,Hodan-Taleex,Dairy,Fresh Cream 200ml,Member,Male,5,1.88,9.4,Evc Plus,Amina Hassan,2024,10,October
INV103280,2024-10-07,Hodan-Taleex,Beverages,Coffee 200g,Regular,Female,3,2.9,8.7,Visa,Abdirahman Nur,2024,10,October
INV103412,2024-10-07,Hodan-Taleex,Bakery,Cupcake,Regular,Female,6,0.56,3.36,Zaad,Fadumo Yusuf,2024,10,October
INV103216,2024-10-07,Hamar Weyne,Snacks,Candy Pack,Regular,Female,1,0.89,0.89,Zaad,Ahmed Abdi,2024,10,October
INV103507,2024-10-07,Hamar Weyne,Beverages,Apple Juice 1L,Regular,Female,3,2.21,6.63,Zaad,Hodan Warsame,2024,10,October
INV103296,2024-10-08,Hamar Weyne,Fruits,Watermelon (each),Regular,Male,5,2.97,14.85,Visa,Khadija Omar,2024,10,October
INV103447,2024-10-08,Hodan-Taleex,Vegetables,Cucumber (kg),Regular,Female,1,0.74,0.74,Evc Plus,Mohamed Ali,2024,10,October
INV103302,2024-10-08,Hamar Weyne,Bakery,Croissant,Regular,Female,6,1.3,7.8,Evc Plus,Khadija Omar,2024,10,October
INV103266,2024-10-08,Hamar Weyne,Personal Care,Toothbrush,Regular,Female,4,1.38,5.52,Zaad,Ahmed Abdi,2024,10,October
INV103148,2024-10-08,Hodan-Taleex,Bakery,Brown Bread,Member,Female,7,0.83,5.81,Evc Plus,Mohamed Ali,2024,10,October
INV103175,2024-10-08,Laba Dhagax,Snacks,Popcorn Pack,Regular,Female,2,0.84,1.68,Evc Plus,Sahra Ibrahim,2024,10,October
INV103176,2024-10-08,Hodan-Taleex,Household,Dish Soap 500ml,Regular,Male,4,1.24,4.96,Evc Plus,Abdirahman Nur,2024,10,October
INV103401,2024-10-08,Hamar Weyne,Beverages,Sprite 500ml,Member,Female,6,0.75,4.5,Evc Plus,Ahmed Abdi,2024,10,October
INV103247,2024-10-08,Hodan-Taleex,Fruits,Orange (kg),Regular,Male,5,1.55,7.75,Evc Plus,Amina Hassan,2024,10,October
INV103446,2024-10-08,Hamar Weyne,Bakery,Cupcake,Member,Male,7,0.66,4.62,Evc Plus,Ahmed Abdi,2024,10,October
INV103386,2024-10-08,Hodan-Taleex,Beverages,Coffee 200g,Member,Male,2,3.42,6.84,Evc Plus,Abdirahman Nur,2024,10,October
INV103339,2024-10-08,Hamar Weyne,Bakery,Donut,Member,Male,4,0.99,3.96,Evc Plus,Hodan Warsame,2024,10,October
INV103209,2024-10-09,Hodan-Taleex,Personal Care,Toothpaste,Member,Female,3,2.14,6.42,Zaad,Amina Hassan,2024,10,October
INV103498,2024-10-09,Hodan-Taleex,Beverages,Soft Drink Cola 500ml,Member,Male,7,1.22,8.54,Evc Plus,Fadumo Yusuf,2024,10,October
INV103143,2024-10-09,Hodan-Taleex,Dairy,Milk 1L,Regular,Female,2,1.66,3.32,Evc Plus,Mohamed Ali,2024,10,October
INV103231,2024-10-09,Laba Dhagax,Household,Rice 5kg,Regular,Male,1,8.38,8.38,Evc Plus,Yusuf Farah,2024,10,October
INV103267,2024-10-09,Hodan-Taleex,Snacks,Candy Pack,Regular,Male,3,0.66,1.98,Visa,Mohamed Ali,2024,10,October
INV103467,2024-10-09,Hamar Weyne,Household,Flour 2kg,Regular,Male,1,2.42,2.42,Evc Plus,Ahmed Abdi,2024,10,October
INV103133,2024-10-09,Hodan-Taleex,Dairy,Milk 1L,Regular,Male,3,1.77,5.31,Evc Plus,Abdirahman Nur,2024,10,October
INV103436,2024-10-09,Hamar Weyne,Personal Care,Toothpaste,Regular,Female,5,1.93,9.65,Evc Plus,Hodan Warsame,2024,10,October
INV103309,2024-10-09,Hamar Weyne,Beverages,Bottled Water 500ml,Member,Male,6,0.37,2.22,Evc Plus,Ahmed Abdi,2024,10,October
INV103356,2024-10-10,Hamar Weyne,Personal Care,Hand Sanitizer 100ml,Regular,Male,2,1.96,3.92,Visa,Khadija Omar,2024,10,October
INV103343,2024-10-10,Laba Dhagax,Personal Care,Hand Sanitizer 100ml,Regular,Female,6,1.22,7.32,Zaad,Sahra Ibrahim,2024,10,October
INV103501,2024-10-10,Hodan-Taleex,Bakery,Donut,Member,Male,7,0.99,6.93,Zaad,Mohamed Ali,2024,10,October
INV103135,2024-10-10,Hamar Weyne,Bakery,Cupcake,Member,Female,8,0.65,5.2,Evc Plus,Khadija Omar,2024,10,October
INV103324,2024-10-10,Hodan-Taleex,Snacks,Biscuit Snack Pack,Member,Male,4,0.82,3.28,Cash,Mohamed Ali,2024,10,October
INV103424,2024-10-10,Hodan-Taleex,Bakery,Biscuits Pack,Member,Male,5,1.19,5.95,Evc Plus,Amina Hassan,2024,10,October
INV103300,2024-10-10,Hamar Weyne,Snacks,Peanuts 200g,Regular,Male,6,0.86,5.16,Evc Plus,Khadija Omar,2024,10,October
INV103371,2024-10-10,Hodan-Taleex,Vegetables,Onion (kg),Member,Male,3,0.66,1.98,Zaad,Amina Hassan,2024,10,October
INV103290,2024-10-10,Hodan-Taleex,Personal Care,Body Lotion 200ml,Regular,Female,5,3.16,15.8,Evc Plus,Abdirahman Nur,2024,10,October
INV103293,2024-10-10,Hodan-Taleex,Fruits,Apple (kg),Member,Female,3,2.0,6.0,Zaad,Fadumo Yusuf,2024,10,October
INV103274,2024-10-10,Hodan-Taleex,Beverages,Orange Juice 1L,Regular,Female,4,2.27,9.08,Visa,Fadumo Yusuf,2024,10,October
INV103226,2024-10-10,Hamar Weyne,Snacks,Chocolate Bar,Regular,Male,1,0.86,0.86,Evc Plus,Khadija Omar,2024,10,October
INV103279,2024-10-10,Hodan-Taleex,Dairy,Milk 1L,Member,Female,4,1.07,4.28,Cash,Fadumo Yusuf,2024,10,October
INV103483,2024-10-10,Hodan-Taleex,Vegetables,Potato (kg),Regular,Female,6,0.86,5.16,Evc Plus,Abdirahman Nur,2024,10,October
INV103461,2024-10-11,Hamar Weyne,Fruits,Apple (kg),Regular,Female,5,1.76,8.8,Evc Plus,Hodan Warsame,2024,10,October
INV103298,2024-10-11,Hodan-Taleex,Fruits,Apple (kg),Regular,Female,1,1.71,1.71,Zaad,Amina Hassan,2024,10,October
INV103384,2024-10-11,Hodan-Taleex,Bakery,Croissant,Regular,Male,6,0.85,5.1,Evc Plus,Amina Hassan,2024,10,October
INV103190,2024-10-11,Laba Dhagax,Fruits,Banana (kg),Regular,Male,5,1.1,5.5,Visa,Sahra Ibrahim,2024,10,October
INV103291,2024-10-11,Hodan-Taleex,Bakery,Brown Bread,Regular,Female,6,0.84,5.04,Evc Plus,Mohamed Ali,2024,10,October
INV103234,2024-10-11,Laba Dhagax,Bakery,White Bread,Regular,Male,5,0.87,4.35,Evc Plus,Sahra Ibrahim,2024,10,October
INV103319,2024-10-11,Hodan-Taleex,Snacks,Biscuit Snack Pack,Member,Male,8,0.97,7.76,Zaad,Mohamed Ali,2024,10,October
INV103198,2024-10-11,Hodan-Taleex,Personal Care,Hand Sanitizer 100ml,Regular,Male,5,1.51,7.55,Evc Plus,Mohamed Ali,2024,10,October
INV103162,2024-10-11,Laba Dhagax,Beverages,Sprite 500ml,Regular,Male,4,0.89,3.56,Zaad,Sahra Ibrahim,2024,10,October
INV103499,2024-10-11,Hamar Weyne,Household,Flour 2kg,Member,Female,4,2.58,10.32,Zaad,Khadija Omar,2024,10,October
INV103289,2024-10-11,Hamar Weyne,Snacks,Peanuts 200g,Member,Female,5,0.84,4.2,Evc Plus,Khadija Omar,2024,10,October
INV103154,2024-10-11,Hodan-Taleex,Household,Sugar 2kg,Regular,Male,2,2.83,5.66,Evc Plus,Mohamed Ali,2024,10,October
INV103268,2024-10-11,Hodan-Taleex,Household,Laundry Detergent 1kg,Member,Female,3,3.3,9.9,Zaad,Amina Hassan,2024,10,October
INV103120,2024-10-11,Hodan-Taleex,Vegetables,Onion (kg),Regular,Male,3,0.86,2.58,Zaad,Mohamed Ali,2024,10,October
INV103310,2024-10-12,Laba Dhagax,Bakery,Cupcake,Regular,Male,6,0.72,4.32,Cash,Yusuf Farah,2024,10,October
INV103505,2024-10-12,Hodan-Taleex,Household,Laundry Detergent 1kg,Regular,Male,1,3.85,3.85,Zaad,Abdirahman Nur,2024,10,October
INV103313,2024-10-12,Hodan-Taleex,Vegetables,Cucumber (kg),Regular,Female,3,0.7,2.1,Cash,Fadumo Yusuf,2024,10,October
INV103323,2024-10-12,Hamar Weyne,Bakery,Croissant,Member,Male,3,0.96,2.88,Zaad,Ahmed Abdi,2024,10,October
INV103432,2024-10-12,Hamar Weyne,Snacks,Peanuts 200g,Regular,Male,3,1.23,3.69,Cash,Ahmed Abdi,2024,10,October
INV103477,2024-10-12,Hodan-Taleex,Vegetables,Potato (kg),Regular,Male,2,0.94,1.88,Evc Plus,Amina Hassan,2024,10,October
INV103177,2024-10-12,Laba Dhagax,Household,Cooking Oil 1L,Regular,Male,1,2.65,2.65,Evc Plus,Yusuf Farah,2024,10,October
INV103118,2024-10-12,Hodan-Taleex,Fruits,Grapes (kg),Regular,Female,6,3.01,18.06,Evc Plus,Mohamed Ali,2024,10,October
INV103238,2024-10-12,Laba Dhagax,Vegetables,Tomato (kg),Member,Male,8,1.1,8.8,Evc Plus,Sahra Ibrahim,2024,10,October
INV103194,2024-10-12,Hodan-Taleex,Beverages,Orange Juice 1L,Member,Male,5,2.09,10.45,Zaad,Fadumo Yusuf,2024,10,October
INV103428,2024-10-12,Hodan-Taleex,Household,Dish Soap 500ml,Regular,Male,3,1.23,3.69,Visa,Abdirahman Nur,2024,10,October
INV103493,2024-10-12,Hodan-Taleex,Dairy,Cheese 200g,Member,Female,4,2.84,11.36,Evc Plus,Fadumo Yusuf,2024,10,October
INV103375,2024-10-12,Laba Dhagax,Fruits,Watermelon (each),Regular,Female,3,2.93,8.79,Evc Plus,Yusuf Farah,2024,10,October
INV103164,2024-10-12,Hodan-Taleex,Bakery,Brown Bread,Regular,Female,6,0.72,4.32,Evc Plus,Fadumo Yusuf,2024,10,October
INV103183,2024-10-12,Hodan-Taleex,Beverages,Black Tea Pack,Member,Female,3,1.54,4.62,Evc Plus,Abdirahman Nur,2024,10,October
INV103252,2024-10-13,Hamar Weyne,Bakery,Biscuits Pack,Member,Male,6,1.08,6.48,Evc Plus,Khadija Omar,2024,10,October
INV103470,2024-10-13,Hamar Weyne,Dairy,Butter 250g,Regular,Male,1,2.44,2.44,Evc Plus,Ahmed Abdi,2024,10,October
INV103260,2024-10-13,Laba Dhagax,Household,Dish Soap 500ml,Member,Female,8,2.0,16.0,Zaad,Sahra Ibrahim,2024,10,October
INV103506,2024-10-13,Hodan-Taleex,Household,Flour 2kg,Regular,Male,1,2.53,2.53,Zaad,Amina Hassan,2024,10,October
INV103406,2024-10-13,Hamar Weyne,Household,Sugar 2kg,Regular,Female,1,2.49,2.49,Evc Plus,Khadija Omar,2024,10,October
INV103188,2024-10-13,Hodan-Taleex,Vegetables,Onion (kg),Regular,Male,5,0.84,4.2,Zaad,Amina Hassan,2024,10,October
INV103448,2024-10-13,Hamar Weyne,Dairy,Butter 250g,Member,Female,6,2.77,16.62,Zaad,Hodan Warsame,2024,10,October
INV103165,2024-10-13,Hodan-Taleex,Personal Care,Hand Sanitizer 100ml,Member,Female,3,1.69,5.07,Zaad,Amina Hassan,2024,10,October
INV103350,2024-10-13,Hodan-Taleex,Bakery,White Bread,Regular,Male,1,0.65,0.65,Cash,Amina Hassan,2024,10,October
INV103195,2024-10-13,Hodan-Taleex,Vegetables,Potato (kg),Member,Female,2,0.91,1.82,Cash,Mohamed Ali,2024,10,October
INV103210,2024-10-13,Laba Dhagax,Snacks,Potato Chips,Member,Female,5,1.05,5.25,Evc Plus,Sahra Ibrahim,2024,10,October
INV103225,2024-10-13,Hodan-Taleex,Household,Rice 5kg,Member,Female,2,6.92,13.84,Evc Plus,Mohamed Ali,2024,10,October
INV103150,2024-10-13,Hamar Weyne,Personal Care,Body Lotion 200ml,Member,Female,8,3.94,31.52,Evc Plus,Ahmed Abdi,2024,10,October
INV103396,2024-10-13,Hodan-Taleex,Beverages,Orange Juice 1L,Regular,Male,1,2.48,2.48,Cash,Abdirahman Nur,2024,10,October
INV103308,2024-10-13,Laba Dhagax,Household,Pasta 500g,Regular,Female,5,1.07,5.35,Zaad,Sahra Ibrahim,2024,10,October
INV103441,2024-10-14,Hamar Weyne,Snacks,Chocolate Bar,Member,Male,6,0.62,3.72,Cash,Ahmed Abdi,2024,10,October
INV103171,2024-10-14,Hamar Weyne,Dairy,Butter 250g,Regular,Female,3,2.08,6.24,Evc Plus,Hodan Warsame,2024,10,October
INV103390,2024-10-14,Hodan-Taleex,Fruits,Mango (kg),Regular,Female,4,1.54,6.16,Evc Plus,Mohamed Ali,2024,10,October
INV103367,2024-10-14,Hodan-Taleex,Beverages,Orange Juice 1L,Member,Male,5,2.43,12.15,Cash,Mohamed Ali,2024,10,October
INV103389,2024-10-14,Laba Dhagax,Personal Care,Shampoo 400ml,Member,Male,2,2.53,5.06,Evc Plus,Sahra Ibrahim,2024,10,October
INV103221,2024-10-14,Hamar Weyne,Beverages,Bottled Water 500ml,Member,Female,2,0.37,0.74,Evc Plus,Hodan Warsame,2024,10,October
INV103385,2024-10-14,Hodan-Taleex,Vegetables,Cabbage (each),Member,Male,3,1.11,3.33,Visa,Amina Hassan,2024,10,October
INV103160,2024-10-14,Laba Dhagax,Fruits,Orange (kg),Member,Male,6,1.11,6.66,Evc Plus,Yusuf Farah,2024,10,October
INV103466,2024-10-14,Hamar Weyne,Vegetables,Tomato (kg),Regular,Male,4,0.86,3.44,Zaad,Ahmed Abdi,2024,10,October
INV103405,2024-10-14,Hodan-Taleex,Vegetables,Cabbage (each),Regular,Female,6,0.87,5.22,Cash,Mohamed Ali,2024,10,October
INV103193,2024-10-14,Hamar Weyne,Bakery,White Bread,Regular,Male,6,0.83,4.98,Evc Plus,Ahmed Abdi,2024,10,October
INV103456,2024-10-14,Hodan-Taleex,Beverages,Coffee 200g,Regular,Female,1,3.39,3.39,Evc Plus,Mohamed Ali,2024,10,October
INV103138,2024-10-14,Hamar Weyne,Beverages,Orange Juice 1L,Regular,Male,4,1.88,7.52,Evc Plus,Ahmed Abdi,2024,10,October
INV103369,2024-10-15,Hamar Weyne,Beverages,Soft Drink Cola 500ml,Member,Male,6,1.06,6.36,Evc Plus,Khadija Omar,2024,10,October
INV103104,2024-10-15,Hodan-Taleex,Personal Care,Bar Soap,Member,Male,6,0.57,3.42,Evc Plus,Mohamed Ali,2024,10,October
INV103145,2024-10-15,Hamar Weyne,Beverages,Coffee 200g,Member,Male,2,3.92,7.84,Evc Plus,Hodan Warsame,2024,10,October
INV103459,2024-10-15,Laba Dhagax,Personal Care,Bar Soap,Regular,Female,6,0.81,4.86,Evc Plus,Sahra Ibrahim,2024,10,October
INV103383,2024-10-15,Hamar Weyne,Snacks,Popcorn Pack,Regular,Male,6,0.97,5.82,Cash,Hodan Warsame,2024,10,October
INV103219,2024-10-15,Hamar Weyne,Beverages,Coffee 200g,Regular,Female,5,4.35,21.75,Cash,Khadija Omar,2024,10,October
INV103398,2024-10-15,Hodan-Taleex,Personal Care,Body Lotion 200ml,Member,Male,8,2.67,21.36,Cash,Amina Hassan,2024,10,October
INV103511,2024-10-15,Hamar Weyne,Snacks,Chocolate Bar,Regular,Male,6,1.12,6.72,Cash,Hodan Warsame,2024,10,October
INV103325,2024-10-15,Laba Dhagax,Vegetables,Onion (kg),Member,Male,5,0.96,4.8,Evc Plus,Yusuf Farah,2024,10,October
INV103253,2024-10-15,Hodan-Taleex,Bakery,Donut,Regular,Male,1,0.97,0.97,Evc Plus,Abdirahman Nur,2024,10,October
INV103235,2024-10-15,Hamar Weyne,Beverages,Orange Juice 1L,Regular,Female,2,2.07,4.14,Evc Plus,Khadija Omar,2024,10,October
INV103169,2024-10-15,Hodan-Taleex,Personal Care,Body Lotion 200ml,Regular,Male,4,2.73,10.92,Evc Plus,Amina Hassan,2024,10,October
INV103116,2024-10-15,Laba Dhagax,Fruits,Grapes (kg),Regular,Female,1,3.26,3.26,Cash,Yusuf Farah,2024,10,October
INV103105,2024-10-15,Hamar Weyne,Vegetables,Potato (kg),Member,Male,7,0.9,6.3,Zaad,Hodan Warsame,2024,10,October
INV103425,2024-10-16,Laba Dhagax,Beverages,Black Tea Pack,Member,Male,3,1.51,4.53,Cash,Yusuf Farah,2024,10,October
INV103464,2024-10-16,Laba Dhagax,Personal Care,Bar Soap,Regular,Male,3,0.56,1.68,Zaad,Yusuf Farah,2024,10,October
INV103331,2024-10-16,Hodan-Taleex,Personal Care,Body Lotion 200ml,Member,Female,7,2.67,18.69,Evc Plus,Abdirahman Nur,2024,10,October
INV103345,2024-10-16,Laba Dhagax,Beverages,Soft Drink Cola 500ml,Regular,Male,1,1.04,1.04,Zaad,Sahra Ibrahim,2024,10,October
INV103453,2024-10-16,Hamar Weyne,Vegetables,Tomato (kg),Member,Male,5,1.08,5.4,Evc Plus,Khadija Omar,2024,10,October
INV103172,2024-10-16,Hamar Weyne,Snacks,Peanuts 200g,Regular,Male,4,1.14,4.56,Evc Plus,Ahmed Abdi,2024,10,October
INV103368,2024-10-16,Hamar Weyne,Fruits,Watermelon (each),Regular,Male,4,2.35,9.4,Evc Plus,Hodan Warsame,2024,10,October
INV103423,2024-10-16,Hodan-Taleex,Dairy,Butter 250g,Member,Male,5,2.71,13.55,Evc Plus,Amina Hassan,2024,10,October
INV103487,2024-10-16,Hodan-Taleex,Beverages,Soft Drink Cola 500ml,Regular,Male,5,0.76,3.8,Zaad,Abdirahman Nur,2024,10,October
INV103147,2024-10-16,Hodan-Taleex,Household,Rice 5kg,Regular,Male,6,8.54,51.24,Evc Plus,Mohamed Ali,2024,10,October
INV103213,2024-10-16,Laba Dhagax,Personal Care,Toothbrush,Member,Female,7,1.24,8.68,Evc Plus,Sahra Ibrahim,2024,10,October
INV103237,2024-10-16,Hodan-Taleex,Vegetables,Cucumber (kg),Regular,Male,4,0.94,3.76,Evc Plus,Abdirahman Nur,2024,10,October
INV103508,2024-10-17,Hamar Weyne,Fruits,Grapes (kg),Regular,Male,3,3.58,10.74,Evc Plus,Hodan Warsame,2024,10,October
INV103387,2024-10-17,Laba Dhagax,Beverages,Black Tea Pack,Regular,Male,3,1.36,4.08,Zaad,Yusuf Farah,2024,10,October
INV103492,2024-10-17,Hodan-Taleex,Personal Care,Toothpaste,Regular,Male,2,1.55,3.1,Evc Plus,Mohamed Ali,2024,10,October
INV103304,2024-10-17,Hodan-Taleex,Bakery,Croissant,Member,Male,3,0.98,2.94,Cash,Abdirahman Nur,2024,10,October
INV103178,2024-10-17,Laba Dhagax,Personal Care,Bar Soap,Member,Male,6,0.91,5.46,Visa,Yusuf Farah,2024,10,October
INV103263,2024-10-17,Hodan-Taleex,Fruits,Watermelon (each),Member,Female,4,2.27,9.08,Zaad,Fadumo Yusuf,2024,10,October
INV103421,2024-10-17,Hamar Weyne,Snacks,Popcorn Pack,Regular,Male,5,1.09,5.45,Zaad,Khadija Omar,2024,10,October
INV103159,2024-10-17,Laba Dhagax,Beverages,Coffee 200g,Regular,Female,2,2.96,5.92,Cash,Yusuf Farah,2024,10,October
INV103469,2024-10-17,Laba Dhagax,Household,Sugar 2kg,Member,Female,8,2.16,17.28,Evc Plus,Sahra Ibrahim,2024,10,October
INV103173,2024-10-17,Hodan-Taleex,Vegetables,Potato (kg),Regular,Male,5,0.68,3.4,Zaad,Abdirahman Nur,2024,10,October
INV103344,2024-10-17,Hamar Weyne,Vegetables,Cucumber (kg),Member,Female,7,0.95,6.65,Cash,Hodan Warsame,2024,10,October
INV103161,2024-10-17,Hodan-Taleex,Bakery,Cupcake,Member,Male,3,0.74,2.22,Zaad,Mohamed Ali,2024,10,October
INV103215,2024-10-17,Hodan-Taleex,Personal Care,Hand Sanitizer 100ml,Member,Female,2,1.6,3.2,Evc Plus,Amina Hassan,2024,10,October
INV103151,2024-10-17,Hodan-Taleex,Vegetables,Cabbage (each),Regular,Female,5,1.23,6.15,Evc Plus,Amina Hassan,2024,10,October
INV103311,2024-10-17,Laba Dhagax,Snacks,Candy Pack,Member,Male,8,0.69,5.52,Evc Plus,Sahra Ibrahim,2024,10,October
INV103476,2024-10-17,Laba Dhagax,Personal Care,Hand Sanitizer 100ml,Member,Female,3,1.39,4.17,Visa,Yusuf Farah,2024,10,October
INV103380,2024-10-18,Hamar Weyne,Dairy,Milk 1L,Regular,Male,6,1.63,9.78,Zaad,Hodan Warsame,2024,10,October
INV103382,2024-10-18,Hodan-Taleex,Snacks,Potato Chips,Regular,Male,4,1.01,4.04,Visa,Amina Hassan,2024,10,October
INV103199,2024-10-18,Hodan-Taleex,Dairy,Butter 250g,Member,Male,8,2.4,19.2,Evc Plus,Amina Hassan,2024,10,October
INV103378,2024-10-18,Hodan-Taleex,Vegetables,Cabbage (each),Regular,Female,1,0.87,0.87,Evc Plus,Fadumo Yusuf,2024,10,October
INV103514,2024-10-18,Hodan-Taleex,Dairy,Butter 250g,Member,Female,5,2.08,10.4,Zaad,Fadumo Yusuf,2024,10,October
INV103435,2024-10-18,Hodan-Taleex,Personal Care,Bar Soap,Regular,Female,5,0.69,3.45,Evc Plus,Abdirahman Nur,2024,10,October
INV103322,2024-10-18,Hamar Weyne,Fruits,Apple (kg),Regular,Male,6,1.8,10.8,Zaad,Khadija Omar,2024,10,October
INV103364,2024-10-18,Hodan-Taleex,Dairy,Eggs Tray (30pcs),Member,Male,5,5.37,26.85,Evc Plus,Mohamed Ali,2024,10,October
INV103187,2024-10-18,Hamar Weyne,Dairy,Fresh Cream 200ml,Regular,Male,4,1.9,7.6,Visa,Hodan Warsame,2024,10,October
INV103233,2024-10-18,Hodan-Taleex,Dairy,Cheese 200g,Regular,Female,2,3.81,7.62,Zaad,Abdirahman Nur,2024,10,October
INV103249,2024-10-18,Hodan-Taleex,Fruits,Banana (kg),Regular,Female,6,1.1,6.6,Visa,Mohamed Ali,2024,10,October
INV103465,2024-10-18,Hamar Weyne,Vegetables,Potato (kg),Regular,Male,2,0.93,1.86,Evc Plus,Hodan Warsame,2024,10,October
INV103113,2024-10-18,Hamar Weyne,Snacks,Candy Pack,Regular,Male,5,0.77,3.85,Evc Plus,Hodan Warsame,2024,10,October
INV103439,2024-10-18,Hamar Weyne,Household,Rice 5kg,Regular,Male,6,7.72,46.32,Evc Plus,Khadija Omar,2024,10,October
INV103391,2024-10-18,Hamar Weyne,Dairy,Butter 250g,Member,Female,2,2.31,4.62,Zaad,Ahmed Abdi,2024,10,October
INV103100,2024-10-18,Laba Dhagax,Dairy,Yogurt 500g,Regular,Male,5,2.06,10.3,Evc Plus,Sahra Ibrahim,2024,10,October
INV103222,2024-10-18,Hodan-Taleex,Snacks,Chocolate Bar,Member,Female,3,0.88,2.64,Zaad,Mohamed Ali,2024,10,October
INV103127,2024-10-18,Laba Dhagax,Dairy,Butter 250g,Member,Female,8,2.97,23.76,Evc Plus,Sahra Ibrahim,2024,10,October
INV103454,2024-10-18,Hamar Weyne,Beverages,Sprite 500ml,Regular,Male,6,0.88,5.28,Cash,Ahmed Abdi,2024,10,October
INV103357,2024-10-18,Hamar Weyne,Beverages,Coffee 200g,Regular,Male,3,2.55,7.65,Cash,Hodan Warsame,2024,10,October
INV103488,2024-10-18,Hamar Weyne,Snacks,Popcorn Pack,Regular,Female,4,0.98,3.92,Cash,Ahmed Abdi,2024,10,October
INV103455,2024-10-18,Laba Dhagax,Snacks,Candy Pack,Regular,Male,4,0.68,2.72,Evc Plus,Sahra Ibrahim,2024,10,October
INV103126,2024-10-18,Hodan-Taleex,Vegetables,Tomato (kg),Regular,Female,5,0.76,3.8,Evc Plus,Amina Hassan,2024,10,October
INV103440,2024-10-18,Hodan-Taleex,Beverages,Bottled Water 500ml,Regular,Male,3,0.46,1.38,Evc Plus,Mohamed Ali,2024,10,October
INV103241,2024-10-18,Hamar Weyne,Household,Laundry Detergent 1kg,Regular,Female,1,3.67,3.67,Zaad,Khadija Omar,2024,10,October
INV103273,2024-10-18,Hamar Weyne,Snacks,Potato Chips,Regular,Female,4,1.22,4.88,Evc Plus,Ahmed Abdi,2024,10,October
INV103452,2024-10-19,Laba Dhagax,Personal Care,Bar Soap,Regular,Female,3,0.51,1.53,Evc Plus,Sahra Ibrahim,2024,10,October
INV103362,2024-10-19,Hodan-Taleex,Dairy,Milk 1L,Member,Female,3,1.62,4.86,Zaad,Amina Hassan,2024,10,October
INV103327,2024-10-19,Laba Dhagax,Snacks,Biscuit Snack Pack,Regular,Female,3,0.95,2.85,Evc Plus,Sahra Ibrahim,2024,10,October
INV103374,2024-10-19,Hamar Weyne,Household,Cooking Oil 1L,Member,Female,5,3.93,19.65,Evc Plus,Hodan Warsame,2024,10,October
INV103370,2024-10-19,Hamar Weyne,Personal Care,Toothpaste,Member,Male,5,1.93,9.65,Evc Plus,Ahmed Abdi,2024,10,October
INV103358,2024-10-19,Laba Dhagax,Household,Pasta 500g,Regular,Male,3,1.69,5.07,Evc Plus,Yusuf Farah,2024,10,October
INV103416,2024-10-20,Laba Dhagax,Dairy,Yogurt 500g,Member,Female,7,1.9,13.3,Visa,Sahra Ibrahim,2024,10,October
INV103220,2024-10-20,Hodan-Taleex,Dairy,Milk 1L,Regular,Male,6,1.08,6.48,Visa,Amina Hassan,2024,10,October
INV103276,2024-10-20,Hamar Weyne,Household,Laundry Detergent 1kg,Regular,Male,1,3.87,3.87,Zaad,Hodan Warsame,2024,10,October
INV103402,2024-10-20,Hodan-Taleex,Fruits,Apple (kg),Member,Male,2,1.76,3.52,Evc Plus,Amina Hassan,2024,10,October
INV103515,2024-10-20,Hamar Weyne,Snacks,Candy Pack,Regular,Female,6,0.53,3.18,Cash,Hodan Warsame,2024,10,October
INV103330,2024-10-20,Hodan-Taleex,Beverages,Soft Drink Cola 500ml,Member,Female,3,1.08,3.24,Visa,Mohamed Ali,2024,10,October
INV103328,2024-10-20,Hamar Weyne,Household,Cooking Oil 1L,Member,Male,3,3.84,11.52,Cash,Khadija Omar,2024,10,October
INV103123,2024-10-20,Hamar Weyne,Beverages,Soft Drink Cola 500ml,Regular,Female,2,0.87,1.74,Visa,Khadija Omar,2024,10,October
INV103285,2024-10-20,Hodan-Taleex,Beverages,Apple Juice 1L,Regular,Female,2,1.96,3.92,Cash,Amina Hassan,2024,10,October
INV103275,2024-10-20,Hamar Weyne,Dairy,Cheese 200g,Member,Male,3,2.96,8.88,Evc Plus,Khadija Omar,2024,10,October
INV103434,2024-10-20,Laba Dhagax,Bakery,Biscuits Pack,Regular,Female,6,0.83,4.98,Visa,Yusuf Farah,2024,10,October
INV103458,2024-10-20,Laba Dhagax,Household,Pasta 500g,Regular,Female,3,1.44,4.32,Evc Plus,Yusuf Farah,2024,10,October
INV103462,2024-10-20,Laba Dhagax,Bakery,White Bread,Regular,Male,5,0.65,3.25,Evc Plus,Sahra Ibrahim,2024,10,October
INV103245,2024-10-20,Hodan-Taleex,Snacks,Peanuts 200g,Regular,Female,2,1.06,2.12,Zaad,Amina Hassan,2024,10,October
INV103471,2024-10-20,Hamar Weyne,Household,Laundry Detergent 1kg,Regular,Female,6,3.79,22.74,Evc Plus,Khadija Omar,2024,10,October
INV103214,2024-10-20,Hodan-Taleex,Beverages,Soft Drink Cola 500ml,Regular,Male,5,1.1,5.5,Zaad,Abdirahman Nur,2024,10,October
INV103445,2024-10-20,Hodan-Taleex,Household,Rice 5kg,Regular,Male,3,8.48,25.44,Evc Plus,Amina Hassan,2024,10,October
INV103182,2024-10-20,Hodan-Taleex,Personal Care,Hand Sanitizer 100ml,Member,Female,8,1.75,14.0,Evc Plus,Abdirahman Nur,2024,10,October
INV103516,2024-10-21,Hodan-Taleex,Vegetables,Carrot (kg),Regular,Male,1,1.02,1.02,Cash,Mohamed Ali,2024,10,October
INV103397,2024-10-21,Hodan-Taleex,Vegetables,Potato (kg),Member,Male,4,0.99,3.96,Zaad,Abdirahman Nur,2024,10,October
INV103486,2024-10-21,Hodan-Taleex,Fruits,Watermelon (each),Member,Female,6,3.2,19.2,Evc Plus,Amina Hassan,2024,10,October
INV103254,2024-10-21,Hamar Weyne,Fruits,Grapes (kg),Regular,Male,5,2.6,13.0,Evc Plus,Khadija Omar,2024,10,October
INV103342,2024-10-21,Hodan-Taleex,Dairy,Milk 1L,Regular,Male,1,1.62,1.62,Evc Plus,Mohamed Ali,2024,10,October
INV103479,2024-10-21,Laba Dhagax,Fruits,Orange (kg),Member,Female,2,1.09,2.18,Evc Plus,Yusuf Farah,2024,10,October
INV103303,2024-10-21,Laba Dhagax,Vegetables,Carrot (kg),Member,Female,7,1.17,8.19,Evc Plus,Yusuf Farah,2024,10,October
INV103122,2024-10-21,Hodan-Taleex,Personal Care,Toothpaste,Member,Male,6,2.21,13.26,Zaad,Abdirahman Nur,2024,10,October
INV103134,2024-10-21,Hodan-Taleex,Vegetables,Cabbage (each),Regular,Male,4,0.97,3.88,Evc Plus,Amina Hassan,2024,10,October
INV103250,2024-10-21,Hodan-Taleex,Household,Flour 2kg,Member,Male,4,2.22,8.88,Cash,Amina Hassan,2024,10,October
INV103248,2024-10-21,Hodan-Taleex,Personal Care,Toothpaste,Regular,Female,5,2.47,12.35,Zaad,Abdirahman Nur,2024,10,October
INV103200,2024-10-21,Hodan-Taleex,Dairy,Yogurt 500g,Member,Female,8,1.71,13.68,Evc Plus,Mohamed Ali,2024,10,October
INV103503,2024-10-21,Hodan-Taleex,Personal Care,Body Lotion 200ml,Regular,Male,2,3.5,7.0,Zaad,Abdirahman Nur,2024,10,October
INV103299,2024-10-21,Hamar Weyne,Vegetables,Cucumber (kg),Member,Male,6,0.68,4.08,Zaad,Khadija Omar,2024,10,October
INV103427,2024-10-22,Hodan-Taleex,Personal Care,Toothpaste,Regular,Female,5,2.44,12.2,Evc Plus,Abdirahman Nur,2024,10,October
INV103431,2024-10-22,Hamar Weyne,Household,Flour 2kg,Member,Male,3,2.39,7.17,Evc Plus,Ahmed Abdi,2024,10,October
INV103335,2024-10-22,Hodan-Taleex,Personal Care,Body Lotion 200ml,Regular,Female,5,3.72,18.6,Evc Plus,Fadumo Yusuf,2024,10,October
INV103258,2024-10-22,Hodan-Taleex,Household,Laundry Detergent 1kg,Member,Male,5,3.47,17.35,Evc Plus,Fadumo Yusuf,2024,10,October
INV103156,2024-10-22,Laba Dhagax,Personal Care,Toothpaste,Regular,Female,1,2.38,2.38,Cash,Sahra Ibrahim,2024,10,October
INV103355,2024-10-22,Hamar Weyne,Beverages,Bottled Water 500ml,Member,Male,5,0.5,2.5,Evc Plus,Ahmed Abdi,2024,10,October
INV103111,2024-10-22,Hamar Weyne,Beverages,Orange Juice 1L,Regular,Male,3,1.81,5.43,Evc Plus,Ahmed Abdi,2024,10,October
INV103261,2024-10-22,Hodan-Taleex,Household,Laundry Detergent 1kg,Member,Female,6,2.56,15.36,Zaad,Fadumo Yusuf,2024,10,October
INV103265,2024-10-22,Hodan-Taleex,Bakery,Biscuits Pack,Member,Male,7,1.47,10.29,Zaad,Fadumo Yusuf,2024,10,October
INV103336,2024-10-23,Laba Dhagax,Snacks,Popcorn Pack,Member,Female,4,0.97,3.88,Zaad,Yusuf Farah,2024,10,October
INV103128,2024-10-23,Hodan-Taleex,Snacks,Potato Chips,Regular,Male,5,0.85,4.25,Evc Plus,Abdirahman Nur,2024,10,October
INV103301,2024-10-23,Hodan-Taleex,Snacks,Popcorn Pack,Member,Female,5,0.93,4.65,Evc Plus,Fadumo Yusuf,2024,10,October
INV103270,2024-10-23,Hamar Weyne,Bakery,Cupcake,Regular,Female,5,0.59,2.95,Zaad,Ahmed Abdi,2024,10,October
INV103277,2024-10-23,Hamar Weyne,Bakery,Cupcake,Regular,Male,2,0.71,1.42,Evc Plus,Khadija Omar,2024,10,October
INV103163,2024-10-23,Hodan-Taleex,Beverages,Sprite 500ml,Member,Male,4,1.22,4.88,Evc Plus,Abdirahman Nur,2024,10,October
INV103318,2024-10-23,Hamar Weyne,Vegetables,Cabbage (each),Member,Male,3,1.07,3.21,Evc Plus,Hodan Warsame,2024,10,October
INV103490,2024-10-23,Hodan-Taleex,Vegetables,Carrot (kg),Regular,Male,3,0.92,2.76,Zaad,Fadumo Yusuf,2024,10,October
INV103242,2024-10-24,Hamar Weyne,Beverages,Coffee 200g,Member,Female,5,3.64,18.2,Cash,Khadija Omar,2024,10,October
INV103262,2024-10-24,Laba Dhagax,Bakery,Cupcake,Regular,Female,5,0.57,2.85,Visa,Sahra Ibrahim,2024,10,October
INV103130,2024-10-24,Hodan-Taleex,Bakery,Croissant,Regular,Female,5,1.14,5.7,Zaad,Amina Hassan,2024,10,October
INV103361,2024-10-24,Hamar Weyne,Personal Care,Toothpaste,Regular,Female,1,2.31,2.31,Zaad,Khadija Omar,2024,10,October
INV103351,2024-10-24,Laba Dhagax,Bakery,Brown Bread,Regular,Male,1,0.75,0.75,Cash,Sahra Ibrahim,2024,10,October
INV103286,2024-10-24,Hodan-Taleex,Personal Care,Bar Soap,Member,Female,6,0.53,3.18,Zaad,Amina Hassan,2024,10,October
INV103510,2024-10-24,Hodan-Taleex,Beverages,Bottled Water 500ml,Regular,Male,6,0.54,3.24,Evc Plus,Fadumo Yusuf,2024,10,October
INV103352,2024-10-24,Hodan-Taleex,Vegetables,Carrot (kg),Regular,Male,6,0.87,5.22,Evc Plus,Amina Hassan,2024,10,October
INV103110,2024-10-24,Hodan-Taleex,Snacks,Candy Pack,Member,Female,2,0.81,1.62,Visa,Abdirahman Nur,2024,10,October
INV103321,2024-10-24,Hamar Weyne,Dairy,Milk 1L,Regular,Female,2,1.76,3.52,Evc Plus,Ahmed Abdi,2024,10,October
INV103333,2024-10-24,Laba Dhagax,Bakery,Brown Bread,Regular,Female,4,0.99,3.96,Evc Plus,Sahra Ibrahim,2024,10,October
INV103392,2024-10-25,Hodan-Taleex,Fruits,Orange (kg),Member,Male,7,1.64,11.48,Evc Plus,Amina Hassan,2024,10,October
INV103474,2024-10-25,Hamar Weyne,Fruits,Apple (kg),Member,Female,8,1.86,14.88,Evc Plus,Khadija Omar,2024,10,October
INV103203,2024-10-25,Laba Dhagax,Beverages,Sprite 500ml,Regular,Male,1,1.17,1.17,Evc Plus,Yusuf Farah,2024,10,October
INV103170,2024-10-25,Hamar Weyne,Fruits,Apple (kg),Member,Male,2,2.45,4.9,Evc Plus,Hodan Warsame,2024,10,October
INV103211,2024-10-25,Hodan-Taleex,Beverages,Soft Drink Cola 500ml,Regular,Female,2,1.11,2.22,Evc Plus,Mohamed Ali,2024,10,October
INV103106,2024-10-25,Hodan-Taleex,Household,Laundry Detergent 1kg,Regular,Female,3,2.54,7.62,Evc Plus,Mohamed Ali,2024,10,October
INV103496,2024-10-25,Laba Dhagax,Bakery,Brown Bread,Member,Male,7,0.92,6.44,Cash,Yusuf Farah,2024,10,October
INV103497,2024-10-25,Hamar Weyne,Snacks,Chocolate Bar,Member,Female,4,0.82,3.28,Evc Plus,Hodan Warsame,2024,10,October
INV103400,2024-10-25,Hamar Weyne,Personal Care,Toothbrush,Member,Female,6,0.97,5.82,Evc Plus,Hodan Warsame,2024,10,October
INV103442,2024-10-25,Hodan-Taleex,Dairy,Butter 250g,Member,Female,5,2.23,11.15,Evc Plus,Mohamed Ali,2024,10,October
INV103502,2024-10-25,Hodan-Taleex,Household,Laundry Detergent 1kg,Regular,Male,4,3.16,12.64,Evc Plus,Abdirahman Nur,2024,10,October
INV103186,2024-10-25,Laba Dhagax,Bakery,Biscuits Pack,Member,Male,2,0.93,1.86,Zaad,Sahra Ibrahim,2024,10,October
INV103099,2024-10-26,Laba Dhagax,Beverages,Soft Drink Cola 500ml,Regular,Male,5,1.19,5.95,Cash,Sahra Ibrahim,2024,10,October
INV103295,2024-10-26,Hodan-Taleex,Bakery,Brown Bread,Regular,Male,1,0.72,0.72,Evc Plus,Amina Hassan,2024,10,October
INV103181,2024-10-26,Hodan-Taleex,Personal Care,Body Lotion 200ml,Member,Female,8,3.44,27.52,Evc Plus,Abdirahman Nur,2024,10,October
INV103144,2024-10-26,Laba Dhagax,Personal Care,Shampoo 400ml,Regular,Male,4,3.96,15.84,Evc Plus,Yusuf Farah,2024,10,October
INV103472,2024-10-26,Hodan-Taleex,Vegetables,Potato (kg),Regular,Female,4,0.62,2.48,Visa,Abdirahman Nur,2024,10,October
INV103340,2024-10-26,Hodan-Taleex,Household,Flour 2kg,Member,Male,8,2.49,19.92,Evc Plus,Abdirahman Nur,2024,10,October
INV103108,2024-10-26,Laba Dhagax,Beverages,Black Tea Pack,Regular,Female,2,1.76,3.52,Evc Plus,Sahra Ibrahim,2024,10,October
INV103232,2024-10-26,Laba Dhagax,Bakery,Cupcake,Regular,Female,6,0.83,4.98,Zaad,Yusuf Farah,2024,10,October
INV103284,2024-10-26,Hamar Weyne,Personal Care,Bar Soap,Regular,Male,3,0.98,2.94,Cash,Hodan Warsame,2024,10,October
INV103152,2024-10-26,Hodan-Taleex,Beverages,Bottled Water 500ml,Regular,Male,2,0.55,1.1,Evc Plus,Amina Hassan,2024,10,October
INV103422,2024-10-26,Laba Dhagax,Vegetables,Carrot (kg),Regular,Male,5,0.79,3.95,Evc Plus,Yusuf Farah,2024,10,October
INV103433,2024-10-26,Laba Dhagax,Personal Care,Hand Sanitizer 100ml,Member,Female,6,2.0,12.0,Evc Plus,Sahra Ibrahim,2024,10,October
INV103332,2024-10-26,Laba Dhagax,Bakery,Brown Bread,Member,Male,3,0.76,2.28,Cash,Yusuf Farah,2024,10,October
INV103482,2024-10-26,Laba Dhagax,Bakery,Croissant,Member,Female,3,1.28,3.84,Zaad,Sahra Ibrahim,2024,10,October
INV103103,2024-10-26,Hodan-Taleex,Vegetables,Potato (kg),Regular,Female,2,0.66,1.32,Evc Plus,Amina Hassan,2024,10,October
INV103306,2024-10-27,Laba Dhagax,Bakery,Biscuits Pack,Member,Male,7,0.89,6.23,Evc Plus,Sahra Ibrahim,2024,10,October
INV103512,2024-10-27,Hodan-Taleex,Snacks,Chocolate Bar,Regular,Female,5,1.14,5.7,Evc Plus,Abdirahman Nur,2024,10,October
INV103443,2024-10-27,Hodan-Taleex,Household,Sugar 2kg,Member,Male,5,2.03,10.15,Evc Plus,Abdirahman Nur,2024,10,October
INV103196,2024-10-27,Laba Dhagax,Fruits,Mango (kg),Member,Female,7,1.26,8.82,Evc Plus,Yusuf Farah,2024,10,October
INV103197,2024-10-27,Hodan-Taleex,Beverages,Bottled Water 500ml,Regular,Female,4,0.33,1.32,Zaad,Mohamed Ali,2024,10,October
INV103418,2024-10-27,Hodan-Taleex,Personal Care,Toothpaste,Member,Female,7,2.01,14.07,Evc Plus,Amina Hassan,2024,10,October
INV103307,2024-10-27,Hodan-Taleex,Bakery,Brown Bread,Regular,Male,5,0.76,3.8,Evc Plus,Amina Hassan,2024,10,October
INV103444,2024-10-27,Laba Dhagax,Beverages,Black Tea Pack,Regular,Female,1,1.21,1.21,Zaad,Sahra Ibrahim,2024,10,October
INV103403,2024-10-27,Hamar Weyne,Beverages,Apple Juice 1L,Member,Female,7,2.33,16.31,Evc Plus,Ahmed Abdi,2024,10,October
INV103155,2024-10-27,Hamar Weyne,Household,Pasta 500g,Regular,Female,3,1.58,4.74,Visa,Khadija Omar,2024,10,October
INV103315,2024-10-27,Hodan-Taleex,Fruits,Apple (kg),Regular,Male,5,1.59,7.95,Evc Plus,Amina Hassan,2024,10,October
INV103227,2024-10-27,Hamar Weyne,Dairy,Yogurt 500g,Member,Female,3,1.88,5.64,Zaad,Hodan Warsame,2024,10,October
INV103376,2024-10-27,Laba Dhagax,Household,Rice 5kg,Regular,Female,3,7.36,22.08,Visa,Yusuf Farah,2024,10,October
INV103494,2024-10-27,Hodan-Taleex,Personal Care,Body Lotion 200ml,Member,Male,5,3.33,16.65,Zaad,Abdirahman Nur,2024,10,October
INV103256,2024-10-27,Hodan-Taleex,Snacks,Chocolate Bar,Regular,Female,6,1.11,6.66,Visa,Abdirahman Nur,2024,10,October
INV103264,2024-10-27,Hodan-Taleex,Vegetables,Cabbage (each),Member,Female,3,0.88,2.64,Zaad,Abdirahman Nur,2024,10,October
INV103504,2024-10-27,Hodan-Taleex,Snacks,Potato Chips,Member,Male,2,0.85,1.7,Zaad,Mohamed Ali,2024,10,October
INV103281,2024-10-28,Laba Dhagax,Fruits,Watermelon (each),Regular,Male,4,2.71,10.84,Evc Plus,Sahra Ibrahim,2024,10,October
INV103132,2024-10-28,Hamar Weyne,Vegetables,Onion (kg),Member,Male,4,0.96,3.84,Evc Plus,Hodan Warsame,2024,10,October
INV103185,2024-10-28,Hamar Weyne,Beverages,Orange Juice 1L,Regular,Female,5,2.12,10.6,Zaad,Khadija Omar,2024,10,October
INV103107,2024-10-28,Hamar Weyne,Personal Care,Hand Sanitizer 100ml,Regular,Male,6,1.89,11.34,Evc Plus,Hodan Warsame,2024,10,October
INV103283,2024-10-28,Laba Dhagax,Beverages,Apple Juice 1L,Member,Male,6,1.77,10.62,Zaad,Yusuf Farah,2024,10,October
INV103137,2024-10-28,Hodan-Taleex,Fruits,Orange (kg),Regular,Male,3,1.15,3.45,Evc Plus,Fadumo Yusuf,2024,10,October
INV103206,2024-10-28,Laba Dhagax,Beverages,Black Tea Pack,Regular,Female,6,1.61,9.66,Cash,Yusuf Farah,2024,10,October
INV103413,2024-10-28,Hamar Weyne,Beverages,Soft Drink Cola 500ml,Member,Female,8,1.2,9.6,Visa,Khadija Omar,2024,10,October
INV103282,2024-10-28,Hamar Weyne,Beverages,Coffee 200g,Member,Male,8,3.35,26.8,Evc Plus,Ahmed Abdi,2024,10,October
INV103341,2024-10-28,Hodan-Taleex,Bakery,White Bread,Member,Female,2,0.74,1.48,Cash,Fadumo Yusuf,2024,10,October
INV103255,2024-10-28,Laba Dhagax,Snacks,Potato Chips,Regular,Female,4,1.02,4.08,Cash,Yusuf Farah,2024,10,October
INV103167,2024-10-28,Laba Dhagax,Vegetables,Potato (kg),Member,Male,2,0.98,1.96,Zaad,Sahra Ibrahim,2024,10,October
INV103451,2024-10-28,Hamar Weyne,Beverages,Coffee 200g,Regular,Female,3,3.8,11.4,Evc Plus,Ahmed Abdi,2024,10,October
INV103202,2024-10-29,Hodan-Taleex,Household,Dish Soap 500ml,Regular,Female,5,1.51,7.55,Visa,Amina Hassan,2024,10,October
INV103460,2024-10-29,Hamar Weyne,Snacks,Chocolate Bar,Regular,Female,5,0.79,3.95,Visa,Khadija Omar,2024,10,October
INV103430,2024-10-29,Hodan-Taleex,Bakery,White Bread,Regular,Female,4,0.62,2.48,Evc Plus,Abdirahman Nur,2024,10,October
INV103117,2024-10-29,Hamar Weyne,Beverages,Apple Juice 1L,Regular,Male,1,2.16,2.16,Evc Plus,Hodan Warsame,2024,10,October
INV103509,2024-10-29,Hodan-Taleex,Dairy,Eggs Tray (30pcs),Regular,Male,3,5.2,15.6,Zaad,Mohamed Ali,2024,10,October
INV103415,2024-10-29,Hodan-Taleex,Household,Pasta 500g,Member,Female,2,1.68,3.36,Evc Plus,Amina Hassan,2024,10,October
INV103168,2024-10-29,Hamar Weyne,Snacks,Popcorn Pack,Regular,Male,3,0.86,2.58,Cash,Hodan Warsame,2024,10,October
INV103297,2024-10-29,Hodan-Taleex,Dairy,Yogurt 500g,Member,Male,7,2.08,14.56,Zaad,Amina Hassan,2024,10,October
INV103312,2024-10-29,Hodan-Taleex,Household,Dish Soap 500ml,Member,Female,3,1.83,5.49,Evc Plus,Amina Hassan,2024,10,October
INV103192,2024-10-29,Hodan-Taleex,Dairy,Fresh Cream 200ml,Member,Male,4,2.46,9.84,Evc Plus,Amina Hassan,2024,10,October
INV103366,2024-10-29,Hodan-Taleex,Dairy,Milk 1L,Regular,Male,3,1.75,5.25,Zaad,Mohamed Ali,2024,10,October
INV103420,2024-10-29,Hamar Weyne,Personal Care,Body Lotion 200ml,Regular,Male,4,3.92,15.68,Evc Plus,Hodan Warsame,2024,10,October
INV103489,2024-10-29,Hodan-Taleex,Bakery,Donut,Member,Male,3,0.83,2.49,Evc Plus,Mohamed Ali,2024,10,October
INV103259,2024-10-29,Hamar Weyne,Dairy,Yogurt 500g,Regular,Female,1,1.9,1.9,Zaad,Ahmed Abdi,2024,10,October
INV103191,2024-10-29,Hodan-Taleex,Household,Flour 2kg,Member,Male,6,1.97,11.82,Evc Plus,Fadumo Yusuf,2024,10,October
INV103174,2024-10-29,Hodan-Taleex,Dairy,Fresh Cream 200ml,Member,Male,2,1.74,3.48,Zaad,Fadumo Yusuf,2024,10,October
INV103246,2024-10-30,Hamar Weyne,Dairy,Fresh Cream 200ml,Regular,Male,2,1.63,3.26,Evc Plus,Ahmed Abdi,2024,10,October
INV103473,2024-10-30,Hamar Weyne,Dairy,Butter 250g,Member,Male,2,3.23,6.46,Evc Plus,Khadija Omar,2024,10,October
INV103463,2024-10-30,Hodan-Taleex,Beverages,Soft Drink Cola 500ml,Regular,Female,3,0.87,2.61,Cash,Mohamed Ali,2024,10,October
INV103338,2024-10-30,Hamar Weyne,Household,Pasta 500g,Regular,Female,1,1.64,1.64,Evc Plus,Hodan Warsame,2024,10,October
INV103393,2024-10-30,Hamar Weyne,Household,Sugar 2kg,Regular,Female,2,2.99,5.98,Zaad,Hodan Warsame,2024,10,October
INV103320,2024-10-30,Hamar Weyne,Bakery,Biscuits Pack,Regular,Male,5,1.47,7.35,Evc Plus,Hodan Warsame,2024,10,October
INV103229,2024-10-30,Hamar Weyne,Personal Care,Toothbrush,Regular,Female,6,1.16,6.96,Evc Plus,Khadija Omar,2024,10,October
INV103142,2024-10-30,Hodan-Taleex,Household,Laundry Detergent 1kg,Regular,Male,3,2.86,8.58,Visa,Fadumo Yusuf,2024,10,October
INV103411,2024-10-30,Hamar Weyne,Vegetables,Carrot (kg),Member,Male,2,1.06,2.12,Cash,Ahmed Abdi,2024,10,October
INV103365,2024-10-30,Hodan-Taleex,Snacks,Candy Pack,Regular,Female,4,0.62,2.48,Visa,Fadumo Yusuf,2024,10,October
INV103348,2024-10-30,Hodan-Taleex,Dairy,Milk 1L,Member,Male,2,1.69,3.38,Zaad,Amina Hassan,2024,10,October
INV103457,2024-10-30,Hamar Weyne,Beverages,Coffee 200g,Regular,Male,3,3.75,11.25,Evc Plus,Ahmed Abdi,2024,10,October
INV103513,2024-10-30,Hodan-Taleex,Fruits,Mango (kg),Member,Male,4,1.4,5.6,Zaad,Abdirahman Nur,2024,10,October
INV103269,2024-10-31,Hamar Weyne,Vegetables,Cucumber (kg),Regular,Male,3,0.76,2.28,Zaad,Ahmed Abdi,2024,10,October
INV103244,2024-10-31,Hodan-Taleex,Snacks,Biscuit Snack Pack,Member,Female,5,0.9,4.5,Zaad,Fadumo Yusuf,2024,10,October
INV103326,2024-10-31,Hodan-Taleex,Dairy,Cheese 200g,Regular,Male,4,2.93,11.72,Visa,Abdirahman Nur,2024,10,October
INV103272,2024-10-31,Hamar Weyne,Beverages,Coffee 200g,Regular,Female,3,3.23,9.69,Zaad,Ahmed Abdi,2024,10,October
INV103417,2024-10-31,Laba Dhagax,Bakery,Croissant,Member,Male,2,1.29,2.58,Zaad,Yusuf Farah,2024,10,October
INV103381,2024-10-31,Hodan-Taleex,Beverages,Coffee 200g,Regular,Female,4,3.05,12.2,Cash,Mohamed Ali,2024,10,October
INV103475,2024-10-31,Hamar Weyne,Fruits,Orange (kg),Member,Male,6,1.36,8.16,Visa,Khadija Omar,2024,10,October
INV103292,2024-10-31,Hodan-Taleex,Snacks,Candy Pack,Regular,Female,6,0.74,4.44,Evc Plus,Fadumo Yusuf,2024,10,October
INV103218,2024-10-31,Hodan-Taleex,Fruits,Mango (kg),Member,Male,3,1.48,4.44,Evc Plus,Fadumo Yusuf,2024,10,October
INV103360,2024-10-31,Hodan-Taleex,Household,Rice 5kg,Member,Male,7,9.04,63.28,Cash,Amina Hassan,2024,10,October
INV103271,2024-10-31,Hodan-Taleex,Fruits,Orange (kg),Regular,Female,1,1.18,1.18,Evc Plus,Mohamed Ali,2024,10,October
INV103409,2024-10-31,Hodan-Taleex,Vegetables,Potato (kg),Regular,Male,2,0.89,1.78,Zaad,Fadumo Yusuf,2024,10,October
INV103449,2024-10-31,Laba Dhagax,Personal Care,Hand Sanitizer 100ml,Regular,Male,2,1.56,3.12,Evc Plus,Yusuf Farah,2024,10,October
INV103217,2024-10-31,Hamar Weyne,Vegetables,Cabbage (each),Member,Male,2,1.36,2.72,Evc Plus,Hodan Warsame,2024,10,October
INV103803,2024-11-01,Hodan-Taleex,Beverages,Coffee 200g,Regular,Male,2,2.71,5.42,Zaad,Fadumo Yusuf,2024,11,November
INV103634,2024-11-01,Hodan-Taleex,Beverages,Bottled Water 500ml,Regular,Female,5,0.38,1.9,Zaad,Mohamed Ali,2024,11,November
INV103917,2024-11-01,Hodan-Taleex,Vegetables,Potato (kg),Member,Female,8,0.83,6.64,Zaad,Amina Hassan,2024,11,November
INV103546,2024-11-01,Laba Dhagax,Bakery,Cupcake,Regular,Female,5,0.68,3.4,Visa,Yusuf Farah,2024,11,November
INV103528,2024-11-01,Laba Dhagax,Bakery,Biscuits Pack,Regular,Male,2,1.42,2.84,Zaad,Sahra Ibrahim,2024,11,November
INV103625,2024-11-01,Hamar Weyne,Personal Care,Bar Soap,Member,Female,8,0.61,4.88,Cash,Ahmed Abdi,2024,11,November
INV103820,2024-11-01,Hodan-Taleex,Dairy,Butter 250g,Regular,Female,2,2.98,5.96,Cash,Mohamed Ali,2024,11,November
INV103548,2024-11-01,Laba Dhagax,Vegetables,Cucumber (kg),Regular,Female,5,0.63,3.15,Cash,Sahra Ibrahim,2024,11,November
INV103530,2024-11-01,Laba Dhagax,Beverages,Orange Juice 1L,Regular,Female,6,1.89,11.34,Evc Plus,Sahra Ibrahim,2024,11,November
INV103681,2024-11-01,Hamar Weyne,Personal Care,Shampoo 400ml,Regular,Male,5,3.33,16.65,Cash,Hodan Warsame,2024,11,November
INV103731,2024-11-01,Hamar Weyne,Snacks,Popcorn Pack,Member,Female,3,1.06,3.18,Evc Plus,Hodan Warsame,2024,11,November
INV103563,2024-11-01,Hodan-Taleex,Fruits,Apple (kg),Member,Female,8,2.01,16.08,Visa,Amina Hassan,2024,11,November
INV103831,2024-11-01,Laba Dhagax,Vegetables,Tomato (kg),Member,Male,3,0.8,2.4,Evc Plus,Yusuf Farah,2024,11,November
INV103781,2024-11-01,Hodan-Taleex,Dairy,Fresh Cream 200ml,Member,Female,2,2.21,4.42,Evc Plus,Abdirahman Nur,2024,11,November
INV103642,2024-11-01,Hodan-Taleex,Vegetables,Cabbage (each),Regular,Male,6,1.16,6.96,Evc Plus,Abdirahman Nur,2024,11,November
INV103899,2024-11-01,Hodan-Taleex,Snacks,Chocolate Bar,Member,Male,2,1.04,2.08,Evc Plus,Mohamed Ali,2024,11,November
INV103903,2024-11-02,Laba Dhagax,Bakery,Donut,Regular,Male,1,0.73,0.73,Evc Plus,Yusuf Farah,2024,11,November
INV103608,2024-11-02,Hodan-Taleex,Vegetables,Carrot (kg),Regular,Female,1,0.92,0.92,Evc Plus,Fadumo Yusuf,2024,11,November
INV103665,2024-11-02,Laba Dhagax,Snacks,Chocolate Bar,Regular,Male,4,0.8,3.2,Cash,Sahra Ibrahim,2024,11,November
INV103951,2024-11-02,Hodan-Taleex,Vegetables,Carrot (kg),Regular,Female,4,0.92,3.68,Cash,Mohamed Ali,2024,11,November
INV103722,2024-11-02,Hamar Weyne,Bakery,White Bread,Member,Female,2,0.86,1.72,Zaad,Hodan Warsame,2024,11,November
INV103946,2024-11-02,Hodan-Taleex,Bakery,Croissant,Regular,Female,3,1.26,3.78,Visa,Amina Hassan,2024,11,November
INV103789,2024-11-02,Hodan-Taleex,Bakery,Brown Bread,Regular,Female,2,0.83,1.66,Evc Plus,Fadumo Yusuf,2024,11,November
INV103597,2024-11-02,Hamar Weyne,Snacks,Candy Pack,Member,Female,8,0.63,5.04,Visa,Hodan Warsame,2024,11,November
INV103956,2024-11-02,Hodan-Taleex,Fruits,Banana (kg),Member,Female,3,1.1,3.3,Evc Plus,Fadumo Yusuf,2024,11,November
INV103614,2024-11-02,Hodan-Taleex,Beverages,Bottled Water 500ml,Regular,Female,3,0.34,1.02,Evc Plus,Amina Hassan,2024,11,November
INV103854,2024-11-02,Laba Dhagax,Vegetables,Cabbage (each),Regular,Male,4,0.97,3.88,Evc Plus,Sahra Ibrahim,2024,11,November
INV103851,2024-11-02,Hodan-Taleex,Bakery,Biscuits Pack,Regular,Male,2,0.86,1.72,Visa,Amina Hassan,2024,11,November
INV103939,2024-11-02,Hodan-Taleex,Bakery,Cupcake,Regular,Female,2,0.88,1.76,Zaad,Amina Hassan,2024,11,November
INV103619,2024-11-02,Hodan-Taleex,Beverages,Apple Juice 1L,Regular,Female,4,1.57,6.28,Zaad,Mohamed Ali,2024,11,November
INV103584,2024-11-02,Hodan-Taleex,Personal Care,Hand Sanitizer 100ml,Regular,Male,1,1.46,1.46,Zaad,Mohamed Ali,2024,11,November
INV103825,2024-11-02,Laba Dhagax,Dairy,Fresh Cream 200ml,Regular,Male,4,1.76,7.04,Zaad,Yusuf Farah,2024,11,November
INV103757,2024-11-02,Laba Dhagax,Dairy,Cheese 200g,Member,Female,3,3.1,9.3,Evc Plus,Sahra Ibrahim,2024,11,November
INV103632,2024-11-02,Hodan-Taleex,Beverages,Coffee 200g,Regular,Male,1,3.97,3.97,Evc Plus,Fadumo Yusuf,2024,11,November
INV103940,2024-11-02,Hodan-Taleex,Vegetables,Tomato (kg),Regular,Female,5,1.0,5.0,Evc Plus,Abdirahman Nur,2024,11,November
INV103785,2024-11-02,Hodan-Taleex,Vegetables,Potato (kg),Regular,Male,3,0.94,2.82,Visa,Fadumo Yusuf,2024,11,November
INV103836,2024-11-02,Laba Dhagax,Bakery,Biscuits Pack,Regular,Female,6,1.06,6.36,Evc Plus,Sahra Ibrahim,2024,11,November
INV103521,2024-11-02,Hodan-Taleex,Household,Laundry Detergent 1kg,Regular,Male,3,3.07,9.21,Evc Plus,Abdirahman Nur,2024,11,November
INV103765,2024-11-02,Hamar Weyne,Vegetables,Carrot (kg),Regular,Female,3,1.1,3.3,Evc Plus,Khadija Omar,2024,11,November
INV103569,2024-11-03,Hodan-Taleex,Bakery,Cupcake,Regular,Female,6,0.68,4.08,Zaad,Mohamed Ali,2024,11,November
INV103574,2024-11-03,Hodan-Taleex,Household,Dish Soap 500ml,Regular,Male,3,1.35,4.05,Evc Plus,Amina Hassan,2024,11,November
INV103878,2024-11-03,Laba Dhagax,Household,Dish Soap 500ml,Regular,Male,1,1.55,1.55,Cash,Yusuf Farah,2024,11,November
INV103882,2024-11-03,Hamar Weyne,Personal Care,Shampoo 400ml,Member,Male,2,4.14,8.28,Evc Plus,Hodan Warsame,2024,11,November
INV103752,2024-11-03,Laba Dhagax,Household,Pasta 500g,Member,Female,8,1.64,13.12,Cash,Sahra Ibrahim,2024,11,November
INV103541,2024-11-03,Hodan-Taleex,Fruits,Watermelon (each),Member,Female,8,2.13,17.04,Zaad,Abdirahman Nur,2024,11,November
INV103648,2024-11-03,Hamar Weyne,Snacks,Candy Pack,Member,Female,4,0.72,2.88,Evc Plus,Hodan Warsame,2024,11,November
INV103738,2024-11-03,Hamar Weyne,Snacks,Chocolate Bar,Regular,Female,1,0.88,0.88,Evc Plus,Hodan Warsame,2024,11,November
INV103866,2024-11-03,Hamar Weyne,Fruits,Watermelon (each),Regular,Female,5,3.03,15.15,Evc Plus,Hodan Warsame,2024,11,November
INV103847,2024-11-03,Hamar Weyne,Bakery,Croissant,Regular,Female,5,1.24,6.2,Visa,Ahmed Abdi,2024,11,November
INV103585,2024-11-03,Hamar Weyne,Fruits,Mango (kg),Regular,Female,2,1.75,3.5,Evc Plus,Hodan Warsame,2024,11,November
INV103816,2024-11-03,Laba Dhagax,Dairy,Butter 250g,Regular,Female,4,2.58,10.32,Evc Plus,Sahra Ibrahim,2024,11,November
INV103776,2024-11-03,Hodan-Taleex,Household,Pasta 500g,Regular,Female,2,1.09,2.18,Evc Plus,Mohamed Ali,2024,11,November
INV103583,2024-11-03,Laba Dhagax,Vegetables,Cucumber (kg),Regular,Male,3,0.92,2.76,Evc Plus,Sahra Ibrahim,2024,11,November
INV103912,2024-11-03,Hodan-Taleex,Vegetables,Potato (kg),Regular,Female,1,0.6,0.6,Zaad,Mohamed Ali,2024,11,November
INV103713,2024-11-04,Hodan-Taleex,Snacks,Potato Chips,Regular,Female,2,0.82,1.64,Zaad,Amina Hassan,2024,11,November
INV103741,2024-11-04,Hodan-Taleex,Fruits,Grapes (kg),Regular,Male,1,2.52,2.52,Visa,Mohamed Ali,2024,11,November
INV103555,2024-11-04,Laba Dhagax,Fruits,Watermelon (each),Regular,Female,5,2.47,12.35,Zaad,Yusuf Farah,2024,11,November
INV103683,2024-11-04,Hodan-Taleex,Fruits,Grapes (kg),Member,Male,5,3.82,19.1,Evc Plus,Mohamed Ali,2024,11,November
INV103788,2024-11-04,Hodan-Taleex,Household,Cooking Oil 1L,Regular,Male,4,3.16,12.64,Evc Plus,Abdirahman Nur,2024,11,November
INV103529,2024-11-04,Hamar Weyne,Personal Care,Bar Soap,Member,Female,5,0.72,3.6,Evc Plus,Hodan Warsame,2024,11,November
INV103542,2024-11-04,Laba Dhagax,Dairy,Fresh Cream 200ml,Regular,Male,4,2.04,8.16,Zaad,Sahra Ibrahim,2024,11,November
INV103629,2024-11-04,Hamar Weyne,Dairy,Butter 250g,Regular,Male,4,2.28,9.12,Evc Plus,Khadija Omar,2024,11,November
INV103898,2024-11-04,Hamar Weyne,Household,Rice 5kg,Regular,Female,5,8.57,42.85,Cash,Khadija Omar,2024,11,November
INV103911,2024-11-04,Hamar Weyne,Bakery,White Bread,Member,Female,3,0.76,2.28,Evc Plus,Ahmed Abdi,2024,11,November
INV103527,2024-11-04,Hodan-Taleex,Bakery,Cupcake,Regular,Male,1,0.52,0.52,Evc Plus,Mohamed Ali,2024,11,November
INV103677,2024-11-05,Laba Dhagax,Fruits,Grapes (kg),Member,Male,7,3.09,21.63,Evc Plus,Sahra Ibrahim,2024,11,November
INV103724,2024-11-05,Hodan-Taleex,Fruits,Apple (kg),Regular,Male,1,1.53,1.53,Zaad,Fadumo Yusuf,2024,11,November
INV103834,2024-11-05,Laba Dhagax,Fruits,Watermelon (each),Member,Male,5,3.28,16.4,Cash,Yusuf Farah,2024,11,November
INV103609,2024-11-05,Hamar Weyne,Beverages,Coffee 200g,Regular,Female,6,2.88,17.28,Evc Plus,Khadija Omar,2024,11,November
INV103587,2024-11-05,Hodan-Taleex,Dairy,Butter 250g,Regular,Male,3,3.31,9.93,Evc Plus,Abdirahman Nur,2024,11,November
INV103700,2024-11-05,Laba Dhagax,Beverages,Sprite 500ml,Regular,Female,2,1.2,2.4,Cash,Yusuf Farah,2024,11,November
INV103559,2024-11-05,Hodan-Taleex,Bakery,Brown Bread,Regular,Female,3,0.77,2.31,Cash,Abdirahman Nur,2024,11,November
INV103579,2024-11-05,Hodan-Taleex,Personal Care,Bar Soap,Member,Female,3,0.91,2.73,Visa,Fadumo Yusuf,2024,11,November
INV103830,2024-11-05,Hodan-Taleex,Household,Cooking Oil 1L,Regular,Male,1,2.7,2.7,Evc Plus,Mohamed Ali,2024,11,November
INV103859,2024-11-05,Hamar Weyne,Bakery,Cupcake,Member,Male,4,0.84,3.36,Zaad,Hodan Warsame,2024,11,November
INV103768,2024-11-05,Hodan-Taleex,Beverages,Coffee 200g,Regular,Male,6,3.82,22.92,Evc Plus,Abdirahman Nur,2024,11,November
INV103658,2024-11-05,Laba Dhagax,Snacks,Potato Chips,Member,Female,7,0.86,6.02,Zaad,Yusuf Farah,2024,11,November
INV103668,2024-11-05,Hodan-Taleex,Household,Rice 5kg,Regular,Male,5,8.11,40.55,Evc Plus,Abdirahman Nur,2024,11,November
INV103884,2024-11-05,Laba Dhagax,Snacks,Chocolate Bar,Member,Male,7,0.82,5.74,Zaad,Yusuf Farah,2024,11,November
INV103640,2024-11-05,Hodan-Taleex,Vegetables,Onion (kg),Regular,Male,1,1.04,1.04,Evc Plus,Mohamed Ali,2024,11,November
INV103682,2024-11-05,Hamar Weyne,Household,Flour 2kg,Member,Female,3,2.34,7.02,Zaad,Khadija Omar,2024,11,November
INV103872,2024-11-05,Laba Dhagax,Fruits,Mango (kg),Member,Male,3,1.85,5.55,Visa,Yusuf Farah,2024,11,November
INV103734,2024-11-05,Laba Dhagax,Household,Dish Soap 500ml,Member,Male,3,1.32,3.96,Evc Plus,Yusuf Farah,2024,11,November
INV103660,2024-11-05,Hamar Weyne,Household,Sugar 2kg,Regular,Male,6,2.01,12.06,Zaad,Ahmed Abdi,2024,11,November
INV103662,2024-11-05,Hodan-Taleex,Dairy,Eggs Tray (30pcs),Member,Male,3,5.2,15.6,Evc Plus,Amina Hassan,2024,11,November
INV103868,2024-11-06,Laba Dhagax,Vegetables,Tomato (kg),Regular,Female,6,1.03,6.18,Visa,Sahra Ibrahim,2024,11,November
INV103595,2024-11-06,Laba Dhagax,Fruits,Mango (kg),Regular,Male,3,1.97,5.91,Zaad,Yusuf Farah,2024,11,November
INV103778,2024-11-06,Hodan-Taleex,Bakery,Biscuits Pack,Regular,Male,1,0.9,0.9,Zaad,Fadumo Yusuf,2024,11,November
INV103673,2024-11-06,Hamar Weyne,Dairy,Eggs Tray (30pcs),Regular,Male,5,4.27,21.35,Evc Plus,Ahmed Abdi,2024,11,November
INV103964,2024-11-06,Hodan-Taleex,Fruits,Watermelon (each),Regular,Male,5,2.66,13.3,Evc Plus,Fadumo Yusuf,2024,11,November
INV103840,2024-11-06,Hodan-Taleex,Household,Rice 5kg,Regular,Male,1,7.86,7.86,Cash,Amina Hassan,2024,11,November
INV103873,2024-11-06,Hodan-Taleex,Household,Flour 2kg,Member,Female,6,2.67,16.02,Cash,Amina Hassan,2024,11,November
INV103557,2024-11-06,Hamar Weyne,Bakery,Brown Bread,Member,Female,4,0.85,3.4,Cash,Ahmed Abdi,2024,11,November
INV103649,2024-11-06,Hodan-Taleex,Snacks,Biscuit Snack Pack,Regular,Female,6,0.99,5.94,Evc Plus,Fadumo Yusuf,2024,11,November
INV103865,2024-11-06,Hodan-Taleex,Beverages,Bottled Water 500ml,Member,Female,5,0.31,1.55,Cash,Fadumo Yusuf,2024,11,November
INV103905,2024-11-06,Hamar Weyne,Snacks,Peanuts 200g,Regular,Male,3,1.13,3.39,Evc Plus,Hodan Warsame,2024,11,November
INV103888,2024-11-06,Laba Dhagax,Household,Laundry Detergent 1kg,Regular,Male,1,3.69,3.69,Visa,Sahra Ibrahim,2024,11,November
INV103617,2024-11-06,Laba Dhagax,Dairy,Cheese 200g,Member,Female,6,3.42,20.52,Zaad,Sahra Ibrahim,2024,11,November
INV103921,2024-11-06,Hamar Weyne,Snacks,Candy Pack,Member,Female,4,0.76,3.04,Zaad,Hodan Warsame,2024,11,November
INV103644,2024-11-06,Laba Dhagax,Bakery,Biscuits Pack,Regular,Male,4,1.29,5.16,Evc Plus,Sahra Ibrahim,2024,11,November
INV103908,2024-11-06,Laba Dhagax,Vegetables,Cabbage (each),Regular,Female,2,1.31,2.62,Zaad,Sahra Ibrahim,2024,11,November
INV103601,2024-11-06,Hodan-Taleex,Household,Laundry Detergent 1kg,Regular,Female,1,3.53,3.53,Evc Plus,Abdirahman Nur,2024,11,November
INV103691,2024-11-06,Hodan-Taleex,Bakery,Brown Bread,Regular,Female,4,1.09,4.36,Evc Plus,Mohamed Ali,2024,11,November
INV103718,2024-11-06,Hamar Weyne,Beverages,Soft Drink Cola 500ml,Member,Male,5,0.85,4.25,Evc Plus,Khadija Omar,2024,11,November
INV103708,2024-11-07,Hodan-Taleex,Beverages,Soft Drink Cola 500ml,Member,Female,7,1.02,7.14,Zaad,Fadumo Yusuf,2024,11,November
INV103729,2024-11-07,Hamar Weyne,Beverages,Black Tea Pack,Regular,Female,2,1.91,3.82,Evc Plus,Ahmed Abdi,2024,11,November
INV103909,2024-11-07,Hamar Weyne,Dairy,Milk 1L,Regular,Female,6,1.63,9.78,Evc Plus,Ahmed Abdi,2024,11,November
INV103566,2024-11-07,Laba Dhagax,Vegetables,Onion (kg),Regular,Female,1,0.83,0.83,Evc Plus,Yusuf Farah,2024,11,November
INV103924,2024-11-07,Hodan-Taleex,Snacks,Biscuit Snack Pack,Member,Male,3,0.73,2.19,Evc Plus,Fadumo Yusuf,2024,11,November
INV103726,2024-11-07,Hamar Weyne,Fruits,Apple (kg),Regular,Female,6,2.35,14.1,Cash,Hodan Warsame,2024,11,November
INV103862,2024-11-07,Hamar Weyne,Personal Care,Toothbrush,Regular,Male,6,1.18,7.08,Zaad,Hodan Warsame,2024,11,November
INV103966,2024-11-07,Hodan-Taleex,Bakery,Brown Bread,Member,Female,4,0.99,3.96,Cash,Amina Hassan,2024,11,November
INV103735,2024-11-07,Hamar Weyne,Personal Care,Bar Soap,Regular,Female,2,0.85,1.7,Cash,Ahmed Abdi,2024,11,November
INV103933,2024-11-07,Hodan-Taleex,Vegetables,Tomato (kg),Regular,Female,1,1.18,1.18,Evc Plus,Fadumo Yusuf,2024,11,November
INV103661,2024-11-07,Hamar Weyne,Household,Pasta 500g,Regular,Male,2,1.03,2.06,Cash,Ahmed Abdi,2024,11,November
INV103746,2024-11-07,Hamar Weyne,Bakery,Brown Bread,Regular,Male,2,1.09,2.18,Cash,Khadija Omar,2024,11,November
INV103655,2024-11-07,Hodan-Taleex,Bakery,Cupcake,Member,Male,2,0.57,1.14,Cash,Abdirahman Nur,2024,11,November
INV103835,2024-11-08,Hamar Weyne,Household,Cooking Oil 1L,Member,Female,8,3.72,29.76,Zaad,Khadija Omar,2024,11,November
INV103692,2024-11-08,Hodan-Taleex,Household,Dish Soap 500ml,Member,Male,4,1.63,6.52,Zaad,Fadumo Yusuf,2024,11,November
INV103656,2024-11-08,Hodan-Taleex,Snacks,Candy Pack,Member,Male,7,0.87,6.09,Zaad,Fadumo Yusuf,2024,11,November
INV103565,2024-11-08,Laba Dhagax,Personal Care,Toothpaste,Member,Male,2,2.13,4.26,Cash,Sahra Ibrahim,2024,11,November
INV103698,2024-11-08,Hamar Weyne,Dairy,Eggs Tray (30pcs),Member,Female,3,4.22,12.66,Evc Plus,Ahmed Abdi,2024,11,November
INV103786,2024-11-08,Hodan-Taleex,Vegetables,Onion (kg),Member,Male,4,0.76,3.04,Cash,Amina Hassan,2024,11,November
INV103635,2024-11-08,Hamar Weyne,Bakery,White Bread,Regular,Male,4,0.76,3.04,Zaad,Hodan Warsame,2024,11,November
INV103945,2024-11-08,Hamar Weyne,Snacks,Peanuts 200g,Regular,Female,4,1.39,5.56,Zaad,Hodan Warsame,2024,11,November
INV103643,2024-11-08,Laba Dhagax,Bakery,White Bread,Regular,Male,3,0.94,2.82,Zaad,Yusuf Farah,2024,11,November
INV103591,2024-11-08,Hodan-Taleex,Snacks,Peanuts 200g,Regular,Female,2,0.99,1.98,Evc Plus,Mohamed Ali,2024,11,November
INV103710,2024-11-08,Hodan-Taleex,Dairy,Milk 1L,Regular,Male,4,1.45,5.8,Cash,Fadumo Yusuf,2024,11,November
INV103962,2024-11-09,Hodan-Taleex,Dairy,Milk 1L,Regular,Female,4,1.63,6.52,Evc Plus,Mohamed Ali,2024,11,November
INV103520,2024-11-09,Laba Dhagax,Vegetables,Cucumber (kg),Member,Male,8,0.79,6.32,Cash,Yusuf Farah,2024,11,November
INV103641,2024-11-09,Hamar Weyne,Fruits,Watermelon (each),Regular,Female,5,2.28,11.4,Evc Plus,Khadija Omar,2024,11,November
INV103808,2024-11-09,Hodan-Taleex,Beverages,Apple Juice 1L,Regular,Male,1,1.54,1.54,Zaad,Mohamed Ali,2024,11,November
INV103522,2024-11-09,Hodan-Taleex,Personal Care,Toothpaste,Member,Female,7,1.75,12.25,Zaad,Amina Hassan,2024,11,November
INV103561,2024-11-09,Hodan-Taleex,Personal Care,Shampoo 400ml,Regular,Female,6,3.96,23.76,Evc Plus,Amina Hassan,2024,11,November
INV103936,2024-11-09,Hodan-Taleex,Fruits,Grapes (kg),Regular,Female,5,3.3,16.5,Evc Plus,Amina Hassan,2024,11,November
INV103798,2024-11-09,Hodan-Taleex,Personal Care,Body Lotion 200ml,Regular,Male,6,3.92,23.52,Zaad,Mohamed Ali,2024,11,November
INV103895,2024-11-09,Hamar Weyne,Beverages,Sprite 500ml,Member,Male,4,0.83,3.32,Cash,Ahmed Abdi,2024,11,November
INV103695,2024-11-09,Hodan-Taleex,Vegetables,Tomato (kg),Regular,Male,3,1.19,3.57,Zaad,Abdirahman Nur,2024,11,November
INV103941,2024-11-09,Laba Dhagax,Snacks,Candy Pack,Regular,Male,3,0.71,2.13,Evc Plus,Sahra Ibrahim,2024,11,November
INV103787,2024-11-09,Hamar Weyne,Bakery,Donut,Regular,Male,5,0.9,4.5,Visa,Khadija Omar,2024,11,November
INV103657,2024-11-09,Hamar Weyne,Household,Dish Soap 500ml,Member,Male,2,1.4,2.8,Evc Plus,Hodan Warsame,2024,11,November
INV103696,2024-11-09,Hodan-Taleex,Vegetables,Cabbage (each),Regular,Female,6,1.14,6.84,Zaad,Fadumo Yusuf,2024,11,November
INV103849,2024-11-09,Hodan-Taleex,Fruits,Grapes (kg),Regular,Female,5,2.92,14.6,Zaad,Fadumo Yusuf,2024,11,November
INV103838,2024-11-09,Hamar Weyne,Snacks,Potato Chips,Regular,Male,2,0.76,1.52,Evc Plus,Khadija Omar,2024,11,November
INV103578,2024-11-10,Laba Dhagax,Personal Care,Bar Soap,Regular,Male,5,0.79,3.95,Zaad,Yusuf Farah,2024,11,November
INV103702,2024-11-10,Hodan-Taleex,Snacks,Biscuit Snack Pack,Regular,Female,5,0.97,4.85,Evc Plus,Amina Hassan,2024,11,November
INV103704,2024-11-10,Hamar Weyne,Fruits,Apple (kg),Regular,Female,5,1.88,9.4,Evc Plus,Hodan Warsame,2024,11,November
INV103631,2024-11-10,Laba Dhagax,Household,Dish Soap 500ml,Member,Male,3,1.83,5.49,Visa,Sahra Ibrahim,2024,11,November
INV103815,2024-11-10,Hodan-Taleex,Beverages,Sprite 500ml,Regular,Female,6,0.93,5.58,Evc Plus,Mohamed Ali,2024,11,November
INV103653,2024-11-10,Hodan-Taleex,Bakery,Biscuits Pack,Regular,Female,3,1.47,4.41,Zaad,Abdirahman Nur,2024,11,November
INV103819,2024-11-10,Laba Dhagax,Beverages,Apple Juice 1L,Member,Male,3,1.81,5.43,Evc Plus,Sahra Ibrahim,2024,11,November
INV103678,2024-11-10,Hodan-Taleex,Snacks,Biscuit Snack Pack,Regular,Female,3,0.74,2.22,Zaad,Amina Hassan,2024,11,November
INV103519,2024-11-10,Hamar Weyne,Snacks,Popcorn Pack,Regular,Male,6,0.94,5.64,Evc Plus,Ahmed Abdi,2024,11,November
INV103963,2024-11-10,Hodan-Taleex,Fruits,Banana (kg),Member,Female,5,0.95,4.75,Zaad,Abdirahman Nur,2024,11,November
INV103929,2024-11-10,Hamar Weyne,Vegetables,Onion (kg),Regular,Female,5,1.09,5.45,Cash,Ahmed Abdi,2024,11,November
INV103887,2024-11-10,Hodan-Taleex,Snacks,Peanuts 200g,Member,Male,5,0.99,4.95,Cash,Fadumo Yusuf,2024,11,November
INV103624,2024-11-10,Hodan-Taleex,Household,Dish Soap 500ml,Member,Male,6,1.88,11.28,Zaad,Mohamed Ali,2024,11,November
INV103892,2024-11-10,Laba Dhagax,Household,Sugar 2kg,Member,Female,7,2.16,15.12,Evc Plus,Sahra Ibrahim,2024,11,November
INV103894,2024-11-10,Hodan-Taleex,Bakery,Biscuits Pack,Member,Male,3,0.93,2.79,Evc Plus,Mohamed Ali,2024,11,November
INV103725,2024-11-10,Laba Dhagax,Household,Laundry Detergent 1kg,Regular,Male,6,2.69,16.14,Cash,Yusuf Farah,2024,11,November
INV103600,2024-11-10,Hodan-Taleex,Beverages,Coffee 200g,Regular,Male,2,3.16,6.32,Evc Plus,Abdirahman Nur,2024,11,November
INV103817,2024-11-10,Hodan-Taleex,Dairy,Cheese 200g,Regular,Female,1,3.83,3.83,Evc Plus,Amina Hassan,2024,11,November
INV103538,2024-11-11,Hamar Weyne,Fruits,Orange (kg),Member,Female,5,1.67,8.35,Evc Plus,Khadija Omar,2024,11,November
INV103886,2024-11-11,Hamar Weyne,Beverages,Bottled Water 500ml,Regular,Male,5,0.33,1.65,Cash,Khadija Omar,2024,11,November
INV103961,2024-11-11,Hodan-Taleex,Bakery,Biscuits Pack,Member,Male,2,1.23,2.46,Evc Plus,Mohamed Ali,2024,11,November
INV103636,2024-11-11,Hodan-Taleex,Household,Cooking Oil 1L,Regular,Male,3,3.84,11.52,Evc Plus,Mohamed Ali,2024,11,November
INV103606,2024-11-11,Hamar Weyne,Personal Care,Body Lotion 200ml,Regular,Male,1,2.98,2.98,Zaad,Khadija Omar,2024,11,November
INV103618,2024-11-11,Hodan-Taleex,Fruits,Mango (kg),Regular,Male,3,1.75,5.25,Visa,Fadumo Yusuf,2024,11,November
INV103875,2024-11-11,Hodan-Taleex,Dairy,Milk 1L,Member,Male,3,1.47,4.41,Evc Plus,Abdirahman Nur,2024,11,November
INV103910,2024-11-11,Hamar Weyne,Vegetables,Cucumber (kg),Member,Female,7,0.63,4.41,Evc Plus,Hodan Warsame,2024,11,November
INV103709,2024-11-11,Hodan-Taleex,Bakery,Cupcake,Regular,Female,1,0.62,0.62,Visa,Mohamed Ali,2024,11,November
INV103860,2024-11-11,Laba Dhagax,Bakery,White Bread,Regular,Female,2,0.75,1.5,Visa,Sahra Ibrahim,2024,11,November
INV103685,2024-11-11,Hamar Weyne,Bakery,Brown Bread,Regular,Female,6,0.92,5.52,Cash,Ahmed Abdi,2024,11,November
INV103571,2024-11-12,Hamar Weyne,Beverages,Bottled Water 500ml,Member,Female,2,0.32,0.64,Cash,Khadija Omar,2024,11,November
INV103922,2024-11-12,Hodan-Taleex,Personal Care,Shampoo 400ml,Regular,Male,6,3.28,19.68,Zaad,Amina Hassan,2024,11,November
INV103883,2024-11-12,Hodan-Taleex,Bakery,Croissant,Regular,Male,2,1.19,2.38,Evc Plus,Mohamed Ali,2024,11,November
INV103586,2024-11-12,Hamar Weyne,Dairy,Fresh Cream 200ml,Member,Male,8,2.29,18.32,Visa,Khadija Omar,2024,11,November
INV103790,2024-11-12,Laba Dhagax,Household,Rice 5kg,Member,Female,7,6.52,45.64,Cash,Yusuf Farah,2024,11,November
INV103949,2024-11-12,Laba Dhagax,Household,Flour 2kg,Member,Male,2,2.89,5.78,Cash,Yusuf Farah,2024,11,November
INV103749,2024-11-12,Hodan-Taleex,Personal Care,Shampoo 400ml,Regular,Male,2,3.97,7.94,Evc Plus,Mohamed Ali,2024,11,November
INV103959,2024-11-12,Laba Dhagax,Personal Care,Hand Sanitizer 100ml,Regular,Male,1,1.52,1.52,Visa,Sahra Ibrahim,2024,11,November
INV103580,2024-11-12,Hodan-Taleex,Vegetables,Onion (kg),Member,Male,8,1.03,8.24,Evc Plus,Abdirahman Nur,2024,11,November
INV103659,2024-11-12,Hamar Weyne,Snacks,Popcorn Pack,Regular,Male,1,0.87,0.87,Cash,Ahmed Abdi,2024,11,November
INV103841,2024-11-12,Hamar Weyne,Household,Dish Soap 500ml,Member,Male,4,1.24,4.96,Evc Plus,Hodan Warsame,2024,11,November
INV103667,2024-11-12,Hodan-Taleex,Fruits,Mango (kg),Regular,Male,4,1.57,6.28,Zaad,Amina Hassan,2024,11,November
INV103646,2024-11-12,Hodan-Taleex,Snacks,Popcorn Pack,Regular,Female,6,0.7,4.2,Evc Plus,Amina Hassan,2024,11,November
INV103602,2024-11-12,Laba Dhagax,Household,Pasta 500g,Regular,Male,4,1.57,6.28,Evc Plus,Sahra Ibrahim,2024,11,November
INV103572,2024-11-12,Hamar Weyne,Household,Flour 2kg,Regular,Male,1,1.94,1.94,Evc Plus,Ahmed Abdi,2024,11,November
INV103748,2024-11-12,Laba Dhagax,Personal Care,Body Lotion 200ml,Member,Female,4,4.0,16.0,Evc Plus,Sahra Ibrahim,2024,11,November
INV103633,2024-11-12,Hodan-Taleex,Household,Flour 2kg,Member,Female,8,2.61,20.88,Evc Plus,Amina Hassan,2024,11,November
INV103773,2024-11-13,Hamar Weyne,Beverages,Black Tea Pack,Regular,Male,2,1.44,2.88,Evc Plus,Hodan Warsame,2024,11,November
INV103823,2024-11-13,Hodan-Taleex,Personal Care,Shampoo 400ml,Regular,Male,5,4.22,21.1,Evc Plus,Fadumo Yusuf,2024,11,November
INV103628,2024-11-13,Hodan-Taleex,Beverages,Bottled Water 500ml,Member,Male,5,0.36,1.8,Zaad,Fadumo Yusuf,2024,11,November
INV103739,2024-11-13,Laba Dhagax,Snacks,Peanuts 200g,Member,Female,2,1.11,2.22,Evc Plus,Sahra Ibrahim,2024,11,November
INV103958,2024-11-13,Hodan-Taleex,Fruits,Watermelon (each),Member,Male,4,3.41,13.64,Zaad,Abdirahman Nur,2024,11,November
INV103947,2024-11-13,Hodan-Taleex,Dairy,Milk 1L,Member,Male,7,1.28,8.96,Evc Plus,Amina Hassan,2024,11,November
INV103885,2024-11-13,Hodan-Taleex,Snacks,Candy Pack,Member,Female,6,0.7,4.2,Cash,Abdirahman Nur,2024,11,November
INV103967,2024-11-13,Hamar Weyne,Bakery,Cupcake,Member,Male,2,0.8,1.6,Evc Plus,Hodan Warsame,2024,11,November
INV103751,2024-11-13,Hamar Weyne,Dairy,Milk 1L,Regular,Female,6,1.04,6.24,Cash,Khadija Omar,2024,11,November
INV103699,2024-11-13,Hodan-Taleex,Fruits,Watermelon (each),Member,Female,8,2.41,19.28,Zaad,Abdirahman Nur,2024,11,November
INV103784,2024-11-13,Laba Dhagax,Fruits,Banana (kg),Member,Male,5,1.21,6.05,Evc Plus,Yusuf Farah,2024,11,November
INV103545,2024-11-13,Hodan-Taleex,Snacks,Peanuts 200g,Member,Male,4,1.13,4.52,Evc Plus,Abdirahman Nur,2024,11,November
INV103957,2024-11-14,Hamar Weyne,Vegetables,Cucumber (kg),Regular,Female,6,0.74,4.44,Cash,Khadija Omar,2024,11,November
INV103684,2024-11-14,Hodan-Taleex,Dairy,Fresh Cream 200ml,Member,Male,4,1.72,6.88,Evc Plus,Amina Hassan,2024,11,November
INV103954,2024-11-14,Hamar Weyne,Beverages,Orange Juice 1L,Regular,Male,6,2.25,13.5,Evc Plus,Hodan Warsame,2024,11,November
INV103674,2024-11-14,Laba Dhagax,Snacks,Biscuit Snack Pack,Regular,Male,2,0.98,1.96,Evc Plus,Sahra Ibrahim,2024,11,November
INV103907,2024-11-14,Hodan-Taleex,Beverages,Soft Drink Cola 500ml,Member,Female,5,1.02,5.1,Evc Plus,Amina Hassan,2024,11,November
INV103647,2024-11-14,Hodan-Taleex,Vegetables,Potato (kg),Member,Male,8,0.64,5.12,Zaad,Amina Hassan,2024,11,November
INV103535,2024-11-14,Hamar Weyne,Household,Flour 2kg,Regular,Male,2,2.18,4.36,Evc Plus,Ahmed Abdi,2024,11,November
INV103794,2024-11-14,Hodan-Taleex,Household,Cooking Oil 1L,Regular,Female,3,3.88,11.64,Visa,Fadumo Yusuf,2024,11,November
INV103806,2024-11-14,Hodan-Taleex,Bakery,Donut,Regular,Female,6,0.88,5.28,Evc Plus,Fadumo Yusuf,2024,11,November
INV103544,2024-11-14,Hamar Weyne,Beverages,Bottled Water 500ml,Regular,Female,5,0.53,2.65,Zaad,Ahmed Abdi,2024,11,November
INV103737,2024-11-14,Hodan-Taleex,Fruits,Mango (kg),Member,Male,3,1.38,4.14,Evc Plus,Mohamed Ali,2024,11,November
INV103791,2024-11-14,Laba Dhagax,Bakery,White Bread,Member,Male,6,0.66,3.96,Visa,Yusuf Farah,2024,11,November
INV103518,2024-11-14,Hodan-Taleex,Snacks,Candy Pack,Regular,Female,5,0.73,3.65,Zaad,Fadumo Yusuf,2024,11,November
INV103766,2024-11-14,Hodan-Taleex,Beverages,Bottled Water 500ml,Regular,Male,1,0.38,0.38,Evc Plus,Abdirahman Nur,2024,11,November
INV103604,2024-11-15,Hamar Weyne,Beverages,Bottled Water 500ml,Regular,Male,6,0.34,2.04,Visa,Hodan Warsame,2024,11,November
INV103599,2024-11-15,Hodan-Taleex,Dairy,Cheese 200g,Member,Male,2,4.0,8.0,Evc Plus,Amina Hassan,2024,11,November
INV103850,2024-11-15,Laba Dhagax,Dairy,Yogurt 500g,Regular,Female,2,1.83,3.66,Cash,Sahra Ibrahim,2024,11,November
INV103832,2024-11-15,Hamar Weyne,Beverages,Orange Juice 1L,Regular,Male,2,1.75,3.5,Zaad,Hodan Warsame,2024,11,November
INV103721,2024-11-15,Hodan-Taleex,Vegetables,Tomato (kg),Member,Female,5,0.79,3.95,Visa,Abdirahman Nur,2024,11,November
INV103914,2024-11-15,Hodan-Taleex,Beverages,Coffee 200g,Member,Male,4,4.3,17.2,Evc Plus,Mohamed Ali,2024,11,November
INV103839,2024-11-15,Hamar Weyne,Bakery,Brown Bread,Regular,Male,2,0.92,1.84,Evc Plus,Ahmed Abdi,2024,11,November
INV103679,2024-11-15,Hamar Weyne,Dairy,Fresh Cream 200ml,Regular,Female,3,2.16,6.48,Zaad,Ahmed Abdi,2024,11,November
INV103858,2024-11-15,Hodan-Taleex,Fruits,Grapes (kg),Member,Female,3,2.83,8.49,Evc Plus,Abdirahman Nur,2024,11,November
INV103593,2024-11-15,Hodan-Taleex,Fruits,Orange (kg),Regular,Female,1,1.36,1.36,Visa,Amina Hassan,2024,11,November
INV103576,2024-11-15,Hodan-Taleex,Beverages,Soft Drink Cola 500ml,Member,Male,3,0.77,2.31,Evc Plus,Abdirahman Nur,2024,11,November
INV103931,2024-11-15,Laba Dhagax,Snacks,Peanuts 200g,Member,Male,6,1.27,7.62,Cash,Sahra Ibrahim,2024,11,November
INV103560,2024-11-15,Hamar Weyne,Vegetables,Cucumber (kg),Member,Female,6,0.84,5.04,Evc Plus,Ahmed Abdi,2024,11,November
INV103745,2024-11-15,Hodan-Taleex,Personal Care,Hand Sanitizer 100ml,Regular,Female,4,1.4,5.6,Evc Plus,Fadumo Yusuf,2024,11,November
INV103568,2024-11-16,Hodan-Taleex,Personal Care,Toothpaste,Member,Female,2,1.56,3.12,Cash,Fadumo Yusuf,2024,11,November
INV103562,2024-11-16,Hamar Weyne,Beverages,Coffee 200g,Regular,Female,6,3.09,18.54,Evc Plus,Hodan Warsame,2024,11,November
INV103889,2024-11-16,Hamar Weyne,Snacks,Chocolate Bar,Member,Female,5,0.98,4.9,Zaad,Ahmed Abdi,2024,11,November
INV103754,2024-11-16,Hodan-Taleex,Dairy,Eggs Tray (30pcs),Member,Male,8,3.97,31.76,Evc Plus,Abdirahman Nur,2024,11,November
INV103846,2024-11-16,Laba Dhagax,Snacks,Candy Pack,Regular,Female,2,0.82,1.64,Zaad,Sahra Ibrahim,2024,11,November
INV103577,2024-11-16,Hodan-Taleex,Vegetables,Potato (kg),Regular,Female,6,0.61,3.66,Evc Plus,Amina Hassan,2024,11,November
INV103771,2024-11-16,Hodan-Taleex,Vegetables,Tomato (kg),Regular,Male,5,1.18,5.9,Evc Plus,Abdirahman Nur,2024,11,November
INV103824,2024-11-16,Laba Dhagax,Bakery,Croissant,Member,Male,7,1.13,7.91,Evc Plus,Sahra Ibrahim,2024,11,November
INV103930,2024-11-16,Hamar Weyne,Personal Care,Body Lotion 200ml,Regular,Female,5,3.43,17.15,Zaad,Hodan Warsame,2024,11,November
INV103772,2024-11-16,Laba Dhagax,Beverages,Sprite 500ml,Regular,Male,4,1.0,4.0,Visa,Sahra Ibrahim,2024,11,November
INV103716,2024-11-17,Hamar Weyne,Personal Care,Toothbrush,Regular,Male,4,1.42,5.68,Evc Plus,Khadija Omar,2024,11,November
INV103543,2024-11-17,Laba Dhagax,Household,Cooking Oil 1L,Regular,Female,5,3.2,16.0,Evc Plus,Yusuf Farah,2024,11,November
INV103801,2024-11-17,Hodan-Taleex,Bakery,Croissant,Regular,Male,1,1.1,1.1,Cash,Mohamed Ali,2024,11,November
INV103774,2024-11-17,Laba Dhagax,Vegetables,Cabbage (each),Regular,Female,6,1.15,6.9,Zaad,Sahra Ibrahim,2024,11,November
INV103582,2024-11-17,Hamar Weyne,Vegetables,Onion (kg),Regular,Male,5,1.0,5.0,Zaad,Hodan Warsame,2024,11,November
INV103829,2024-11-17,Hodan-Taleex,Personal Care,Toothpaste,Regular,Male,2,1.7,3.4,Evc Plus,Fadumo Yusuf,2024,11,November
INV103517,2024-11-17,Hodan-Taleex,Dairy,Yogurt 500g,Member,Male,3,1.74,5.22,Evc Plus,Fadumo Yusuf,2024,11,November
INV103821,2024-11-17,Hodan-Taleex,Dairy,Cheese 200g,Member,Female,7,3.37,23.59,Zaad,Fadumo Yusuf,2024,11,November
INV103590,2024-11-17,Hodan-Taleex,Personal Care,Shampoo 400ml,Regular,Female,3,4.36,13.08,Zaad,Mohamed Ali,2024,11,November
INV103671,2024-11-17,Hamar Weyne,Beverages,Apple Juice 1L,Regular,Male,5,2.25,11.25,Cash,Ahmed Abdi,2024,11,November
INV103896,2024-11-17,Hodan-Taleex,Bakery,White Bread,Member,Female,7,0.79,5.53,Zaad,Mohamed Ali,2024,11,November
INV103652,2024-11-17,Hodan-Taleex,Beverages,Sprite 500ml,Regular,Female,5,1.22,6.1,Cash,Mohamed Ali,2024,11,November
INV103523,2024-11-17,Laba Dhagax,Dairy,Milk 1L,Regular,Male,5,1.36,6.8,Cash,Sahra Ibrahim,2024,11,November
INV103777,2024-11-17,Laba Dhagax,Fruits,Orange (kg),Member,Female,3,1.02,3.06,Visa,Yusuf Farah,2024,11,November
INV103744,2024-11-18,Hodan-Taleex,Household,Dish Soap 500ml,Regular,Female,6,1.81,10.86,Zaad,Abdirahman Nur,2024,11,November
INV103589,2024-11-18,Hamar Weyne,Beverages,Apple Juice 1L,Regular,Female,4,1.69,6.76,Zaad,Khadija Omar,2024,11,November
INV103902,2024-11-18,Hodan-Taleex,Personal Care,Toothbrush,Member,Male,6,1.04,6.24,Zaad,Mohamed Ali,2024,11,November
INV103588,2024-11-18,Hodan-Taleex,Snacks,Popcorn Pack,Regular,Male,4,1.04,4.16,Evc Plus,Abdirahman Nur,2024,11,November
INV103845,2024-11-18,Laba Dhagax,Dairy,Butter 250g,Member,Male,5,2.54,12.7,Evc Plus,Sahra Ibrahim,2024,11,November
INV103553,2024-11-18,Hodan-Taleex,Fruits,Grapes (kg),Regular,Male,3,3.97,11.91,Evc Plus,Mohamed Ali,2024,11,November
INV103714,2024-11-18,Laba Dhagax,Fruits,Watermelon (each),Regular,Female,1,3.37,3.37,Cash,Sahra Ibrahim,2024,11,November
INV103701,2024-11-18,Hodan-Taleex,Bakery,Biscuits Pack,Regular,Female,3,1.06,3.18,Visa,Amina Hassan,2024,11,November
INV103532,2024-11-18,Hodan-Taleex,Dairy,Fresh Cream 200ml,Regular,Male,6,1.74,10.44,Zaad,Amina Hassan,2024,11,November
INV103570,2024-11-18,Hamar Weyne,Vegetables,Onion (kg),Regular,Male,4,1.07,4.28,Evc Plus,Hodan Warsame,2024,11,November
INV103782,2024-11-18,Laba Dhagax,Vegetables,Onion (kg),Member,Female,5,0.75,3.75,Cash,Sahra Ibrahim,2024,11,November
INV103826,2024-11-18,Hodan-Taleex,Dairy,Milk 1L,Regular,Female,1,1.12,1.12,Zaad,Fadumo Yusuf,2024,11,November
INV103592,2024-11-18,Hodan-Taleex,Household,Pasta 500g,Member,Female,5,1.73,8.65,Evc Plus,Abdirahman Nur,2024,11,November
INV103881,2024-11-18,Laba Dhagax,Dairy,Cheese 200g,Regular,Male,1,2.91,2.91,Evc Plus,Sahra Ibrahim,2024,11,November
INV103842,2024-11-18,Hodan-Taleex,Vegetables,Carrot (kg),Regular,Female,3,1.03,3.09,Visa,Amina Hassan,2024,11,November
INV103793,2024-11-18,Hamar Weyne,Household,Cooking Oil 1L,Regular,Female,5,3.43,17.15,Evc Plus,Khadija Omar,2024,11,November
INV103950,2024-11-19,Laba Dhagax,Dairy,Fresh Cream 200ml,Member,Male,6,1.76,10.56,Cash,Yusuf Farah,2024,11,November
INV103620,2024-11-19,Hodan-Taleex,Snacks,Potato Chips,Regular,Male,6,0.76,4.56,Zaad,Abdirahman Nur,2024,11,November
INV103814,2024-11-19,Hamar Weyne,Beverages,Bottled Water 500ml,Member,Female,8,0.32,2.56,Zaad,Khadija Omar,2024,11,November
INV103848,2024-11-19,Hodan-Taleex,Bakery,Croissant,Regular,Female,5,0.82,4.1,Evc Plus,Mohamed Ali,2024,11,November
INV103935,2024-11-19,Hodan-Taleex,Snacks,Popcorn Pack,Regular,Female,2,0.86,1.72,Cash,Abdirahman Nur,2024,11,November
INV103727,2024-11-19,Hamar Weyne,Vegetables,Potato (kg),Member,Male,6,0.72,4.32,Zaad,Hodan Warsame,2024,11,November
INV103533,2024-11-19,Hamar Weyne,Fruits,Apple (kg),Regular,Male,6,2.44,14.64,Evc Plus,Khadija Omar,2024,11,November
INV103780,2024-11-19,Hodan-Taleex,Snacks,Potato Chips,Regular,Female,3,1.25,3.75,Evc Plus,Fadumo Yusuf,2024,11,November
INV103802,2024-11-19,Hodan-Taleex,Bakery,Brown Bread,Regular,Female,6,1.07,6.42,Zaad,Abdirahman Nur,2024,11,November
INV103764,2024-11-19,Hamar Weyne,Beverages,Black Tea Pack,Regular,Female,5,1.98,9.9,Evc Plus,Ahmed Abdi,2024,11,November
INV103610,2024-11-19,Laba Dhagax,Household,Sugar 2kg,Regular,Male,3,2.85,8.55,Zaad,Yusuf Farah,2024,11,November
INV103783,2024-11-19,Laba Dhagax,Snacks,Potato Chips,Member,Female,4,1.04,4.16,Evc Plus,Yusuf Farah,2024,11,November
INV103760,2024-11-19,Hamar Weyne,Vegetables,Cucumber (kg),Regular,Male,3,0.73,2.19,Visa,Khadija Omar,2024,11,November
INV103720,2024-11-19,Hodan-Taleex,Dairy,Cheese 200g,Regular,Female,4,3.18,12.72,Zaad,Mohamed Ali,2024,11,November
INV103706,2024-11-19,Laba Dhagax,Bakery,Brown Bread,Regular,Male,3,1.01,3.03,Zaad,Yusuf Farah,2024,11,November
INV103927,2024-11-20,Laba Dhagax,Personal Care,Toothbrush,Regular,Female,2,1.21,2.42,Evc Plus,Yusuf Farah,2024,11,November
INV103703,2024-11-20,Hamar Weyne,Beverages,Black Tea Pack,Regular,Female,2,1.76,3.52,Evc Plus,Ahmed Abdi,2024,11,November
INV103925,2024-11-20,Hodan-Taleex,Household,Cooking Oil 1L,Member,Male,4,2.99,11.96,Cash,Fadumo Yusuf,2024,11,November
INV103669,2024-11-20,Hodan-Taleex,Household,Laundry Detergent 1kg,Regular,Male,6,2.74,16.44,Zaad,Amina Hassan,2024,11,November
INV103616,2024-11-20,Laba Dhagax,Beverages,Sprite 500ml,Regular,Male,5,0.9,4.5,Cash,Yusuf Farah,2024,11,November
INV103733,2024-11-20,Laba Dhagax,Dairy,Yogurt 500g,Member,Female,3,1.92,5.76,Evc Plus,Yusuf Farah,2024,11,November
INV103598,2024-11-20,Hodan-Taleex,Household,Pasta 500g,Regular,Female,6,1.02,6.12,Evc Plus,Abdirahman Nur,2024,11,November
INV103812,2024-11-20,Hodan-Taleex,Fruits,Orange (kg),Regular,Female,3,1.42,4.26,Zaad,Abdirahman Nur,2024,11,November
INV103827,2024-11-20,Hodan-Taleex,Beverages,Soft Drink Cola 500ml,Regular,Male,2,1.16,2.32,Zaad,Fadumo Yusuf,2024,11,November
INV103594,2024-11-20,Hodan-Taleex,Personal Care,Shampoo 400ml,Regular,Male,4,3.22,12.88,Zaad,Fadumo Yusuf,2024,11,November
INV103809,2024-11-20,Laba Dhagax,Fruits,Banana (kg),Member,Female,2,0.87,1.74,Evc Plus,Yusuf Farah,2024,11,November
INV103918,2024-11-20,Laba Dhagax,Household,Flour 2kg,Regular,Female,2,2.72,5.44,Evc Plus,Sahra Ibrahim,2024,11,November
INV103687,2024-11-20,Hodan-Taleex,Snacks,Candy Pack,Regular,Female,5,0.88,4.4,Visa,Amina Hassan,2024,11,November
INV103750,2024-11-20,Hodan-Taleex,Beverages,Soft Drink Cola 500ml,Member,Female,3,1.16,3.48,Cash,Abdirahman Nur,2024,11,November
INV103855,2024-11-20,Laba Dhagax,Household,Sugar 2kg,Regular,Male,3,2.12,6.36,Visa,Sahra Ibrahim,2024,11,November
INV103550,2024-11-20,Laba Dhagax,Snacks,Biscuit Snack Pack,Regular,Female,4,0.61,2.44,Zaad,Sahra Ibrahim,2024,11,November
INV103797,2024-11-20,Laba Dhagax,Fruits,Banana (kg),Regular,Male,4,1.08,4.32,Evc Plus,Sahra Ibrahim,2024,11,November
INV103596,2024-11-20,Hodan-Taleex,Snacks,Biscuit Snack Pack,Member,Male,7,0.93,6.51,Evc Plus,Mohamed Ali,2024,11,November
INV103728,2024-11-21,Laba Dhagax,Personal Care,Hand Sanitizer 100ml,Regular,Male,4,1.73,6.92,Zaad,Sahra Ibrahim,2024,11,November
INV103552,2024-11-21,Hamar Weyne,Personal Care,Body Lotion 200ml,Member,Female,5,3.77,18.85,Cash,Ahmed Abdi,2024,11,November
INV103916,2024-11-21,Hodan-Taleex,Vegetables,Tomato (kg),Member,Female,5,0.89,4.45,Evc Plus,Amina Hassan,2024,11,November
INV103879,2024-11-21,Hodan-Taleex,Household,Dish Soap 500ml,Member,Female,6,1.61,9.66,Zaad,Fadumo Yusuf,2024,11,November
INV103627,2024-11-21,Hodan-Taleex,Fruits,Orange (kg),Regular,Female,1,1.17,1.17,Evc Plus,Mohamed Ali,2024,11,November
INV103770,2024-11-21,Hodan-Taleex,Household,Cooking Oil 1L,Regular,Female,4,3.3,13.2,Evc Plus,Abdirahman Nur,2024,11,November
INV103747,2024-11-21,Hodan-Taleex,Bakery,Croissant,Member,Male,7,1.05,7.35,Evc Plus,Mohamed Ali,2024,11,November
INV103953,2024-11-21,Hamar Weyne,Snacks,Popcorn Pack,Member,Female,3,0.87,2.61,Visa,Hodan Warsame,2024,11,November
INV103524,2024-11-21,Hamar Weyne,Dairy,Yogurt 500g,Regular,Male,2,2.18,4.36,Visa,Hodan Warsame,2024,11,November
INV103775,2024-11-21,Hodan-Taleex,Household,Flour 2kg,Member,Female,4,2.08,8.32,Cash,Abdirahman Nur,2024,11,November
INV103890,2024-11-21,Laba Dhagax,Fruits,Apple (kg),Regular,Female,6,2.46,14.76,Evc Plus,Sahra Ibrahim,2024,11,November
INV103920,2024-11-21,Laba Dhagax,Fruits,Mango (kg),Regular,Female,5,1.88,9.4,Zaad,Sahra Ibrahim,2024,11,November
INV103767,2024-11-21,Hamar Weyne,Household,Dish Soap 500ml,Member,Male,2,1.7,3.4,Evc Plus,Hodan Warsame,2024,11,November
INV103630,2024-11-21,Hodan-Taleex,Snacks,Candy Pack,Regular,Female,2,0.73,1.46,Evc Plus,Abdirahman Nur,2024,11,November
INV103952,2024-11-21,Hamar Weyne,Personal Care,Body Lotion 200ml,Regular,Female,6,3.87,23.22,Evc Plus,Ahmed Abdi,2024,11,November
INV103607,2024-11-21,Hodan-Taleex,Personal Care,Toothpaste,Regular,Male,3,2.47,7.41,Evc Plus,Mohamed Ali,2024,11,November
INV103715,2024-11-22,Hodan-Taleex,Fruits,Apple (kg),Regular,Male,2,1.86,3.72,Evc Plus,Fadumo Yusuf,2024,11,November
INV103689,2024-11-22,Hodan-Taleex,Personal Care,Shampoo 400ml,Member,Male,7,3.7,25.9,Evc Plus,Fadumo Yusuf,2024,11,November
INV103717,2024-11-22,Laba Dhagax,Dairy,Butter 250g,Regular,Female,6,2.98,17.88,Evc Plus,Yusuf Farah,2024,11,November
INV103756,2024-11-22,Laba Dhagax,Household,Flour 2kg,Regular,Female,2,1.82,3.64,Evc Plus,Sahra Ibrahim,2024,11,November
INV103853,2024-11-22,Laba Dhagax,Personal Care,Bar Soap,Regular,Female,6,0.81,4.86,Evc Plus,Yusuf Farah,2024,11,November
INV103937,2024-11-22,Hodan-Taleex,Fruits,Apple (kg),Member,Male,8,2.1,16.8,Cash,Fadumo Yusuf,2024,11,November
INV103813,2024-11-22,Hodan-Taleex,Bakery,Donut,Regular,Female,5,0.73,3.65,Cash,Abdirahman Nur,2024,11,November
INV103556,2024-11-22,Hodan-Taleex,Snacks,Potato Chips,Member,Female,4,1.1,4.4,Evc Plus,Abdirahman Nur,2024,11,November
INV103612,2024-11-22,Hodan-Taleex,Beverages,Soft Drink Cola 500ml,Regular,Male,4,0.89,3.56,Cash,Amina Hassan,2024,11,November
INV103800,2024-11-22,Hamar Weyne,Vegetables,Onion (kg),Member,Female,2,0.86,1.72,Zaad,Khadija Omar,2024,11,November
INV103943,2024-11-22,Hodan-Taleex,Household,Dish Soap 500ml,Regular,Male,3,1.59,4.77,Evc Plus,Mohamed Ali,2024,11,November
INV103932,2024-11-22,Hodan-Taleex,Household,Laundry Detergent 1kg,Regular,Female,3,3.34,10.02,Cash,Fadumo Yusuf,2024,11,November
INV103762,2024-11-22,Hodan-Taleex,Beverages,Sprite 500ml,Regular,Male,5,1.13,5.65,Evc Plus,Fadumo Yusuf,2024,11,November
INV103603,2024-11-22,Hodan-Taleex,Fruits,Apple (kg),Member,Female,7,2.44,17.08,Visa,Mohamed Ali,2024,11,November
INV103651,2024-11-23,Hodan-Taleex,Dairy,Yogurt 500g,Regular,Female,5,1.97,9.85,Evc Plus,Fadumo Yusuf,2024,11,November
INV103867,2024-11-23,Hodan-Taleex,Bakery,Donut,Regular,Female,4,0.7,2.8,Evc Plus,Fadumo Yusuf,2024,11,November
INV103843,2024-11-23,Hodan-Taleex,Personal Care,Toothpaste,Regular,Male,4,2.14,8.56,Zaad,Abdirahman Nur,2024,11,November
INV103564,2024-11-23,Hodan-Taleex,Bakery,Brown Bread,Regular,Female,4,1.03,4.12,Evc Plus,Mohamed Ali,2024,11,November
INV103730,2024-11-23,Hamar Weyne,Bakery,Donut,Member,Female,6,0.74,4.44,Zaad,Hodan Warsame,2024,11,November
INV103913,2024-11-23,Hamar Weyne,Bakery,Croissant,Regular,Male,2,1.25,2.5,Zaad,Hodan Warsame,2024,11,November
INV103613,2024-11-23,Hamar Weyne,Dairy,Milk 1L,Regular,Female,6,1.01,6.06,Zaad,Ahmed Abdi,2024,11,November
INV103623,2024-11-23,Hodan-Taleex,Vegetables,Cucumber (kg),Regular,Female,6,0.87,5.22,Zaad,Mohamed Ali,2024,11,November
INV103736,2024-11-23,Laba Dhagax,Beverages,Bottled Water 500ml,Regular,Female,3,0.56,1.68,Evc Plus,Sahra Ibrahim,2024,11,November
INV103852,2024-11-23,Hamar Weyne,Snacks,Popcorn Pack,Regular,Female,5,0.72,3.6,Zaad,Hodan Warsame,2024,11,November
INV103558,2024-11-23,Hodan-Taleex,Beverages,Coffee 200g,Member,Male,4,2.68,10.72,Evc Plus,Amina Hassan,2024,11,November
INV103663,2024-11-23,Hodan-Taleex,Snacks,Potato Chips,Member,Female,8,1.22,9.76,Cash,Abdirahman Nur,2024,11,November
INV103621,2024-11-23,Laba Dhagax,Snacks,Peanuts 200g,Member,Male,2,1.13,2.26,Evc Plus,Yusuf Farah,2024,11,November
INV103693,2024-11-23,Hodan-Taleex,Dairy,Butter 250g,Member,Male,8,2.05,16.4,Evc Plus,Mohamed Ali,2024,11,November
INV103769,2024-11-23,Hodan-Taleex,Beverages,Sprite 500ml,Member,Male,6,0.87,5.22,Cash,Fadumo Yusuf,2024,11,November
INV103719,2024-11-24,Laba Dhagax,Personal Care,Bar Soap,Member,Female,8,0.67,5.36,Cash,Sahra Ibrahim,2024,11,November
INV103688,2024-11-24,Hodan-Taleex,Personal Care,Toothbrush,Regular,Female,2,1.25,2.5,Visa,Amina Hassan,2024,11,November
INV103880,2024-11-24,Hamar Weyne,Snacks,Peanuts 200g,Regular,Female,1,0.92,0.92,Evc Plus,Ahmed Abdi,2024,11,November
INV103761,2024-11-24,Hodan-Taleex,Bakery,Biscuits Pack,Member,Male,4,0.86,3.44,Cash,Amina Hassan,2024,11,November
INV103712,2024-11-24,Hamar Weyne,Beverages,Orange Juice 1L,Regular,Male,5,2.15,10.75,Evc Plus,Ahmed Abdi,2024,11,November
INV103891,2024-11-24,Hodan-Taleex,Dairy,Fresh Cream 200ml,Member,Female,7,1.81,12.67,Evc Plus,Abdirahman Nur,2024,11,November
INV103818,2024-11-24,Hamar Weyne,Bakery,Donut,Member,Female,3,0.97,2.91,Evc Plus,Hodan Warsame,2024,11,November
INV103536,2024-11-24,Hodan-Taleex,Household,Laundry Detergent 1kg,Regular,Male,1,2.51,2.51,Cash,Fadumo Yusuf,2024,11,November
INV103856,2024-11-24,Hodan-Taleex,Personal Care,Bar Soap,Member,Female,3,0.8,2.4,Evc Plus,Fadumo Yusuf,2024,11,November
INV103672,2024-11-24,Hodan-Taleex,Bakery,White Bread,Regular,Male,3,0.7,2.1,Cash,Mohamed Ali,2024,11,November
INV103944,2024-11-24,Hodan-Taleex,Household,Cooking Oil 1L,Regular,Female,3,3.75,11.25,Visa,Mohamed Ali,2024,11,November
INV103876,2024-11-24,Hodan-Taleex,Dairy,Cheese 200g,Regular,Female,2,3.19,6.38,Evc Plus,Abdirahman Nur,2024,11,November
INV103900,2024-11-24,Laba Dhagax,Dairy,Cheese 200g,Regular,Female,4,3.11,12.44,Evc Plus,Sahra Ibrahim,2024,11,November
INV103654,2024-11-24,Laba Dhagax,Household,Dish Soap 500ml,Member,Male,6,1.31,7.86,Zaad,Sahra Ibrahim,2024,11,November
INV103758,2024-11-24,Hodan-Taleex,Household,Dish Soap 500ml,Regular,Female,2,1.66,3.32,Evc Plus,Fadumo Yusuf,2024,11,November
INV103759,2024-11-24,Hodan-Taleex,Household,Dish Soap 500ml,Member,Female,5,1.25,6.25,Evc Plus,Abdirahman Nur,2024,11,November
INV103877,2024-11-24,Hodan-Taleex,Household,Flour 2kg,Regular,Female,2,2.79,5.58,Cash,Mohamed Ali,2024,11,November
INV103928,2024-11-25,Hamar Weyne,Vegetables,Carrot (kg),Regular,Female,6,0.94,5.64,Zaad,Hodan Warsame,2024,11,November
INV103828,2024-11-25,Hodan-Taleex,Vegetables,Potato (kg),Regular,Female,3,0.67,2.01,Zaad,Fadumo Yusuf,2024,11,November
INV103926,2024-11-25,Hodan-Taleex,Household,Dish Soap 500ml,Member,Female,7,1.71,11.97,Zaad,Fadumo Yusuf,2024,11,November
INV103960,2024-11-25,Hodan-Taleex,Vegetables,Cucumber (kg),Regular,Male,3,0.97,2.91,Cash,Abdirahman Nur,2024,11,November
INV103615,2024-11-25,Laba Dhagax,Vegetables,Potato (kg),Member,Male,6,0.84,5.04,Evc Plus,Sahra Ibrahim,2024,11,November
INV103534,2024-11-25,Hodan-Taleex,Vegetables,Cucumber (kg),Member,Female,5,0.91,4.55,Evc Plus,Amina Hassan,2024,11,November
INV103948,2024-11-25,Hamar Weyne,Vegetables,Tomato (kg),Regular,Male,5,1.14,5.7,Zaad,Ahmed Abdi,2024,11,November
INV103650,2024-11-25,Laba Dhagax,Fruits,Grapes (kg),Member,Male,7,2.58,18.06,Cash,Sahra Ibrahim,2024,11,November
INV103638,2024-11-25,Hamar Weyne,Beverages,Black Tea Pack,Member,Male,6,1.74,10.44,Cash,Hodan Warsame,2024,11,November
INV103837,2024-11-25,Hodan-Taleex,Bakery,Biscuits Pack,Member,Male,7,1.21,8.47,Evc Plus,Amina Hassan,2024,11,November
INV103795,2024-11-25,Hamar Weyne,Vegetables,Potato (kg),Regular,Male,3,0.99,2.97,Evc Plus,Ahmed Abdi,2024,11,November
INV103581,2024-11-25,Hodan-Taleex,Household,Sugar 2kg,Regular,Female,3,3.15,9.45,Evc Plus,Mohamed Ali,2024,11,November
INV103680,2024-11-25,Hodan-Taleex,Vegetables,Tomato (kg),Regular,Male,6,0.85,5.1,Visa,Abdirahman Nur,2024,11,November
INV103915,2024-11-25,Hodan-Taleex,Snacks,Popcorn Pack,Regular,Female,3,0.98,2.94,Visa,Amina Hassan,2024,11,November
INV103755,2024-11-25,Hamar Weyne,Fruits,Apple (kg),Regular,Male,5,2.45,12.25,Zaad,Ahmed Abdi,2024,11,November
INV103807,2024-11-25,Hamar Weyne,Fruits,Orange (kg),Regular,Female,5,1.11,5.55,Zaad,Khadija Omar,2024,11,November
INV103906,2024-11-25,Hodan-Taleex,Household,Cooking Oil 1L,Member,Male,7,3.67,25.69,Zaad,Abdirahman Nur,2024,11,November
INV103779,2024-11-25,Hodan-Taleex,Household,Rice 5kg,Regular,Male,3,9.03,27.09,Evc Plus,Amina Hassan,2024,11,November
INV103753,2024-11-26,Hodan-Taleex,Snacks,Candy Pack,Member,Male,4,0.66,2.64,Cash,Amina Hassan,2024,11,November
INV103796,2024-11-26,Hodan-Taleex,Dairy,Fresh Cream 200ml,Member,Male,4,2.21,8.84,Visa,Fadumo Yusuf,2024,11,November
INV103573,2024-11-26,Hodan-Taleex,Household,Cooking Oil 1L,Member,Male,8,3.2,25.6,Evc Plus,Amina Hassan,2024,11,November
INV103893,2024-11-26,Hodan-Taleex,Bakery,White Bread,Regular,Male,6,0.97,5.82,Zaad,Mohamed Ali,2024,11,November
INV103531,2024-11-26,Hamar Weyne,Beverages,Black Tea Pack,Regular,Female,2,1.37,2.74,Evc Plus,Ahmed Abdi,2024,11,November
INV103833,2024-11-26,Hodan-Taleex,Beverages,Sprite 500ml,Member,Male,7,1.2,8.4,Evc Plus,Abdirahman Nur,2024,11,November
INV103690,2024-11-26,Hodan-Taleex,Dairy,Butter 250g,Regular,Male,2,2.84,5.68,Zaad,Abdirahman Nur,2024,11,November
INV103554,2024-11-26,Hamar Weyne,Personal Care,Body Lotion 200ml,Regular,Female,2,3.91,7.82,Evc Plus,Hodan Warsame,2024,11,November
INV103844,2024-11-26,Hamar Weyne,Fruits,Apple (kg),Regular,Female,4,1.61,6.44,Evc Plus,Khadija Omar,2024,11,November
INV103740,2024-11-27,Hamar Weyne,Snacks,Potato Chips,Regular,Male,5,1.15,5.75,Evc Plus,Ahmed Abdi,2024,11,November
INV103965,2024-11-27,Hodan-Taleex,Dairy,Cheese 200g,Regular,Male,3,2.51,7.53,Evc Plus,Amina Hassan,2024,11,November
INV103537,2024-11-27,Hamar Weyne,Vegetables,Cabbage (each),Regular,Female,2,0.8,1.6,Zaad,Hodan Warsame,2024,11,November
INV103897,2024-11-27,Hodan-Taleex,Beverages,Black Tea Pack,Regular,Female,5,1.45,7.25,Evc Plus,Amina Hassan,2024,11,November
INV103611,2024-11-27,Hodan-Taleex,Household,Flour 2kg,Member,Male,3,2.6,7.8,Evc Plus,Fadumo Yusuf,2024,11,November
INV103666,2024-11-27,Hodan-Taleex,Dairy,Butter 250g,Regular,Female,2,2.0,4.0,Zaad,Abdirahman Nur,2024,11,November
INV103707,2024-11-27,Hamar Weyne,Dairy,Eggs Tray (30pcs),Regular,Male,4,3.75,15.0,Zaad,Hodan Warsame,2024,11,November
INV103742,2024-11-27,Laba Dhagax,Vegetables,Tomato (kg),Regular,Male,3,1.02,3.06,Evc Plus,Sahra Ibrahim,2024,11,November
INV103934,2024-11-27,Hodan-Taleex,Bakery,White Bread,Member,Female,5,0.7,3.5,Evc Plus,Fadumo Yusuf,2024,11,November
INV103639,2024-11-27,Laba Dhagax,Fruits,Banana (kg),Member,Male,5,0.82,4.1,Evc Plus,Yusuf Farah,2024,11,November
INV103686,2024-11-28,Hodan-Taleex,Household,Laundry Detergent 1kg,Regular,Male,1,3.52,3.52,Cash,Fadumo Yusuf,2024,11,November
INV103605,2024-11-28,Hodan-Taleex,Snacks,Biscuit Snack Pack,Regular,Female,1,0.6,0.6,Zaad,Fadumo Yusuf,2024,11,November
INV103637,2024-11-28,Laba Dhagax,Fruits,Orange (kg),Member,Female,4,1.69,6.76,Evc Plus,Yusuf Farah,2024,11,November
INV103626,2024-11-28,Hodan-Taleex,Snacks,Potato Chips,Regular,Female,4,1.13,4.52,Zaad,Abdirahman Nur,2024,11,November
INV103575,2024-11-28,Hamar Weyne,Beverages,Apple Juice 1L,Regular,Female,2,2.45,4.9,Zaad,Ahmed Abdi,2024,11,November
INV103811,2024-11-28,Hodan-Taleex,Beverages,Coffee 200g,Regular,Male,1,2.91,2.91,Cash,Fadumo Yusuf,2024,11,November
INV103792,2024-11-28,Hodan-Taleex,Vegetables,Potato (kg),Regular,Female,2,0.99,1.98,Evc Plus,Mohamed Ali,2024,11,November
INV103549,2024-11-28,Hodan-Taleex,Household,Rice 5kg,Member,Female,3,7.59,22.77,Cash,Fadumo Yusuf,2024,11,November
INV103670,2024-11-28,Laba Dhagax,Vegetables,Onion (kg),Regular,Male,4,0.75,3.0,Evc Plus,Sahra Ibrahim,2024,11,November
INV103743,2024-11-28,Hamar Weyne,Dairy,Cheese 200g,Regular,Male,6,2.63,15.78,Evc Plus,Ahmed Abdi,2024,11,November
INV103705,2024-11-28,Hodan-Taleex,Bakery,Biscuits Pack,Regular,Male,2,0.81,1.62,Zaad,Abdirahman Nur,2024,11,November
INV103923,2024-11-28,Hodan-Taleex,Snacks,Candy Pack,Member,Female,8,0.57,4.56,Evc Plus,Abdirahman Nur,2024,11,November
INV103732,2024-11-28,Hamar Weyne,Household,Flour 2kg,Member,Male,6,2.67,16.02,Evc Plus,Ahmed Abdi,2024,11,November
INV103804,2024-11-28,Hodan-Taleex,Bakery,Brown Bread,Member,Male,7,0.77,5.39,Evc Plus,Abdirahman Nur,2024,11,November
INV103694,2024-11-28,Laba Dhagax,Beverages,Sprite 500ml,Regular,Male,6,1.17,7.02,Evc Plus,Sahra Ibrahim,2024,11,November
INV103822,2024-11-29,Hodan-Taleex,Snacks,Candy Pack,Regular,Male,1,0.72,0.72,Evc Plus,Abdirahman Nur,2024,11,November
INV103525,2024-11-29,Hodan-Taleex,Beverages,Orange Juice 1L,Member,Female,8,1.66,13.28,Cash,Abdirahman Nur,2024,11,November
INV103904,2024-11-29,Hamar Weyne,Bakery,Biscuits Pack,Regular,Female,2,1.42,2.84,Evc Plus,Khadija Omar,2024,11,November
INV103539,2024-11-29,Hodan-Taleex,Personal Care,Bar Soap,Regular,Male,4,0.72,2.88,Cash,Amina Hassan,2024,11,November
INV103676,2024-11-29,Hamar Weyne,Vegetables,Onion (kg),Member,Female,5,1.08,5.4,Evc Plus,Khadija Omar,2024,11,November
INV103697,2024-11-29,Hodan-Taleex,Fruits,Orange (kg),Regular,Female,4,1.47,5.88,Cash,Abdirahman Nur,2024,11,November
INV103664,2024-11-29,Hamar Weyne,Dairy,Yogurt 500g,Regular,Female,6,1.39,8.34,Zaad,Hodan Warsame,2024,11,November
INV103871,2024-11-29,Laba Dhagax,Snacks,Biscuit Snack Pack,Member,Male,2,0.77,1.54,Evc Plus,Yusuf Farah,2024,11,November
INV103805,2024-11-29,Hodan-Taleex,Personal Care,Body Lotion 200ml,Member,Male,5,2.99,14.95,Evc Plus,Abdirahman Nur,2024,11,November
INV103857,2024-11-29,Hodan-Taleex,Snacks,Potato Chips,Regular,Male,2,0.84,1.68,Evc Plus,Amina Hassan,2024,11,November
INV103942,2024-11-29,Hamar Weyne,Snacks,Popcorn Pack,Regular,Male,2,0.7,1.4,Evc Plus,Khadija Omar,2024,11,November
INV103540,2024-11-29,Laba Dhagax,Vegetables,Potato (kg),Member,Female,2,0.63,1.26,Evc Plus,Yusuf Farah,2024,11,November
INV103547,2024-11-29,Hamar Weyne,Dairy,Cheese 200g,Member,Female,6,3.33,19.98,Zaad,Ahmed Abdi,2024,11,November
INV103863,2024-11-29,Hodan-Taleex,Dairy,Fresh Cream 200ml,Member,Female,4,1.94,7.76,Visa,Mohamed Ali,2024,11,November
INV103675,2024-11-29,Laba Dhagax,Beverages,Bottled Water 500ml,Regular,Male,3,0.42,1.26,Evc Plus,Yusuf Farah,2024,11,November
INV103810,2024-11-29,Hamar Weyne,Snacks,Biscuit Snack Pack,Member,Male,8,0.61,4.88,Evc Plus,Hodan Warsame,2024,11,November
INV103799,2024-11-29,Hamar Weyne,Household,Rice 5kg,Member,Female,4,7.18,28.72,Visa,Khadija Omar,2024,11,November
INV103938,2024-11-29,Laba Dhagax,Beverages,Bottled Water 500ml,Member,Female,3,0.34,1.02,Evc Plus,Yusuf Farah,2024,11,November
INV103551,2024-11-29,Laba Dhagax,Bakery,Brown Bread,Regular,Male,1,0.75,0.75,Visa,Sahra Ibrahim,2024,11,November
INV103622,2024-11-29,Hamar Weyne,Vegetables,Cucumber (kg),Member,Female,2,0.91,1.82,Cash,Khadija Omar,2024,11,November
INV103874,2024-11-30,Hodan-Taleex,Household,Rice 5kg,Regular,Female,1,6.71,6.71,Evc Plus,Mohamed Ali,2024,11,November
INV103711,2024-11-30,Hamar Weyne,Personal Care,Hand Sanitizer 100ml,Member,Female,3,1.3,3.9,Evc Plus,Ahmed Abdi,2024,11,November
INV103864,2024-11-30,Hamar Weyne,Fruits,Banana (kg),Regular,Female,5,1.1,5.5,Cash,Hodan Warsame,2024,11,November
INV103870,2024-11-30,Hodan-Taleex,Vegetables,Cucumber (kg),Member,Female,8,0.67,5.36,Evc Plus,Abdirahman Nur,2024,11,November
INV103723,2024-11-30,Hodan-Taleex,Bakery,Croissant,Member,Female,6,0.83,4.98,Evc Plus,Fadumo Yusuf,2024,11,November
INV103861,2024-11-30,Hodan-Taleex,Household,Rice 5kg,Member,Female,8,9.37,74.96,Cash,Fadumo Yusuf,2024,11,November
INV103955,2024-11-30,Laba Dhagax,Personal Care,Bar Soap,Regular,Male,1,0.62,0.62,Visa,Yusuf Farah,2024,11,November
INV103901,2024-11-30,Hodan-Taleex,Personal Care,Shampoo 400ml,Regular,Male,1,2.51,2.51,Evc Plus,Mohamed Ali,2024,11,November
INV103645,2024-11-30,Hodan-Taleex,Household,Flour 2kg,Regular,Male,1,2.22,2.22,Evc Plus,Amina Hassan,2024,11,November
INV103869,2024-11-30,Hodan-Taleex,Vegetables,Onion (kg),Regular,Male,3,0.69,2.07,Evc Plus,Fadumo Yusuf,2024,11,November
INV103919,2024-11-30,Hodan-Taleex,Vegetables,Cabbage (each),Regular,Female,4,0.87,3.48,Visa,Mohamed Ali,2024,11,November
INV103526,2024-11-30,Laba Dhagax,Bakery,Biscuits Pack,Regular,Male,6,1.2,7.2,Cash,Sahra Ibrahim,2024,11,November
INV103567,2024-11-30,Hamar Weyne,Dairy,Eggs Tray (30pcs),Member,Female,3,4.51,13.53,Evc Plus,Hodan Warsame,2024,11,November
INV103763,2024-11-30,Laba Dhagax,Fruits,Orange (kg),Member,Female,4,1.01,4.04,Evc Plus,Yusuf Farah,2024,11,November
INV104036,2024-12-01,Laba Dhagax,Snacks,Candy Pack,Regular,Female,6,0.65,3.9,Evc Plus,Sahra Ibrahim,2024,12,December
INV104420,2024-12-01,Hodan-Taleex,Beverages,Bottled Water 500ml,Member,Male,6,0.34,2.04,Evc Plus,Mohamed Ali,2024,12,December
INV104163,2024-12-01,Hodan-Taleex,Household,Rice 5kg,Member,Male,7,7.12,49.84,Evc Plus,Mohamed Ali,2024,12,December
INV104115,2024-12-01,Hodan-Taleex,Vegetables,Cabbage (each),Regular,Male,5,0.87,4.35,Evc Plus,Abdirahman Nur,2024,12,December
INV104103,2024-12-01,Hamar Weyne,Beverages,Bottled Water 500ml,Regular,Female,3,0.44,1.32,Evc Plus,Hodan Warsame,2024,12,December
INV104042,2024-12-01,Laba Dhagax,Beverages,Apple Juice 1L,Member,Male,7,2.06,14.42,Cash,Sahra Ibrahim,2024,12,December
INV104284,2024-12-01,Hamar Weyne,Fruits,Mango (kg),Member,Male,3,1.37,4.11,Evc Plus,Hodan Warsame,2024,12,December
INV104152,2024-12-01,Laba Dhagax,Household,Pasta 500g,Member,Female,5,1.66,8.3,Evc Plus,Sahra Ibrahim,2024,12,December
INV104158,2024-12-01,Hamar Weyne,Household,Dish Soap 500ml,Member,Male,5,1.56,7.8,Evc Plus,Khadija Omar,2024,12,December
INV104058,2024-12-01,Laba Dhagax,Beverages,Coffee 200g,Member,Male,7,2.52,17.64,Cash,Yusuf Farah,2024,12,December
INV104210,2024-12-01,Laba Dhagax,Vegetables,Onion (kg),Regular,Female,2,0.79,1.58,Zaad,Sahra Ibrahim,2024,12,December
INV104057,2024-12-01,Hamar Weyne,Vegetables,Tomato (kg),Member,Female,8,0.94,7.52,Evc Plus,Hodan Warsame,2024,12,December
INV104278,2024-12-01,Hodan-Taleex,Dairy,Butter 250g,Member,Female,2,2.68,5.36,Evc Plus,Abdirahman Nur,2024,12,December
INV104073,2024-12-01,Hodan-Taleex,Personal Care,Bar Soap,Regular,Female,2,0.53,1.06,Evc Plus,Amina Hassan,2024,12,December
INV104185,2024-12-01,Hodan-Taleex,Beverages,Black Tea Pack,Regular,Male,3,1.03,3.09,Zaad,Amina Hassan,2024,12,December
INV104430,2024-12-01,Hodan-Taleex,Dairy,Yogurt 500g,Member,Female,7,1.96,13.72,Evc Plus,Amina Hassan,2024,12,December
INV104231,2024-12-01,Hamar Weyne,Beverages,Apple Juice 1L,Regular,Female,1,1.94,1.94,Zaad,Hodan Warsame,2024,12,December
INV104365,2024-12-01,Hodan-Taleex,Dairy,Yogurt 500g,Member,Female,8,1.79,14.32,Cash,Fadumo Yusuf,2024,12,December
INV104077,2024-12-01,Hamar Weyne,Bakery,Donut,Member,Female,6,0.83,4.98,Zaad,Khadija Omar,2024,12,December
INV104415,2024-12-01,Hodan-Taleex,Fruits,Banana (kg),Regular,Female,1,1.13,1.13,Zaad,Fadumo Yusuf,2024,12,December
INV104113,2024-12-01,Hodan-Taleex,Beverages,Bottled Water 500ml,Regular,Male,2,0.3,0.6,Visa,Fadumo Yusuf,2024,12,December
INV104142,2024-12-02,Hodan-Taleex,Dairy,Fresh Cream 200ml,Regular,Female,1,2.38,2.38,Visa,Amina Hassan,2024,12,December
INV104265,2024-12-02,Hamar Weyne,Vegetables,Tomato (kg),Regular,Male,4,1.14,4.56,Evc Plus,Hodan Warsame,2024,12,December
INV104452,2024-12-02,Hamar Weyne,Beverages,Orange Juice 1L,Member,Male,2,1.79,3.58,Zaad,Hodan Warsame,2024,12,December
INV103975,2024-12-02,Hodan-Taleex,Vegetables,Carrot (kg),Regular,Male,1,0.87,0.87,Evc Plus,Amina Hassan,2024,12,December
INV104131,2024-12-02,Hamar Weyne,Vegetables,Tomato (kg),Regular,Female,4,0.77,3.08,Zaad,Khadija Omar,2024,12,December
INV104119,2024-12-02,Hamar Weyne,Personal Care,Toothbrush,Member,Female,7,1.3,9.1,Visa,Khadija Omar,2024,12,December
INV104411,2024-12-02,Hodan-Taleex,Beverages,Soft Drink Cola 500ml,Regular,Male,4,1.07,4.28,Visa,Abdirahman Nur,2024,12,December
INV104227,2024-12-02,Hamar Weyne,Bakery,Croissant,Member,Female,8,1.27,10.16,Zaad,Khadija Omar,2024,12,December
INV104351,2024-12-02,Laba Dhagax,Household,Sugar 2kg,Regular,Female,2,2.75,5.5,Cash,Yusuf Farah,2024,12,December
INV104023,2024-12-02,Hodan-Taleex,Snacks,Candy Pack,Regular,Male,5,0.79,3.95,Cash,Fadumo Yusuf,2024,12,December
INV104078,2024-12-02,Laba Dhagax,Vegetables,Cabbage (each),Member,Female,6,0.99,5.94,Evc Plus,Yusuf Farah,2024,12,December
INV104286,2024-12-02,Hodan-Taleex,Household,Flour 2kg,Regular,Female,3,2.82,8.46,Zaad,Fadumo Yusuf,2024,12,December
INV104220,2024-12-03,Hodan-Taleex,Household,Dish Soap 500ml,Regular,Female,2,1.45,2.9,Visa,Mohamed Ali,2024,12,December
INV104061,2024-12-03,Hodan-Taleex,Dairy,Butter 250g,Regular,Male,1,3.39,3.39,Zaad,Fadumo Yusuf,2024,12,December
INV104409,2024-12-03,Hodan-Taleex,Personal Care,Hand Sanitizer 100ml,Member,Male,8,1.85,14.8,Evc Plus,Fadumo Yusuf,2024,12,December
INV103991,2024-12-03,Hodan-Taleex,Dairy,Fresh Cream 200ml,Member,Female,8,1.88,15.04,Evc Plus,Mohamed Ali,2024,12,December
INV104402,2024-12-03,Laba Dhagax,Vegetables,Carrot (kg),Regular,Male,4,1.0,4.0,Cash,Yusuf Farah,2024,12,December
INV104333,2024-12-03,Hamar Weyne,Beverages,Soft Drink Cola 500ml,Regular,Female,4,0.85,3.4,Evc Plus,Khadija Omar,2024,12,December
INV104427,2024-12-03,Hodan-Taleex,Dairy,Milk 1L,Regular,Female,5,1.01,5.05,Visa,Fadumo Yusuf,2024,12,December
INV104311,2024-12-03,Hodan-Taleex,Personal Care,Bar Soap,Regular,Female,2,0.58,1.16,Zaad,Fadumo Yusuf,2024,12,December
INV104162,2024-12-03,Hodan-Taleex,Household,Cooking Oil 1L,Regular,Female,4,3.2,12.8,Evc Plus,Fadumo Yusuf,2024,12,December
INV103968,2024-12-03,Laba Dhagax,Household,Dish Soap 500ml,Regular,Male,1,1.94,1.94,Evc Plus,Sahra Ibrahim,2024,12,December
INV104217,2024-12-03,Hamar Weyne,Beverages,Apple Juice 1L,Regular,Male,1,1.87,1.87,Evc Plus,Hodan Warsame,2024,12,December
INV104224,2024-12-03,Hodan-Taleex,Fruits,Apple (kg),Member,Male,3,2.05,6.15,Evc Plus,Fadumo Yusuf,2024,12,December
INV104343,2024-12-03,Hodan-Taleex,Vegetables,Cabbage (each),Member,Male,3,0.96,2.88,Evc Plus,Mohamed Ali,2024,12,December
INV104179,2024-12-03,Hodan-Taleex,Fruits,Banana (kg),Regular,Male,6,1.17,7.02,Zaad,Fadumo Yusuf,2024,12,December
INV103998,2024-12-03,Hodan-Taleex,Household,Laundry Detergent 1kg,Regular,Female,2,2.64,5.28,Evc Plus,Mohamed Ali,2024,12,December
INV104080,2024-12-03,Laba Dhagax,Beverages,Orange Juice 1L,Member,Female,3,2.12,6.36,Cash,Sahra Ibrahim,2024,12,December
INV104097,2024-12-04,Hodan-Taleex,Personal Care,Bar Soap,Member,Female,6,0.77,4.62,Evc Plus,Fadumo Yusuf,2024,12,December
INV104139,2024-12-04,Hodan-Taleex,Beverages,Bottled Water 500ml,Member,Female,2,0.35,0.7,Evc Plus,Amina Hassan,2024,12,December
INV104085,2024-12-04,Hamar Weyne,Personal Care,Shampoo 400ml,Regular,Female,6,3.32,19.92,Visa,Khadija Omar,2024,12,December
INV104045,2024-12-04,Hodan-Taleex,Dairy,Butter 250g,Member,Female,7,2.41,16.87,Evc Plus,Amina Hassan,2024,12,December
INV104167,2024-12-04,Hamar Weyne,Personal Care,Body Lotion 200ml,Regular,Female,5,2.73,13.65,Visa,Ahmed Abdi,2024,12,December
INV104052,2024-12-04,Hamar Weyne,Beverages,Orange Juice 1L,Regular,Female,5,2.46,12.3,Evc Plus,Hodan Warsame,2024,12,December
INV104215,2024-12-04,Hamar Weyne,Dairy,Cheese 200g,Regular,Male,1,2.95,2.95,Evc Plus,Hodan Warsame,2024,12,December
INV104195,2024-12-04,Hamar Weyne,Personal Care,Body Lotion 200ml,Regular,Male,6,2.84,17.04,Evc Plus,Ahmed Abdi,2024,12,December
INV104435,2024-12-04,Hamar Weyne,Personal Care,Bar Soap,Regular,Female,5,0.77,3.85,Zaad,Khadija Omar,2024,12,December
INV104344,2024-12-04,Hodan-Taleex,Vegetables,Potato (kg),Member,Male,8,0.69,5.52,Evc Plus,Abdirahman Nur,2024,12,December
INV104071,2024-12-04,Hamar Weyne,Household,Flour 2kg,Regular,Male,2,2.3,4.6,Cash,Ahmed Abdi,2024,12,December
INV104410,2024-12-04,Hamar Weyne,Beverages,Bottled Water 500ml,Member,Male,5,0.53,2.65,Evc Plus,Khadija Omar,2024,12,December
INV104124,2024-12-04,Laba Dhagax,Personal Care,Toothpaste,Member,Male,5,1.58,7.9,Evc Plus,Sahra Ibrahim,2024,12,December
INV104204,2024-12-04,Laba Dhagax,Vegetables,Tomato (kg),Member,Male,3,1.19,3.57,Evc Plus,Sahra Ibrahim,2024,12,December
INV104331,2024-12-05,Laba Dhagax,Vegetables,Tomato (kg),Regular,Male,6,0.92,5.52,Evc Plus,Yusuf Farah,2024,12,December
INV104272,2024-12-05,Hodan-Taleex,Beverages,Coffee 200g,Member,Male,7,3.71,25.97,Evc Plus,Fadumo Yusuf,2024,12,December
INV104413,2024-12-05,Hodan-Taleex,Snacks,Popcorn Pack,Regular,Male,4,0.76,3.04,Cash,Amina Hassan,2024,12,December
INV104310,2024-12-05,Hamar Weyne,Bakery,Brown Bread,Regular,Female,4,0.94,3.76,Visa,Ahmed Abdi,2024,12,December
INV104439,2024-12-05,Hamar Weyne,Household,Sugar 2kg,Member,Female,4,2.7,10.8,Evc Plus,Khadija Omar,2024,12,December
INV104222,2024-12-05,Hamar Weyne,Snacks,Potato Chips,Regular,Female,3,1.13,3.39,Evc Plus,Khadija Omar,2024,12,December
INV104060,2024-12-05,Hamar Weyne,Beverages,Orange Juice 1L,Regular,Male,5,1.63,8.15,Evc Plus,Khadija Omar,2024,12,December
INV104431,2024-12-05,Hamar Weyne,Personal Care,Body Lotion 200ml,Member,Female,3,3.06,9.18,Zaad,Hodan Warsame,2024,12,December
INV104239,2024-12-05,Hodan-Taleex,Beverages,Apple Juice 1L,Member,Female,5,1.93,9.65,Evc Plus,Fadumo Yusuf,2024,12,December
INV104203,2024-12-05,Hamar Weyne,Dairy,Butter 250g,Regular,Female,2,3.2,6.4,Cash,Ahmed Abdi,2024,12,December
INV104320,2024-12-05,Laba Dhagax,Personal Care,Bar Soap,Member,Female,7,0.9,6.3,Cash,Yusuf Farah,2024,12,December
INV104356,2024-12-06,Hamar Weyne,Personal Care,Hand Sanitizer 100ml,Regular,Female,1,1.97,1.97,Zaad,Khadija Omar,2024,12,December
INV104009,2024-12-06,Hodan-Taleex,Snacks,Popcorn Pack,Member,Female,6,0.74,4.44,Zaad,Mohamed Ali,2024,12,December
INV104001,2024-12-06,Hamar Weyne,Household,Cooking Oil 1L,Member,Female,6,3.06,18.36,Evc Plus,Ahmed Abdi,2024,12,December
INV104193,2024-12-06,Hodan-Taleex,Personal Care,Shampoo 400ml,Regular,Male,1,3.45,3.45,Evc Plus,Mohamed Ali,2024,12,December
INV104354,2024-12-06,Hodan-Taleex,Household,Cooking Oil 1L,Regular,Male,2,2.95,5.9,Evc Plus,Abdirahman Nur,2024,12,December
INV104081,2024-12-06,Hodan-Taleex,Personal Care,Body Lotion 200ml,Member,Male,7,3.18,22.26,Cash,Mohamed Ali,2024,12,December
INV104254,2024-12-06,Hodan-Taleex,Vegetables,Cabbage (each),Member,Male,3,0.84,2.52,Zaad,Mohamed Ali,2024,12,December
INV104305,2024-12-06,Laba Dhagax,Fruits,Apple (kg),Member,Male,4,1.56,6.24,Visa,Yusuf Farah,2024,12,December
INV104074,2024-12-06,Hodan-Taleex,Snacks,Candy Pack,Member,Female,5,0.78,3.9,Evc Plus,Mohamed Ali,2024,12,December
INV104236,2024-12-06,Laba Dhagax,Fruits,Banana (kg),Member,Female,7,1.03,7.21,Visa,Sahra Ibrahim,2024,12,December
INV104391,2024-12-06,Hamar Weyne,Vegetables,Carrot (kg),Regular,Male,4,0.9,3.6,Evc Plus,Ahmed Abdi,2024,12,December
INV104348,2024-12-06,Hamar Weyne,Dairy,Fresh Cream 200ml,Regular,Male,6,1.7,10.2,Visa,Khadija Omar,2024,12,December
INV104276,2024-12-06,Hodan-Taleex,Vegetables,Carrot (kg),Regular,Female,6,0.87,5.22,Evc Plus,Abdirahman Nur,2024,12,December
INV104238,2024-12-06,Hodan-Taleex,Household,Laundry Detergent 1kg,Regular,Female,2,3.84,7.68,Zaad,Abdirahman Nur,2024,12,December
INV103992,2024-12-06,Hamar Weyne,Vegetables,Cucumber (kg),Member,Female,7,0.75,5.25,Cash,Ahmed Abdi,2024,12,December
INV104202,2024-12-06,Hodan-Taleex,Fruits,Mango (kg),Regular,Female,5,1.23,6.15,Evc Plus,Fadumo Yusuf,2024,12,December
INV104468,2024-12-06,Hamar Weyne,Fruits,Banana (kg),Member,Female,4,0.86,3.44,Evc Plus,Hodan Warsame,2024,12,December
INV104328,2024-12-06,Hamar Weyne,Household,Flour 2kg,Member,Male,2,2.82,5.64,Cash,Hodan Warsame,2024,12,December
INV104428,2024-12-06,Hodan-Taleex,Dairy,Cheese 200g,Regular,Female,3,2.87,8.61,Evc Plus,Mohamed Ali,2024,12,December
INV104281,2024-12-06,Laba Dhagax,Snacks,Biscuit Snack Pack,Regular,Male,5,0.62,3.1,Evc Plus,Sahra Ibrahim,2024,12,December
INV104380,2024-12-07,Hodan-Taleex,Vegetables,Tomato (kg),Regular,Female,6,0.92,5.52,Evc Plus,Amina Hassan,2024,12,December
INV104266,2024-12-07,Laba Dhagax,Household,Laundry Detergent 1kg,Regular,Male,1,2.94,2.94,Evc Plus,Yusuf Farah,2024,12,December
INV104183,2024-12-07,Hamar Weyne,Household,Flour 2kg,Regular,Female,1,2.98,2.98,Zaad,Ahmed Abdi,2024,12,December
INV104298,2024-12-07,Hamar Weyne,Household,Sugar 2kg,Member,Female,7,2.11,14.77,Cash,Hodan Warsame,2024,12,December
INV104197,2024-12-07,Laba Dhagax,Personal Care,Hand Sanitizer 100ml,Regular,Female,2,1.33,2.66,Cash,Sahra Ibrahim,2024,12,December
INV104341,2024-12-07,Hamar Weyne,Vegetables,Cucumber (kg),Regular,Female,2,0.76,1.52,Cash,Hodan Warsame,2024,12,December
INV104093,2024-12-07,Hamar Weyne,Vegetables,Cucumber (kg),Regular,Male,4,0.85,3.4,Zaad,Khadija Omar,2024,12,December
INV104385,2024-12-07,Hodan-Taleex,Household,Laundry Detergent 1kg,Member,Male,5,3.21,16.05,Evc Plus,Fadumo Yusuf,2024,12,December
INV104350,2024-12-07,Hamar Weyne,Personal Care,Body Lotion 200ml,Regular,Male,4,3.79,15.16,Zaad,Khadija Omar,2024,12,December
INV104437,2024-12-07,Laba Dhagax,Personal Care,Shampoo 400ml,Regular,Female,4,2.8,11.2,Evc Plus,Yusuf Farah,2024,12,December
INV104379,2024-12-07,Hamar Weyne,Dairy,Eggs Tray (30pcs),Regular,Female,5,4.52,22.6,Cash,Khadija Omar,2024,12,December
INV104212,2024-12-07,Hamar Weyne,Snacks,Popcorn Pack,Regular,Female,2,0.81,1.62,Evc Plus,Ahmed Abdi,2024,12,December
INV104137,2024-12-07,Laba Dhagax,Vegetables,Cabbage (each),Regular,Male,3,1.18,3.54,Zaad,Sahra Ibrahim,2024,12,December
INV104264,2024-12-07,Hodan-Taleex,Vegetables,Carrot (kg),Member,Female,8,0.71,5.68,Evc Plus,Amina Hassan,2024,12,December
INV104322,2024-12-07,Hodan-Taleex,Bakery,Brown Bread,Member,Male,4,0.82,3.28,Evc Plus,Abdirahman Nur,2024,12,December
INV104011,2024-12-08,Hamar Weyne,Snacks,Candy Pack,Member,Male,8,0.53,4.24,Visa,Khadija Omar,2024,12,December
INV104460,2024-12-08,Laba Dhagax,Beverages,Soft Drink Cola 500ml,Regular,Male,2,0.92,1.84,Visa,Sahra Ibrahim,2024,12,December
INV104295,2024-12-08,Hamar Weyne,Household,Sugar 2kg,Regular,Male,1,2.14,2.14,Evc Plus,Ahmed Abdi,2024,12,December
INV104056,2024-12-08,Hamar Weyne,Personal Care,Toothbrush,Regular,Female,5,0.96,4.8,Visa,Ahmed Abdi,2024,12,December
INV104300,2024-12-08,Laba Dhagax,Beverages,Sprite 500ml,Regular,Male,1,0.99,0.99,Evc Plus,Yusuf Farah,2024,12,December
INV104225,2024-12-08,Hamar Weyne,Snacks,Potato Chips,Member,Female,8,0.8,6.4,Evc Plus,Khadija Omar,2024,12,December
INV104208,2024-12-08,Laba Dhagax,Beverages,Sprite 500ml,Regular,Female,5,1.1,5.5,Evc Plus,Yusuf Farah,2024,12,December
INV104448,2024-12-08,Hodan-Taleex,Fruits,Watermelon (each),Member,Female,2,2.45,4.9,Zaad,Mohamed Ali,2024,12,December
INV104400,2024-12-08,Hamar Weyne,Household,Dish Soap 500ml,Member,Male,2,1.74,3.48,Evc Plus,Ahmed Abdi,2024,12,December
INV104213,2024-12-08,Hamar Weyne,Personal Care,Toothbrush,Regular,Male,5,1.18,5.9,Evc Plus,Ahmed Abdi,2024,12,December
INV104107,2024-12-08,Hodan-Taleex,Vegetables,Tomato (kg),Regular,Male,2,1.09,2.18,Evc Plus,Mohamed Ali,2024,12,December
INV104407,2024-12-08,Laba Dhagax,Fruits,Grapes (kg),Member,Female,7,2.91,20.37,Evc Plus,Sahra Ibrahim,2024,12,December
INV104223,2024-12-08,Laba Dhagax,Snacks,Chocolate Bar,Regular,Female,1,0.79,0.79,Evc Plus,Yusuf Farah,2024,12,December
INV104378,2024-12-08,Hodan-Taleex,Beverages,Apple Juice 1L,Regular,Female,1,1.73,1.73,Evc Plus,Abdirahman Nur,2024,12,December
INV104269,2024-12-08,Laba Dhagax,Snacks,Biscuit Snack Pack,Regular,Female,4,0.77,3.08,Evc Plus,Sahra Ibrahim,2024,12,December
INV104199,2024-12-08,Hodan-Taleex,Snacks,Candy Pack,Member,Male,5,0.64,3.2,Zaad,Amina Hassan,2024,12,December
INV104434,2024-12-08,Hodan-Taleex,Personal Care,Hand Sanitizer 100ml,Regular,Female,6,1.22,7.32,Evc Plus,Fadumo Yusuf,2024,12,December
INV104087,2024-12-08,Hamar Weyne,Vegetables,Cucumber (kg),Regular,Male,4,0.7,2.8,Cash,Hodan Warsame,2024,12,December
INV104144,2024-12-08,Hamar Weyne,Beverages,Orange Juice 1L,Regular,Male,1,1.63,1.63,Evc Plus,Khadija Omar,2024,12,December
INV104219,2024-12-08,Hodan-Taleex,Personal Care,Bar Soap,Member,Female,5,0.86,4.3,Zaad,Abdirahman Nur,2024,12,December
INV104327,2024-12-09,Hodan-Taleex,Bakery,Biscuits Pack,Regular,Female,2,1.21,2.42,Evc Plus,Abdirahman Nur,2024,12,December
INV104127,2024-12-09,Hamar Weyne,Fruits,Banana (kg),Regular,Male,1,0.89,0.89,Evc Plus,Ahmed Abdi,2024,12,December
INV104068,2024-12-09,Hamar Weyne,Beverages,Orange Juice 1L,Member,Female,3,2.24,6.72,Visa,Khadija Omar,2024,12,December
INV104047,2024-12-09,Hodan-Taleex,Snacks,Biscuit Snack Pack,Regular,Male,4,0.8,3.2,Zaad,Abdirahman Nur,2024,12,December
INV104053,2024-12-09,Hodan-Taleex,Personal Care,Body Lotion 200ml,Member,Female,8,3.75,30.0,Evc Plus,Amina Hassan,2024,12,December
INV104262,2024-12-09,Hodan-Taleex,Beverages,Coffee 200g,Regular,Female,2,3.86,7.72,Visa,Amina Hassan,2024,12,December
INV104389,2024-12-09,Hodan-Taleex,Bakery,Brown Bread,Member,Male,7,0.88,6.16,Evc Plus,Mohamed Ali,2024,12,December
INV104237,2024-12-09,Hodan-Taleex,Beverages,Soft Drink Cola 500ml,Member,Male,6,0.84,5.04,Evc Plus,Abdirahman Nur,2024,12,December
INV104084,2024-12-09,Laba Dhagax,Bakery,Biscuits Pack,Regular,Male,1,1.36,1.36,Visa,Sahra Ibrahim,2024,12,December
INV104441,2024-12-09,Hamar Weyne,Bakery,Biscuits Pack,Member,Male,7,0.84,5.88,Zaad,Ahmed Abdi,2024,12,December
INV104366,2024-12-09,Laba Dhagax,Household,Rice 5kg,Member,Male,5,8.1,40.5,Evc Plus,Sahra Ibrahim,2024,12,December
INV104403,2024-12-09,Hamar Weyne,Fruits,Orange (kg),Regular,Female,2,1.0,2.0,Evc Plus,Ahmed Abdi,2024,12,December
INV104160,2024-12-09,Hodan-Taleex,Personal Care,Bar Soap,Member,Female,3,0.93,2.79,Evc Plus,Fadumo Yusuf,2024,12,December
INV104422,2024-12-09,Hamar Weyne,Vegetables,Onion (kg),Regular,Male,6,1.05,6.3,Cash,Hodan Warsame,2024,12,December
INV104282,2024-12-09,Hodan-Taleex,Fruits,Watermelon (each),Regular,Female,2,2.93,5.86,Evc Plus,Amina Hassan,2024,12,December
INV104355,2024-12-10,Hodan-Taleex,Bakery,Cupcake,Regular,Female,5,0.59,2.95,Evc Plus,Amina Hassan,2024,12,December
INV104088,2024-12-10,Hodan-Taleex,Beverages,Soft Drink Cola 500ml,Regular,Male,2,1.13,2.26,Evc Plus,Abdirahman Nur,2024,12,December
INV104398,2024-12-10,Hodan-Taleex,Household,Cooking Oil 1L,Member,Female,3,3.11,9.33,Zaad,Fadumo Yusuf,2024,12,December
INV104105,2024-12-10,Hodan-Taleex,Snacks,Biscuit Snack Pack,Member,Male,6,0.61,3.66,Zaad,Amina Hassan,2024,12,December
INV104476,2024-12-10,Hamar Weyne,Dairy,Fresh Cream 200ml,Member,Female,4,2.35,9.4,Visa,Hodan Warsame,2024,12,December
INV104467,2024-12-10,Hodan-Taleex,Personal Care,Body Lotion 200ml,Member,Female,8,3.77,30.16,Cash,Mohamed Ali,2024,12,December
INV104326,2024-12-10,Hamar Weyne,Household,Pasta 500g,Member,Female,3,1.61,4.83,Evc Plus,Ahmed Abdi,2024,12,December
INV103979,2024-12-10,Hodan-Taleex,Bakery,White Bread,Member,Female,2,0.74,1.48,Visa,Fadumo Yusuf,2024,12,December
INV104454,2024-12-10,Hodan-Taleex,Fruits,Banana (kg),Member,Male,8,0.82,6.56,Evc Plus,Amina Hassan,2024,12,December
INV104375,2024-12-10,Hodan-Taleex,Snacks,Biscuit Snack Pack,Regular,Male,1,0.91,0.91,Evc Plus,Mohamed Ali,2024,12,December
INV104296,2024-12-10,Hodan-Taleex,Vegetables,Tomato (kg),Member,Male,2,0.94,1.88,Evc Plus,Abdirahman Nur,2024,12,December
INV104235,2024-12-10,Hamar Weyne,Dairy,Cheese 200g,Regular,Male,2,3.83,7.66,Evc Plus,Khadija Omar,2024,12,December
INV104190,2024-12-10,Hodan-Taleex,Personal Care,Toothpaste,Regular,Female,1,2.08,2.08,Evc Plus,Amina Hassan,2024,12,December
INV103999,2024-12-10,Laba Dhagax,Household,Dish Soap 500ml,Member,Female,4,1.34,5.36,Cash,Yusuf Farah,2024,12,December
INV104312,2024-12-11,Hodan-Taleex,Personal Care,Shampoo 400ml,Regular,Female,6,4.1,24.6,Zaad,Mohamed Ali,2024,12,December
INV104234,2024-12-11,Hodan-Taleex,Vegetables,Cucumber (kg),Regular,Male,2,0.64,1.28,Evc Plus,Mohamed Ali,2024,12,December
INV104318,2024-12-11,Laba Dhagax,Vegetables,Potato (kg),Regular,Female,1,0.95,0.95,Evc Plus,Yusuf Farah,2024,12,December
INV104245,2024-12-11,Hamar Weyne,Vegetables,Tomato (kg),Member,Male,3,0.73,2.19,Evc Plus,Ahmed Abdi,2024,12,December
INV104010,2024-12-11,Hamar Weyne,Dairy,Milk 1L,Regular,Male,2,1.42,2.84,Evc Plus,Ahmed Abdi,2024,12,December
INV103973,2024-12-11,Laba Dhagax,Bakery,Cupcake,Regular,Female,2,0.79,1.58,Evc Plus,Yusuf Farah,2024,12,December
INV103971,2024-12-11,Laba Dhagax,Snacks,Candy Pack,Regular,Male,5,0.64,3.2,Evc Plus,Yusuf Farah,2024,12,December
INV104050,2024-12-11,Hodan-Taleex,Bakery,White Bread,Member,Male,8,0.93,7.44,Evc Plus,Fadumo Yusuf,2024,12,December
INV104192,2024-12-11,Hodan-Taleex,Beverages,Sprite 500ml,Regular,Male,4,0.92,3.68,Evc Plus,Amina Hassan,2024,12,December
INV104012,2024-12-11,Hamar Weyne,Snacks,Potato Chips,Regular,Male,3,1.22,3.66,Zaad,Ahmed Abdi,2024,12,December
INV104306,2024-12-11,Hodan-Taleex,Beverages,Sprite 500ml,Member,Female,7,0.87,6.09,Zaad,Amina Hassan,2024,12,December
INV104363,2024-12-11,Hodan-Taleex,Household,Sugar 2kg,Regular,Female,2,2.6,5.2,Zaad,Amina Hassan,2024,12,December
INV104136,2024-12-11,Hodan-Taleex,Snacks,Chocolate Bar,Member,Male,5,0.76,3.8,Evc Plus,Fadumo Yusuf,2024,12,December
INV104029,2024-12-11,Hodan-Taleex,Personal Care,Shampoo 400ml,Member,Male,7,3.17,22.19,Zaad,Amina Hassan,2024,12,December
INV104352,2024-12-11,Hamar Weyne,Vegetables,Potato (kg),Member,Male,5,0.73,3.65,Zaad,Khadija Omar,2024,12,December
INV104129,2024-12-11,Hodan-Taleex,Dairy,Eggs Tray (30pcs),Member,Female,5,3.56,17.8,Visa,Mohamed Ali,2024,12,December
INV104342,2024-12-11,Hamar Weyne,Snacks,Popcorn Pack,Regular,Female,1,0.71,0.71,Evc Plus,Ahmed Abdi,2024,12,December
INV104021,2024-12-12,Laba Dhagax,Fruits,Banana (kg),Regular,Male,6,1.23,7.38,Zaad,Yusuf Farah,2024,12,December
INV104370,2024-12-12,Laba Dhagax,Beverages,Black Tea Pack,Regular,Female,6,1.96,11.76,Evc Plus,Yusuf Farah,2024,12,December
INV104232,2024-12-12,Laba Dhagax,Dairy,Milk 1L,Regular,Male,5,1.37,6.85,Zaad,Yusuf Farah,2024,12,December
INV104274,2024-12-12,Hamar Weyne,Bakery,Cupcake,Member,Male,8,0.66,5.28,Zaad,Hodan Warsame,2024,12,December
INV104463,2024-12-12,Hamar Weyne,Snacks,Biscuit Snack Pack,Member,Male,7,1.0,7.0,Zaad,Hodan Warsame,2024,12,December
INV104279,2024-12-12,Hodan-Taleex,Fruits,Banana (kg),Regular,Male,4,1.17,4.68,Cash,Abdirahman Nur,2024,12,December
INV104141,2024-12-12,Laba Dhagax,Beverages,Sprite 500ml,Regular,Male,6,1.24,7.44,Evc Plus,Yusuf Farah,2024,12,December
INV104335,2024-12-12,Laba Dhagax,Beverages,Soft Drink Cola 500ml,Member,Male,6,0.86,5.16,Evc Plus,Sahra Ibrahim,2024,12,December
INV104015,2024-12-12,Laba Dhagax,Household,Rice 5kg,Regular,Male,2,8.97,17.94,Zaad,Yusuf Farah,2024,12,December
INV104471,2024-12-12,Hodan-Taleex,Bakery,Donut,Member,Male,2,0.8,1.6,Evc Plus,Abdirahman Nur,2024,12,December
INV104032,2024-12-12,Laba Dhagax,Household,Rice 5kg,Regular,Female,5,7.06,35.3,Evc Plus,Sahra Ibrahim,2024,12,December
INV104324,2024-12-12,Hodan-Taleex,Snacks,Peanuts 200g,Regular,Male,2,0.91,1.82,Cash,Mohamed Ali,2024,12,December
INV104359,2024-12-12,Laba Dhagax,Bakery,Cupcake,Regular,Female,3,0.81,2.43,Visa,Sahra Ibrahim,2024,12,December
INV104444,2024-12-12,Laba Dhagax,Snacks,Biscuit Snack Pack,Member,Female,3,0.68,2.04,Evc Plus,Yusuf Farah,2024,12,December
INV103977,2024-12-12,Hodan-Taleex,Fruits,Banana (kg),Member,Female,5,0.92,4.6,Zaad,Abdirahman Nur,2024,12,December
INV104226,2024-12-12,Hamar Weyne,Fruits,Watermelon (each),Member,Female,6,2.15,12.9,Visa,Ahmed Abdi,2024,12,December
INV104153,2024-12-12,Hodan-Taleex,Household,Cooking Oil 1L,Regular,Male,3,2.85,8.55,Evc Plus,Amina Hassan,2024,12,December
INV104436,2024-12-12,Hamar Weyne,Personal Care,Shampoo 400ml,Regular,Female,4,3.0,12.0,Cash,Khadija Omar,2024,12,December
INV104373,2024-12-12,Hodan-Taleex,Fruits,Watermelon (each),Regular,Female,6,2.13,12.78,Cash,Amina Hassan,2024,12,December
INV104347,2024-12-12,Hamar Weyne,Bakery,Brown Bread,Regular,Male,6,0.74,4.44,Evc Plus,Khadija Omar,2024,12,December
INV103974,2024-12-12,Laba Dhagax,Vegetables,Tomato (kg),Regular,Male,5,0.86,4.3,Evc Plus,Sahra Ibrahim,2024,12,December
INV104089,2024-12-13,Hamar Weyne,Bakery,Biscuits Pack,Member,Female,3,0.86,2.58,Evc Plus,Hodan Warsame,2024,12,December
INV104031,2024-12-13,Hodan-Taleex,Beverages,Black Tea Pack,Member,Female,8,1.39,11.12,Evc Plus,Mohamed Ali,2024,12,December
INV104176,2024-12-13,Hamar Weyne,Household,Rice 5kg,Member,Female,6,6.57,39.42,Evc Plus,Khadija Omar,2024,12,December
INV104423,2024-12-13,Hodan-Taleex,Dairy,Eggs Tray (30pcs),Regular,Male,3,5.11,15.33,Cash,Fadumo Yusuf,2024,12,December
INV104369,2024-12-13,Hamar Weyne,Dairy,Butter 250g,Regular,Female,2,2.69,5.38,Evc Plus,Ahmed Abdi,2024,12,December
INV104451,2024-12-13,Laba Dhagax,Personal Care,Body Lotion 200ml,Member,Male,3,3.99,11.97,Cash,Sahra Ibrahim,2024,12,December
INV104482,2024-12-13,Hamar Weyne,Snacks,Candy Pack,Member,Female,2,0.61,1.22,Cash,Hodan Warsame,2024,12,December
INV104270,2024-12-13,Hodan-Taleex,Snacks,Candy Pack,Regular,Male,5,0.51,2.55,Zaad,Amina Hassan,2024,12,December
INV104419,2024-12-13,Hodan-Taleex,Bakery,White Bread,Member,Male,8,0.79,6.32,Evc Plus,Abdirahman Nur,2024,12,December
INV104121,2024-12-13,Hamar Weyne,Snacks,Peanuts 200g,Member,Female,5,1.4,7.0,Zaad,Hodan Warsame,2024,12,December
INV104339,2024-12-13,Laba Dhagax,Vegetables,Cabbage (each),Regular,Female,6,0.82,4.92,Visa,Sahra Ibrahim,2024,12,December
INV104297,2024-12-13,Laba Dhagax,Dairy,Eggs Tray (30pcs),Regular,Male,1,5.31,5.31,Zaad,Yusuf Farah,2024,12,December
INV104321,2024-12-13,Hodan-Taleex,Bakery,Biscuits Pack,Member,Male,7,1.16,8.12,Visa,Abdirahman Nur,2024,12,December
INV104037,2024-12-13,Hodan-Taleex,Dairy,Yogurt 500g,Member,Female,3,1.72,5.16,Evc Plus,Fadumo Yusuf,2024,12,December
INV104106,2024-12-13,Hodan-Taleex,Beverages,Black Tea Pack,Regular,Female,3,1.04,3.12,Evc Plus,Mohamed Ali,2024,12,December
INV104290,2024-12-13,Hodan-Taleex,Bakery,Donut,Regular,Male,3,0.94,2.82,Zaad,Mohamed Ali,2024,12,December
INV104462,2024-12-13,Hodan-Taleex,Household,Cooking Oil 1L,Regular,Female,5,3.86,19.3,Evc Plus,Amina Hassan,2024,12,December
INV104299,2024-12-13,Hodan-Taleex,Fruits,Orange (kg),Member,Male,6,1.11,6.66,Evc Plus,Abdirahman Nur,2024,12,December
INV104228,2024-12-13,Hamar Weyne,Household,Sugar 2kg,Member,Female,3,2.27,6.81,Evc Plus,Ahmed Abdi,2024,12,December
INV104253,2024-12-13,Hodan-Taleex,Bakery,Croissant,Regular,Male,4,0.91,3.64,Evc Plus,Fadumo Yusuf,2024,12,December
INV104102,2024-12-13,Hamar Weyne,Household,Laundry Detergent 1kg,Regular,Female,2,2.82,5.64,Evc Plus,Ahmed Abdi,2024,12,December
INV104116,2024-12-13,Laba Dhagax,Snacks,Popcorn Pack,Member,Male,2,0.8,1.6,Visa,Sahra Ibrahim,2024,12,December
INV104251,2024-12-14,Hodan-Taleex,Snacks,Potato Chips,Member,Female,4,0.88,3.52,Evc Plus,Abdirahman Nur,2024,12,December
INV104151,2024-12-14,Laba Dhagax,Household,Flour 2kg,Regular,Male,2,2.97,5.94,Evc Plus,Yusuf Farah,2024,12,December
INV104465,2024-12-14,Hodan-Taleex,Dairy,Yogurt 500g,Regular,Male,4,1.82,7.28,Evc Plus,Fadumo Yusuf,2024,12,December
INV104275,2024-12-14,Hodan-Taleex,Fruits,Banana (kg),Regular,Female,1,0.86,0.86,Cash,Amina Hassan,2024,12,December
INV104038,2024-12-14,Hamar Weyne,Dairy,Butter 250g,Member,Male,8,3.06,24.48,Visa,Khadija Omar,2024,12,December
INV103986,2024-12-14,Laba Dhagax,Bakery,Donut,Regular,Male,3,0.93,2.79,Cash,Yusuf Farah,2024,12,December
INV104247,2024-12-14,Laba Dhagax,Household,Laundry Detergent 1kg,Regular,Male,4,2.8,11.2,Zaad,Sahra Ibrahim,2024,12,December
INV104166,2024-12-14,Laba Dhagax,Dairy,Milk 1L,Regular,Female,1,1.25,1.25,Zaad,Yusuf Farah,2024,12,December
INV104155,2024-12-14,Laba Dhagax,Dairy,Butter 250g,Regular,Male,3,2.84,8.52,Evc Plus,Sahra Ibrahim,2024,12,December
INV104346,2024-12-14,Hamar Weyne,Dairy,Butter 250g,Regular,Female,6,2.14,12.84,Evc Plus,Ahmed Abdi,2024,12,December
INV104014,2024-12-14,Hodan-Taleex,Fruits,Watermelon (each),Regular,Female,2,2.84,5.68,Evc Plus,Amina Hassan,2024,12,December
INV104143,2024-12-14,Hodan-Taleex,Household,Sugar 2kg,Regular,Male,2,2.07,4.14,Evc Plus,Abdirahman Nur,2024,12,December
INV104442,2024-12-14,Hodan-Taleex,Household,Sugar 2kg,Regular,Female,2,2.2,4.4,Evc Plus,Mohamed Ali,2024,12,December
INV104148,2024-12-14,Hamar Weyne,Snacks,Candy Pack,Regular,Female,1,0.7,0.7,Evc Plus,Khadija Omar,2024,12,December
INV104173,2024-12-14,Hodan-Taleex,Vegetables,Cabbage (each),Regular,Male,1,1.31,1.31,Evc Plus,Mohamed Ali,2024,12,December
INV103982,2024-12-14,Laba Dhagax,Dairy,Cheese 200g,Regular,Male,1,3.29,3.29,Visa,Sahra Ibrahim,2024,12,December
INV104256,2024-12-14,Hamar Weyne,Vegetables,Cabbage (each),Regular,Female,6,1.33,7.98,Cash,Hodan Warsame,2024,12,December
INV104382,2024-12-14,Hodan-Taleex,Snacks,Peanuts 200g,Member,Male,3,1.24,3.72,Zaad,Amina Hassan,2024,12,December
INV104248,2024-12-14,Hamar Weyne,Beverages,Black Tea Pack,Regular,Female,5,1.85,9.25,Evc Plus,Ahmed Abdi,2024,12,December
INV103994,2024-12-14,Hodan-Taleex,Bakery,Brown Bread,Member,Female,5,0.95,4.75,Evc Plus,Abdirahman Nur,2024,12,December
INV104361,2024-12-14,Hodan-Taleex,Dairy,Eggs Tray (30pcs),Member,Female,3,3.9,11.7,Evc Plus,Amina Hassan,2024,12,December
INV104457,2024-12-14,Laba Dhagax,Bakery,Brown Bread,Regular,Male,5,0.95,4.75,Cash,Yusuf Farah,2024,12,December
INV104072,2024-12-14,Laba Dhagax,Beverages,Apple Juice 1L,Regular,Male,3,1.88,5.64,Evc Plus,Sahra Ibrahim,2024,12,December
INV104268,2024-12-15,Hodan-Taleex,Fruits,Grapes (kg),Regular,Male,1,3.79,3.79,Evc Plus,Fadumo Yusuf,2024,12,December
INV104161,2024-12-15,Laba Dhagax,Household,Cooking Oil 1L,Regular,Female,4,3.78,15.12,Evc Plus,Sahra Ibrahim,2024,12,December
INV104309,2024-12-15,Hodan-Taleex,Snacks,Popcorn Pack,Member,Female,5,1.07,5.35,Evc Plus,Amina Hassan,2024,12,December
INV104396,2024-12-15,Laba Dhagax,Personal Care,Hand Sanitizer 100ml,Member,Male,8,2.0,16.0,Cash,Yusuf Farah,2024,12,December
INV104433,2024-12-15,Laba Dhagax,Dairy,Butter 250g,Regular,Male,6,2.8,16.8,Evc Plus,Yusuf Farah,2024,12,December
INV104030,2024-12-15,Hamar Weyne,Beverages,Black Tea Pack,Regular,Female,6,1.96,11.76,Zaad,Khadija Omar,2024,12,December
INV104230,2024-12-15,Hodan-Taleex,Personal Care,Hand Sanitizer 100ml,Regular,Female,4,1.97,7.88,Evc Plus,Fadumo Yusuf,2024,12,December
INV103978,2024-12-15,Hamar Weyne,Dairy,Milk 1L,Member,Female,8,1.11,8.88,Evc Plus,Ahmed Abdi,2024,12,December
INV104485,2024-12-15,Laba Dhagax,Personal Care,Toothpaste,Member,Male,4,2.4,9.6,Evc Plus,Sahra Ibrahim,2024,12,December
INV104477,2024-12-15,Hodan-Taleex,Personal Care,Hand Sanitizer 100ml,Member,Female,5,1.63,8.15,Evc Plus,Amina Hassan,2024,12,December
INV104207,2024-12-15,Hodan-Taleex,Vegetables,Tomato (kg),Regular,Female,1,0.89,0.89,Zaad,Fadumo Yusuf,2024,12,December
INV104138,2024-12-15,Laba Dhagax,Fruits,Banana (kg),Member,Male,3,0.97,2.91,Cash,Yusuf Farah,2024,12,December
INV104303,2024-12-15,Hamar Weyne,Personal Care,Bar Soap,Regular,Male,5,0.71,3.55,Visa,Hodan Warsame,2024,12,December
INV103976,2024-12-15,Laba Dhagax,Fruits,Watermelon (each),Member,Female,6,2.14,12.84,Evc Plus,Sahra Ibrahim,2024,12,December
INV104039,2024-12-15,Laba Dhagax,Beverages,Apple Juice 1L,Member,Male,6,2.5,15.0,Evc Plus,Sahra Ibrahim,2024,12,December
INV104194,2024-12-15,Hodan-Taleex,Snacks,Popcorn Pack,Regular,Male,4,0.76,3.04,Cash,Abdirahman Nur,2024,12,December
INV104206,2024-12-15,Hamar Weyne,Personal Care,Body Lotion 200ml,Member,Female,6,3.03,18.18,Evc Plus,Ahmed Abdi,2024,12,December
INV104108,2024-12-15,Laba Dhagax,Snacks,Candy Pack,Member,Female,6,0.67,4.02,Zaad,Yusuf Farah,2024,12,December
INV103987,2024-12-15,Hamar Weyne,Fruits,Apple (kg),Regular,Male,3,1.68,5.04,Cash,Hodan Warsame,2024,12,December
INV104055,2024-12-15,Hamar Weyne,Beverages,Sprite 500ml,Member,Female,3,1.02,3.06,Evc Plus,Ahmed Abdi,2024,12,December
INV104250,2024-12-16,Hamar Weyne,Fruits,Apple (kg),Member,Female,5,1.56,7.8,Evc Plus,Ahmed Abdi,2024,12,December
INV104043,2024-12-16,Hodan-Taleex,Snacks,Potato Chips,Regular,Male,1,0.88,0.88,Zaad,Mohamed Ali,2024,12,December
INV104240,2024-12-16,Hamar Weyne,Vegetables,Carrot (kg),Regular,Female,6,0.8,4.8,Evc Plus,Hodan Warsame,2024,12,December
INV104466,2024-12-16,Hodan-Taleex,Snacks,Popcorn Pack,Regular,Female,5,0.83,4.15,Evc Plus,Amina Hassan,2024,12,December
INV104064,2024-12-16,Hodan-Taleex,Beverages,Sprite 500ml,Regular,Male,1,1.1,1.1,Evc Plus,Fadumo Yusuf,2024,12,December
INV104243,2024-12-16,Laba Dhagax,Dairy,Milk 1L,Regular,Female,6,1.4,8.4,Zaad,Sahra Ibrahim,2024,12,December
INV104470,2024-12-16,Laba Dhagax,Vegetables,Tomato (kg),Member,Male,2,0.73,1.46,Visa,Yusuf Farah,2024,12,December
INV104314,2024-12-16,Hodan-Taleex,Fruits,Banana (kg),Member,Female,5,0.82,4.1,Zaad,Amina Hassan,2024,12,December
INV104083,2024-12-16,Hodan-Taleex,Personal Care,Toothbrush,Member,Female,2,1.26,2.52,Evc Plus,Amina Hassan,2024,12,December
INV104474,2024-12-16,Hamar Weyne,Household,Rice 5kg,Regular,Male,5,7.09,35.45,Evc Plus,Ahmed Abdi,2024,12,December
INV103990,2024-12-16,Hodan-Taleex,Beverages,Coffee 200g,Member,Male,4,3.35,13.4,Visa,Amina Hassan,2024,12,December
INV104069,2024-12-16,Hodan-Taleex,Dairy,Milk 1L,Member,Male,3,1.3,3.9,Cash,Abdirahman Nur,2024,12,December
INV103985,2024-12-16,Hodan-Taleex,Snacks,Peanuts 200g,Regular,Male,3,1.28,3.84,Visa,Mohamed Ali,2024,12,December
INV104301,2024-12-16,Laba Dhagax,Bakery,Brown Bread,Member,Female,8,1.08,8.64,Evc Plus,Yusuf Farah,2024,12,December
INV104175,2024-12-17,Hamar Weyne,Snacks,Chocolate Bar,Regular,Male,6,0.64,3.84,Evc Plus,Khadija Omar,2024,12,December
INV104214,2024-12-17,Hamar Weyne,Bakery,Brown Bread,Regular,Female,5,1.04,5.2,Zaad,Ahmed Abdi,2024,12,December
INV104172,2024-12-17,Hamar Weyne,Snacks,Potato Chips,Regular,Male,5,1.03,5.15,Evc Plus,Ahmed Abdi,2024,12,December
INV104135,2024-12-17,Hodan-Taleex,Beverages,Bottled Water 500ml,Member,Male,5,0.34,1.7,Cash,Fadumo Yusuf,2024,12,December
INV104368,2024-12-17,Hodan-Taleex,Personal Care,Toothbrush,Member,Male,4,0.96,3.84,Visa,Abdirahman Nur,2024,12,December
INV104196,2024-12-17,Hodan-Taleex,Beverages,Coffee 200g,Member,Female,2,3.61,7.22,Visa,Abdirahman Nur,2024,12,December
INV104034,2024-12-17,Hamar Weyne,Household,Cooking Oil 1L,Regular,Male,6,2.7,16.2,Evc Plus,Ahmed Abdi,2024,12,December
INV104181,2024-12-17,Hodan-Taleex,Beverages,Soft Drink Cola 500ml,Regular,Female,5,1.12,5.6,Cash,Abdirahman Nur,2024,12,December
INV104455,2024-12-17,Hodan-Taleex,Dairy,Milk 1L,Member,Female,2,1.01,2.02,Evc Plus,Amina Hassan,2024,12,December
INV104252,2024-12-17,Hodan-Taleex,Household,Rice 5kg,Regular,Male,2,8.99,17.98,Visa,Amina Hassan,2024,12,December
INV104044,2024-12-17,Hodan-Taleex,Dairy,Milk 1L,Regular,Female,2,1.75,3.5,Evc Plus,Abdirahman Nur,2024,12,December
INV103983,2024-12-17,Hodan-Taleex,Beverages,Sprite 500ml,Member,Male,3,1.16,3.48,Zaad,Amina Hassan,2024,12,December
INV103984,2024-12-17,Hamar Weyne,Bakery,Biscuits Pack,Regular,Female,1,1.16,1.16,Evc Plus,Ahmed Abdi,2024,12,December
INV104241,2024-12-18,Hamar Weyne,Personal Care,Shampoo 400ml,Member,Male,4,2.92,11.68,Cash,Hodan Warsame,2024,12,December
INV104218,2024-12-18,Hodan-Taleex,Vegetables,Cucumber (kg),Member,Female,8,0.92,7.36,Evc Plus,Abdirahman Nur,2024,12,December
INV104067,2024-12-18,Hodan-Taleex,Beverages,Coffee 200g,Regular,Male,2,4.0,8.0,Evc Plus,Fadumo Yusuf,2024,12,December
INV104100,2024-12-18,Hamar Weyne,Personal Care,Body Lotion 200ml,Member,Female,7,3.41,23.87,Evc Plus,Khadija Omar,2024,12,December
INV103981,2024-12-18,Hodan-Taleex,Beverages,Apple Juice 1L,Member,Female,3,1.99,5.97,Evc Plus,Mohamed Ali,2024,12,December
INV104099,2024-12-18,Hodan-Taleex,Fruits,Apple (kg),Regular,Male,2,2.31,4.62,Evc Plus,Amina Hassan,2024,12,December
INV103997,2024-12-18,Hamar Weyne,Fruits,Orange (kg),Regular,Female,2,1.46,2.92,Evc Plus,Ahmed Abdi,2024,12,December
INV104417,2024-12-18,Hamar Weyne,Household,Pasta 500g,Regular,Female,1,1.06,1.06,Zaad,Khadija Omar,2024,12,December
INV104104,2024-12-18,Hamar Weyne,Personal Care,Toothbrush,Regular,Male,4,1.37,5.48,Zaad,Ahmed Abdi,2024,12,December
INV104412,2024-12-18,Hodan-Taleex,Beverages,Soft Drink Cola 500ml,Regular,Male,1,1.01,1.01,Cash,Abdirahman Nur,2024,12,December
INV104288,2024-12-18,Laba Dhagax,Dairy,Cheese 200g,Regular,Female,5,3.26,16.3,Evc Plus,Sahra Ibrahim,2024,12,December
INV104483,2024-12-18,Hodan-Taleex,Dairy,Butter 250g,Regular,Male,5,3.22,16.1,Visa,Mohamed Ali,2024,12,December
INV104005,2024-12-18,Laba Dhagax,Personal Care,Toothpaste,Regular,Male,2,1.8,3.6,Evc Plus,Yusuf Farah,2024,12,December
INV104399,2024-12-18,Hamar Weyne,Beverages,Orange Juice 1L,Regular,Male,6,2.2,13.2,Cash,Hodan Warsame,2024,12,December
INV104184,2024-12-18,Laba Dhagax,Beverages,Soft Drink Cola 500ml,Regular,Male,1,1.05,1.05,Evc Plus,Sahra Ibrahim,2024,12,December
INV104291,2024-12-18,Hamar Weyne,Household,Rice 5kg,Regular,Female,2,6.52,13.04,Evc Plus,Hodan Warsame,2024,12,December
INV104376,2024-12-18,Hodan-Taleex,Beverages,Apple Juice 1L,Member,Female,7,2.34,16.38,Zaad,Fadumo Yusuf,2024,12,December
INV104446,2024-12-18,Hamar Weyne,Snacks,Peanuts 200g,Regular,Male,2,0.99,1.98,Evc Plus,Ahmed Abdi,2024,12,December
INV104388,2024-12-19,Hamar Weyne,Fruits,Apple (kg),Regular,Male,6,2.14,12.84,Evc Plus,Ahmed Abdi,2024,12,December
INV104293,2024-12-19,Hamar Weyne,Personal Care,Body Lotion 200ml,Regular,Female,1,2.74,2.74,Zaad,Khadija Omar,2024,12,December
INV104392,2024-12-19,Laba Dhagax,Personal Care,Body Lotion 200ml,Member,Male,5,3.64,18.2,Zaad,Sahra Ibrahim,2024,12,December
INV104002,2024-12-19,Hamar Weyne,Fruits,Watermelon (each),Regular,Female,3,2.95,8.85,Cash,Ahmed Abdi,2024,12,December
INV104082,2024-12-19,Laba Dhagax,Beverages,Coffee 200g,Member,Male,6,4.13,24.78,Evc Plus,Sahra Ibrahim,2024,12,December
INV104358,2024-12-19,Laba Dhagax,Snacks,Chocolate Bar,Member,Female,6,0.75,4.5,Zaad,Sahra Ibrahim,2024,12,December
INV104019,2024-12-19,Hamar Weyne,Bakery,White Bread,Regular,Male,5,0.7,3.5,Visa,Ahmed Abdi,2024,12,December
INV103995,2024-12-19,Hamar Weyne,Fruits,Orange (kg),Member,Male,6,1.47,8.82,Evc Plus,Khadija Omar,2024,12,December
INV104013,2024-12-19,Hodan-Taleex,Beverages,Orange Juice 1L,Regular,Male,1,1.95,1.95,Zaad,Amina Hassan,2024,12,December
INV104076,2024-12-19,Hodan-Taleex,Vegetables,Tomato (kg),Member,Female,7,0.77,5.39,Evc Plus,Mohamed Ali,2024,12,December
INV104046,2024-12-19,Hodan-Taleex,Household,Rice 5kg,Regular,Female,2,9.28,18.56,Zaad,Mohamed Ali,2024,12,December
INV104277,2024-12-19,Hodan-Taleex,Bakery,Cupcake,Member,Female,4,0.89,3.56,Evc Plus,Abdirahman Nur,2024,12,December
INV104169,2024-12-19,Hodan-Taleex,Household,Sugar 2kg,Regular,Female,2,2.43,4.86,Zaad,Fadumo Yusuf,2024,12,December
INV104360,2024-12-19,Hamar Weyne,Dairy,Cheese 200g,Regular,Female,2,3.13,6.26,Cash,Ahmed Abdi,2024,12,December
INV104393,2024-12-19,Hamar Weyne,Beverages,Bottled Water 500ml,Regular,Female,2,0.58,1.16,Evc Plus,Ahmed Abdi,2024,12,December
INV104329,2024-12-19,Hodan-Taleex,Dairy,Yogurt 500g,Regular,Female,1,1.49,1.49,Cash,Mohamed Ali,2024,12,December
INV104164,2024-12-19,Hamar Weyne,Vegetables,Onion (kg),Regular,Male,5,0.75,3.75,Evc Plus,Hodan Warsame,2024,12,December
INV104090,2024-12-19,Hodan-Taleex,Bakery,Croissant,Regular,Female,2,0.91,1.82,Evc Plus,Amina Hassan,2024,12,December
INV104004,2024-12-19,Laba Dhagax,Bakery,Biscuits Pack,Regular,Male,1,1.11,1.11,Evc Plus,Sahra Ibrahim,2024,12,December
INV104095,2024-12-20,Hodan-Taleex,Vegetables,Cucumber (kg),Regular,Female,1,0.86,0.86,Evc Plus,Mohamed Ali,2024,12,December
INV104445,2024-12-20,Hamar Weyne,Household,Cooking Oil 1L,Regular,Male,5,3.87,19.35,Evc Plus,Khadija Omar,2024,12,December
INV104205,2024-12-20,Hodan-Taleex,Household,Rice 5kg,Member,Male,8,9.48,75.84,Cash,Abdirahman Nur,2024,12,December
INV104473,2024-12-20,Hodan-Taleex,Beverages,Apple Juice 1L,Regular,Male,6,1.83,10.98,Cash,Mohamed Ali,2024,12,December
INV104271,2024-12-20,Hodan-Taleex,Dairy,Butter 250g,Regular,Male,2,3.32,6.64,Evc Plus,Fadumo Yusuf,2024,12,December
INV104334,2024-12-20,Hodan-Taleex,Dairy,Fresh Cream 200ml,Regular,Male,1,2.22,2.22,Evc Plus,Abdirahman Nur,2024,12,December
INV104450,2024-12-20,Hodan-Taleex,Household,Sugar 2kg,Regular,Male,1,2.39,2.39,Zaad,Fadumo Yusuf,2024,12,December
INV104447,2024-12-20,Hodan-Taleex,Vegetables,Tomato (kg),Member,Female,7,0.95,6.65,Visa,Abdirahman Nur,2024,12,December
INV103980,2024-12-20,Hodan-Taleex,Bakery,Donut,Member,Female,4,0.94,3.76,Evc Plus,Abdirahman Nur,2024,12,December
INV104242,2024-12-20,Laba Dhagax,Vegetables,Cucumber (kg),Regular,Female,6,0.66,3.96,Cash,Yusuf Farah,2024,12,December
INV103996,2024-12-20,Hamar Weyne,Personal Care,Bar Soap,Member,Male,2,0.52,1.04,Evc Plus,Hodan Warsame,2024,12,December
INV103969,2024-12-21,Hamar Weyne,Personal Care,Hand Sanitizer 100ml,Regular,Female,2,2.12,4.24,Visa,Ahmed Abdi,2024,12,December
INV104147,2024-12-21,Hodan-Taleex,Beverages,Sprite 500ml,Member,Female,2,0.81,1.62,Visa,Abdirahman Nur,2024,12,December
INV104062,2024-12-21,Hodan-Taleex,Dairy,Cheese 200g,Member,Male,6,2.55,15.3,Zaad,Mohamed Ali,2024,12,December
INV104125,2024-12-21,Hodan-Taleex,Fruits,Apple (kg),Member,Male,7,2.1,14.7,Cash,Amina Hassan,2024,12,December
INV104416,2024-12-21,Hamar Weyne,Bakery,Croissant,Member,Female,6,0.89,5.34,Evc Plus,Khadija Omar,2024,12,December
INV104330,2024-12-21,Hodan-Taleex,Household,Sugar 2kg,Regular,Male,1,2.73,2.73,Evc Plus,Mohamed Ali,2024,12,December
INV104367,2024-12-21,Hodan-Taleex,Beverages,Soft Drink Cola 500ml,Regular,Female,4,1.17,4.68,Evc Plus,Abdirahman Nur,2024,12,December
INV104249,2024-12-21,Laba Dhagax,Personal Care,Hand Sanitizer 100ml,Member,Male,4,1.39,5.56,Evc Plus,Yusuf Farah,2024,12,December
INV104059,2024-12-21,Hamar Weyne,Bakery,White Bread,Regular,Female,2,0.81,1.62,Evc Plus,Ahmed Abdi,2024,12,December
INV104191,2024-12-21,Laba Dhagax,Snacks,Popcorn Pack,Regular,Female,3,1.07,3.21,Evc Plus,Yusuf Farah,2024,12,December
INV104098,2024-12-22,Hodan-Taleex,Beverages,Apple Juice 1L,Regular,Male,1,1.61,1.61,Evc Plus,Abdirahman Nur,2024,12,December
INV104390,2024-12-22,Hodan-Taleex,Personal Care,Body Lotion 200ml,Regular,Male,5,3.8,19.0,Zaad,Abdirahman Nur,2024,12,December
INV104469,2024-12-22,Hodan-Taleex,Dairy,Cheese 200g,Member,Male,7,2.79,19.53,Zaad,Fadumo Yusuf,2024,12,December
INV104317,2024-12-22,Laba Dhagax,Bakery,Cupcake,Member,Female,5,0.79,3.95,Evc Plus,Sahra Ibrahim,2024,12,December
INV104140,2024-12-22,Hamar Weyne,Bakery,Brown Bread,Regular,Female,1,0.92,0.92,Evc Plus,Ahmed Abdi,2024,12,December
INV104464,2024-12-22,Hodan-Taleex,Snacks,Candy Pack,Member,Male,2,0.53,1.06,Evc Plus,Abdirahman Nur,2024,12,December
INV104304,2024-12-22,Laba Dhagax,Beverages,Orange Juice 1L,Regular,Male,5,2.09,10.45,Cash,Sahra Ibrahim,2024,12,December
INV104280,2024-12-22,Hodan-Taleex,Beverages,Orange Juice 1L,Member,Male,2,2.05,4.1,Evc Plus,Abdirahman Nur,2024,12,December
INV104481,2024-12-22,Hodan-Taleex,Beverages,Black Tea Pack,Regular,Female,6,1.24,7.44,Cash,Fadumo Yusuf,2024,12,December
INV104424,2024-12-22,Laba Dhagax,Household,Flour 2kg,Member,Female,4,3.0,12.0,Evc Plus,Sahra Ibrahim,2024,12,December
INV103972,2024-12-22,Laba Dhagax,Snacks,Peanuts 200g,Regular,Female,2,0.91,1.82,Cash,Yusuf Farah,2024,12,December
INV104395,2024-12-23,Hodan-Taleex,Snacks,Potato Chips,Member,Male,6,0.83,4.98,Zaad,Mohamed Ali,2024,12,December
INV104386,2024-12-23,Hodan-Taleex,Dairy,Milk 1L,Member,Female,7,1.65,11.55,Evc Plus,Abdirahman Nur,2024,12,December
INV104024,2024-12-23,Hodan-Taleex,Fruits,Apple (kg),Regular,Male,2,1.8,3.6,Evc Plus,Fadumo Yusuf,2024,12,December
INV104171,2024-12-23,Hodan-Taleex,Household,Flour 2kg,Regular,Male,1,1.92,1.92,Evc Plus,Fadumo Yusuf,2024,12,December
INV104110,2024-12-23,Hodan-Taleex,Fruits,Apple (kg),Regular,Female,4,1.69,6.76,Evc Plus,Abdirahman Nur,2024,12,December
INV104459,2024-12-23,Hodan-Taleex,Dairy,Fresh Cream 200ml,Regular,Male,3,2.12,6.36,Cash,Mohamed Ali,2024,12,December
INV104022,2024-12-23,Hamar Weyne,Dairy,Yogurt 500g,Regular,Female,1,1.77,1.77,Evc Plus,Hodan Warsame,2024,12,December
INV104182,2024-12-23,Hodan-Taleex,Beverages,Bottled Water 500ml,Member,Male,5,0.34,1.7,Evc Plus,Abdirahman Nur,2024,12,December
INV104066,2024-12-23,Hodan-Taleex,Snacks,Peanuts 200g,Regular,Male,1,1.17,1.17,Evc Plus,Mohamed Ali,2024,12,December
INV104130,2024-12-23,Hodan-Taleex,Snacks,Biscuit Snack Pack,Regular,Female,3,0.83,2.49,Evc Plus,Abdirahman Nur,2024,12,December
INV104374,2024-12-23,Hodan-Taleex,Beverages,Soft Drink Cola 500ml,Regular,Male,4,0.99,3.96,Evc Plus,Amina Hassan,2024,12,December
INV104180,2024-12-23,Hamar Weyne,Bakery,Biscuits Pack,Member,Male,8,0.82,6.56,Evc Plus,Ahmed Abdi,2024,12,December
INV104027,2024-12-24,Hodan-Taleex,Beverages,Black Tea Pack,Regular,Male,6,1.35,8.1,Zaad,Abdirahman Nur,2024,12,December
INV104325,2024-12-24,Laba Dhagax,Personal Care,Body Lotion 200ml,Member,Male,6,2.78,16.68,Cash,Sahra Ibrahim,2024,12,December
INV104307,2024-12-24,Hodan-Taleex,Beverages,Bottled Water 500ml,Regular,Female,1,0.38,0.38,Cash,Fadumo Yusuf,2024,12,December
INV104092,2024-12-24,Hamar Weyne,Personal Care,Toothpaste,Member,Male,6,1.77,10.62,Evc Plus,Ahmed Abdi,2024,12,December
INV104425,2024-12-24,Hodan-Taleex,Beverages,Bottled Water 500ml,Regular,Male,2,0.3,0.6,Zaad,Abdirahman Nur,2024,12,December
INV104364,2024-12-24,Hodan-Taleex,Vegetables,Cucumber (kg),Member,Female,3,0.64,1.92,Evc Plus,Fadumo Yusuf,2024,12,December
INV104475,2024-12-24,Laba Dhagax,Dairy,Milk 1L,Regular,Female,1,1.15,1.15,Cash,Sahra Ibrahim,2024,12,December
INV104201,2024-12-24,Hodan-Taleex,Bakery,Biscuits Pack,Regular,Female,5,0.81,4.05,Evc Plus,Amina Hassan,2024,12,December
INV104484,2024-12-24,Hodan-Taleex,Snacks,Chocolate Bar,Regular,Male,3,0.81,2.43,Zaad,Fadumo Yusuf,2024,12,December
INV104209,2024-12-24,Hodan-Taleex,Personal Care,Bar Soap,Member,Male,2,0.66,1.32,Evc Plus,Fadumo Yusuf,2024,12,December
INV104132,2024-12-24,Laba Dhagax,Beverages,Soft Drink Cola 500ml,Regular,Male,3,1.19,3.57,Evc Plus,Sahra Ibrahim,2024,12,December
INV104229,2024-12-24,Hamar Weyne,Bakery,Croissant,Regular,Female,3,1.02,3.06,Zaad,Hodan Warsame,2024,12,December
INV104117,2024-12-24,Hodan-Taleex,Beverages,Orange Juice 1L,Member,Male,5,2.07,10.35,Zaad,Amina Hassan,2024,12,December
INV104018,2024-12-24,Hodan-Taleex,Bakery,Donut,Regular,Male,6,0.76,4.56,Visa,Fadumo Yusuf,2024,12,December
INV104404,2024-12-24,Laba Dhagax,Dairy,Eggs Tray (30pcs),Regular,Male,5,5.32,26.6,Evc Plus,Sahra Ibrahim,2024,12,December
INV104114,2024-12-24,Hodan-Taleex,Snacks,Peanuts 200g,Regular,Female,2,1.28,2.56,Evc Plus,Amina Hassan,2024,12,December
INV104111,2024-12-24,Hamar Weyne,Bakery,Cupcake,Regular,Male,2,0.58,1.16,Cash,Hodan Warsame,2024,12,December
INV104198,2024-12-25,Hamar Weyne,Household,Sugar 2kg,Member,Female,4,2.58,10.32,Evc Plus,Ahmed Abdi,2024,12,December
INV104472,2024-12-25,Hodan-Taleex,Dairy,Cheese 200g,Regular,Female,1,3.64,3.64,Evc Plus,Amina Hassan,2024,12,December
INV104016,2024-12-25,Hodan-Taleex,Household,Pasta 500g,Member,Female,7,1.4,9.8,Cash,Amina Hassan,2024,12,December
INV104384,2024-12-25,Hamar Weyne,Vegetables,Carrot (kg),Member,Female,4,0.81,3.24,Evc Plus,Ahmed Abdi,2024,12,December
INV104149,2024-12-25,Hodan-Taleex,Personal Care,Body Lotion 200ml,Member,Female,3,3.93,11.79,Zaad,Abdirahman Nur,2024,12,December
INV104048,2024-12-25,Laba Dhagax,Snacks,Biscuit Snack Pack,Regular,Male,2,0.8,1.6,Evc Plus,Sahra Ibrahim,2024,12,December
INV104432,2024-12-25,Hodan-Taleex,Beverages,Apple Juice 1L,Member,Female,4,1.72,6.88,Evc Plus,Fadumo Yusuf,2024,12,December
INV104255,2024-12-25,Hodan-Taleex,Household,Flour 2kg,Regular,Male,4,1.92,7.68,Visa,Mohamed Ali,2024,12,December
INV104128,2024-12-25,Hamar Weyne,Beverages,Bottled Water 500ml,Regular,Male,3,0.36,1.08,Evc Plus,Ahmed Abdi,2024,12,December
INV104054,2024-12-25,Hodan-Taleex,Bakery,Donut,Member,Female,3,0.84,2.52,Zaad,Amina Hassan,2024,12,December
INV104065,2024-12-25,Laba Dhagax,Beverages,Coffee 200g,Regular,Male,2,3.04,6.08,Evc Plus,Yusuf Farah,2024,12,December
INV104319,2024-12-25,Hodan-Taleex,Personal Care,Toothbrush,Regular,Male,6,1.18,7.08,Cash,Fadumo Yusuf,2024,12,December
INV104377,2024-12-25,Hamar Weyne,Beverages,Orange Juice 1L,Member,Female,3,1.86,5.58,Zaad,Khadija Omar,2024,12,December
INV104257,2024-12-25,Hodan-Taleex,Snacks,Potato Chips,Member,Male,5,0.83,4.15,Zaad,Amina Hassan,2024,12,December
INV104289,2024-12-25,Hamar Weyne,Dairy,Fresh Cream 200ml,Regular,Male,5,1.69,8.45,Evc Plus,Ahmed Abdi,2024,12,December
INV104187,2024-12-25,Laba Dhagax,Personal Care,Toothbrush,Regular,Male,5,1.38,6.9,Visa,Yusuf Farah,2024,12,December
INV104401,2024-12-25,Hodan-Taleex,Fruits,Banana (kg),Regular,Male,1,0.94,0.94,Zaad,Fadumo Yusuf,2024,12,December
INV104049,2024-12-25,Hodan-Taleex,Household,Cooking Oil 1L,Regular,Female,3,3.81,11.43,Evc Plus,Fadumo Yusuf,2024,12,December
INV104075,2024-12-25,Hodan-Taleex,Bakery,Croissant,Regular,Male,1,1.1,1.1,Visa,Amina Hassan,2024,12,December
INV104186,2024-12-25,Hamar Weyne,Fruits,Banana (kg),Regular,Female,1,0.92,0.92,Zaad,Hodan Warsame,2024,12,December
INV104315,2024-12-25,Hodan-Taleex,Snacks,Biscuit Snack Pack,Regular,Male,2,0.95,1.9,Evc Plus,Abdirahman Nur,2024,12,December
INV104063,2024-12-25,Hamar Weyne,Vegetables,Carrot (kg),Regular,Female,2,0.7,1.4,Zaad,Khadija Omar,2024,12,December
INV104479,2024-12-25,Hodan-Taleex,Personal Care,Bar Soap,Regular,Female,4,0.66,2.64,Evc Plus,Amina Hassan,2024,12,December
INV103970,2024-12-25,Hodan-Taleex,Household,Pasta 500g,Regular,Female,4,1.13,4.52,Evc Plus,Mohamed Ali,2024,12,December
INV104189,2024-12-25,Hodan-Taleex,Personal Care,Body Lotion 200ml,Regular,Female,6,3.57,21.42,Zaad,Mohamed Ali,2024,12,December
INV104126,2024-12-25,Hamar Weyne,Personal Care,Bar Soap,Member,Female,4,0.75,3.0,Zaad,Khadija Omar,2024,12,December
INV104383,2024-12-25,Laba Dhagax,Vegetables,Cucumber (kg),Regular,Female,1,0.85,0.85,Zaad,Yusuf Farah,2024,12,December
INV104233,2024-12-25,Hodan-Taleex,Dairy,Butter 250g,Regular,Female,5,3.49,17.45,Cash,Abdirahman Nur,2024,12,December
INV104421,2024-12-25,Hamar Weyne,Household,Cooking Oil 1L,Member,Male,5,2.59,12.95,Zaad,Hodan Warsame,2024,12,December
INV104260,2024-12-26,Laba Dhagax,Vegetables,Potato (kg),Regular,Male,2,0.83,1.66,Evc Plus,Sahra Ibrahim,2024,12,December
INV104285,2024-12-26,Laba Dhagax,Dairy,Yogurt 500g,Regular,Female,1,1.24,1.24,Evc Plus,Sahra Ibrahim,2024,12,December
INV104458,2024-12-26,Hodan-Taleex,Household,Dish Soap 500ml,Member,Female,4,1.33,5.32,Zaad,Fadumo Yusuf,2024,12,December
INV104170,2024-12-26,Laba Dhagax,Beverages,Orange Juice 1L,Member,Female,7,2.19,15.33,Cash,Sahra Ibrahim,2024,12,December
INV104174,2024-12-26,Hamar Weyne,Fruits,Banana (kg),Member,Male,4,1.14,4.56,Visa,Hodan Warsame,2024,12,December
INV104372,2024-12-26,Hodan-Taleex,Personal Care,Body Lotion 200ml,Regular,Male,4,3.33,13.32,Zaad,Abdirahman Nur,2024,12,December
INV103989,2024-12-26,Hamar Weyne,Personal Care,Toothpaste,Regular,Male,4,2.31,9.24,Cash,Khadija Omar,2024,12,December
INV104357,2024-12-26,Laba Dhagax,Dairy,Eggs Tray (30pcs),Regular,Female,4,5.06,20.24,Evc Plus,Sahra Ibrahim,2024,12,December
INV104438,2024-12-26,Hodan-Taleex,Dairy,Cheese 200g,Member,Female,2,3.07,6.14,Zaad,Mohamed Ali,2024,12,December
INV104405,2024-12-26,Hodan-Taleex,Household,Dish Soap 500ml,Regular,Male,1,1.76,1.76,Evc Plus,Fadumo Yusuf,2024,12,December
INV104287,2024-12-26,Hodan-Taleex,Household,Cooking Oil 1L,Member,Male,4,2.93,11.72,Evc Plus,Amina Hassan,2024,12,December
INV104079,2024-12-26,Hodan-Taleex,Snacks,Potato Chips,Regular,Male,2,0.92,1.84,Visa,Amina Hassan,2024,12,December
INV104028,2024-12-26,Hamar Weyne,Vegetables,Tomato (kg),Member,Male,3,0.88,2.64,Evc Plus,Ahmed Abdi,2024,12,December
INV104246,2024-12-26,Hodan-Taleex,Personal Care,Hand Sanitizer 100ml,Member,Male,4,1.21,4.84,Zaad,Fadumo Yusuf,2024,12,December
INV104387,2024-12-26,Laba Dhagax,Vegetables,Tomato (kg),Member,Male,7,1.12,7.84,Zaad,Yusuf Farah,2024,12,December
INV104007,2024-12-26,Hodan-Taleex,Personal Care,Body Lotion 200ml,Member,Female,4,3.89,15.56,Evc Plus,Fadumo Yusuf,2024,12,December
INV104122,2024-12-27,Hodan-Taleex,Beverages,Apple Juice 1L,Regular,Male,1,2.42,2.42,Evc Plus,Mohamed Ali,2024,12,December
INV104017,2024-12-27,Laba Dhagax,Personal Care,Body Lotion 200ml,Member,Female,7,2.52,17.64,Evc Plus,Sahra Ibrahim,2024,12,December
INV104258,2024-12-27,Hamar Weyne,Bakery,Cupcake,Member,Female,2,0.62,1.24,Evc Plus,Khadija Omar,2024,12,December
INV104040,2024-12-27,Laba Dhagax,Household,Pasta 500g,Regular,Male,3,1.43,4.29,Visa,Yusuf Farah,2024,12,December
INV104168,2024-12-27,Hodan-Taleex,Beverages,Black Tea Pack,Member,Female,8,1.64,13.12,Zaad,Mohamed Ali,2024,12,December
INV104070,2024-12-27,Hamar Weyne,Bakery,Croissant,Member,Male,4,0.81,3.24,Evc Plus,Khadija Omar,2024,12,December
INV104308,2024-12-27,Hodan-Taleex,Beverages,Coffee 200g,Regular,Male,3,2.98,8.94,Cash,Mohamed Ali,2024,12,December
INV103993,2024-12-27,Hodan-Taleex,Household,Rice 5kg,Regular,Male,3,7.17,21.51,Evc Plus,Abdirahman Nur,2024,12,December
INV104157,2024-12-27,Hamar Weyne,Personal Care,Body Lotion 200ml,Regular,Male,6,3.52,21.12,Zaad,Khadija Omar,2024,12,December
INV104456,2024-12-27,Hamar Weyne,Snacks,Potato Chips,Member,Female,3,1.2,3.6,Visa,Ahmed Abdi,2024,12,December
INV104003,2024-12-27,Hodan-Taleex,Personal Care,Body Lotion 200ml,Regular,Male,5,3.61,18.05,Evc Plus,Fadumo Yusuf,2024,12,December
INV104394,2024-12-27,Hodan-Taleex,Personal Care,Hand Sanitizer 100ml,Member,Male,7,2.2,15.4,Evc Plus,Mohamed Ali,2024,12,December
INV104177,2024-12-27,Hamar Weyne,Dairy,Butter 250g,Member,Male,4,3.27,13.08,Evc Plus,Khadija Omar,2024,12,December
INV104336,2024-12-27,Hamar Weyne,Snacks,Candy Pack,Regular,Male,2,0.56,1.12,Cash,Hodan Warsame,2024,12,December
INV104120,2024-12-27,Hamar Weyne,Beverages,Bottled Water 500ml,Member,Female,4,0.46,1.84,Evc Plus,Khadija Omar,2024,12,December
INV104397,2024-12-27,Laba Dhagax,Vegetables,Cabbage (each),Regular,Male,5,1.05,5.25,Visa,Sahra Ibrahim,2024,12,December
INV104353,2024-12-27,Hodan-Taleex,Snacks,Chocolate Bar,Member,Female,2,1.2,2.4,Visa,Amina Hassan,2024,12,December
INV104340,2024-12-27,Hamar Weyne,Vegetables,Tomato (kg),Regular,Male,6,1.07,6.42,Cash,Khadija Omar,2024,12,December
INV104263,2024-12-28,Hodan-Taleex,Beverages,Sprite 500ml,Regular,Male,4,1.02,4.08,Evc Plus,Abdirahman Nur,2024,12,December
INV104020,2024-12-28,Hodan-Taleex,Beverages,Bottled Water 500ml,Member,Male,8,0.46,3.68,Zaad,Amina Hassan,2024,12,December
INV104414,2024-12-28,Laba Dhagax,Household,Sugar 2kg,Member,Female,6,2.21,13.26,Evc Plus,Sahra Ibrahim,2024,12,December
INV104008,2024-12-28,Hamar Weyne,Dairy,Eggs Tray (30pcs),Regular,Male,4,4.49,17.96,Cash,Hodan Warsame,2024,12,December
INV104316,2024-12-28,Hodan-Taleex,Household,Rice 5kg,Regular,Female,3,6.79,20.37,Evc Plus,Mohamed Ali,2024,12,December
INV104165,2024-12-28,Hodan-Taleex,Fruits,Banana (kg),Member,Male,3,0.92,2.76,Evc Plus,Abdirahman Nur,2024,12,December
INV104337,2024-12-28,Hodan-Taleex,Beverages,Black Tea Pack,Member,Male,6,1.22,7.32,Zaad,Abdirahman Nur,2024,12,December
INV104408,2024-12-28,Laba Dhagax,Fruits,Orange (kg),Regular,Male,1,1.3,1.3,Cash,Sahra Ibrahim,2024,12,December
INV104154,2024-12-28,Hodan-Taleex,Personal Care,Toothpaste,Member,Male,7,1.81,12.67,Visa,Abdirahman Nur,2024,12,December
INV104406,2024-12-28,Hodan-Taleex,Vegetables,Cabbage (each),Member,Male,5,1.08,5.4,Zaad,Amina Hassan,2024,12,December
INV104216,2024-12-28,Hodan-Taleex,Household,Sugar 2kg,Member,Male,8,2.02,16.16,Evc Plus,Abdirahman Nur,2024,12,December
INV104035,2024-12-28,Laba Dhagax,Vegetables,Cucumber (kg),Regular,Female,2,0.78,1.56,Evc Plus,Sahra Ibrahim,2024,12,December
INV104273,2024-12-28,Hamar Weyne,Personal Care,Bar Soap,Regular,Male,4,0.59,2.36,Evc Plus,Khadija Omar,2024,12,December
INV104449,2024-12-28,Hamar Weyne,Snacks,Popcorn Pack,Regular,Male,1,0.91,0.91,Zaad,Khadija Omar,2024,12,December
INV104283,2024-12-29,Laba Dhagax,Snacks,Candy Pack,Regular,Male,5,0.59,2.95,Evc Plus,Yusuf Farah,2024,12,December
INV104188,2024-12-29,Hodan-Taleex,Beverages,Apple Juice 1L,Regular,Male,6,2.26,13.56,Cash,Abdirahman Nur,2024,12,December
INV104426,2024-12-29,Hodan-Taleex,Household,Dish Soap 500ml,Regular,Male,3,1.33,3.99,Zaad,Fadumo Yusuf,2024,12,December
INV104101,2024-12-29,Laba Dhagax,Dairy,Butter 250g,Regular,Female,5,2.64,13.2,Evc Plus,Yusuf Farah,2024,12,December
INV104112,2024-12-29,Laba Dhagax,Household,Laundry Detergent 1kg,Member,Male,8,2.52,20.16,Evc Plus,Yusuf Farah,2024,12,December
INV104381,2024-12-29,Laba Dhagax,Vegetables,Tomato (kg),Member,Female,7,1.1,7.7,Evc Plus,Sahra Ibrahim,2024,12,December
INV104051,2024-12-29,Hodan-Taleex,Bakery,Brown Bread,Regular,Female,1,0.88,0.88,Evc Plus,Abdirahman Nur,2024,12,December
INV104302,2024-12-29,Laba Dhagax,Bakery,Croissant,Regular,Female,3,0.99,2.97,Zaad,Yusuf Farah,2024,12,December
INV104000,2024-12-29,Hodan-Taleex,Dairy,Eggs Tray (30pcs),Regular,Female,5,5.0,25.0,Evc Plus,Abdirahman Nur,2024,12,December
INV104145,2024-12-29,Laba Dhagax,Vegetables,Cabbage (each),Regular,Male,1,0.85,0.85,Evc Plus,Sahra Ibrahim,2024,12,December
INV104123,2024-12-29,Laba Dhagax,Household,Laundry Detergent 1kg,Member,Male,3,3.15,9.45,Evc Plus,Yusuf Farah,2024,12,December
INV104332,2024-12-29,Hodan-Taleex,Vegetables,Tomato (kg),Member,Male,4,1.16,4.64,Cash,Abdirahman Nur,2024,12,December
INV104178,2024-12-29,Hamar Weyne,Beverages,Apple Juice 1L,Member,Male,2,1.66,3.32,Evc Plus,Hodan Warsame,2024,12,December
INV104418,2024-12-29,Hodan-Taleex,Vegetables,Potato (kg),Member,Male,7,0.84,5.88,Evc Plus,Amina Hassan,2024,12,December
INV104150,2024-12-29,Laba Dhagax,Fruits,Banana (kg),Regular,Female,6,0.82,4.92,Evc Plus,Yusuf Farah,2024,12,December
INV104221,2024-12-29,Hodan-Taleex,Beverages,Bottled Water 500ml,Regular,Female,1,0.55,0.55,Zaad,Amina Hassan,2024,12,December
INV104200,2024-12-29,Hodan-Taleex,Vegetables,Carrot (kg),Regular,Female,5,1.13,5.65,Zaad,Amina Hassan,2024,12,December
INV104133,2024-12-30,Hamar Weyne,Bakery,Brown Bread,Member,Male,7,0.9,6.3,Zaad,Hodan Warsame,2024,12,December
INV104338,2024-12-30,Hamar Weyne,Personal Care,Bar Soap,Regular,Male,4,0.98,3.92,Evc Plus,Hodan Warsame,2024,12,December
INV104244,2024-12-30,Hodan-Taleex,Vegetables,Onion (kg),Member,Male,8,0.73,5.84,Evc Plus,Amina Hassan,2024,12,December
INV104091,2024-12-30,Laba Dhagax,Personal Care,Body Lotion 200ml,Member,Male,3,3.93,11.79,Cash,Yusuf Farah,2024,12,December
INV103988,2024-12-30,Laba Dhagax,Vegetables,Onion (kg),Member,Female,8,0.93,7.44,Evc Plus,Yusuf Farah,2024,12,December
INV104159,2024-12-30,Hamar Weyne,Vegetables,Tomato (kg),Member,Female,7,1.1,7.7,Evc Plus,Ahmed Abdi,2024,12,December
INV104026,2024-12-30,Laba Dhagax,Dairy,Milk 1L,Member,Female,8,1.32,10.56,Zaad,Yusuf Farah,2024,12,December
INV104134,2024-12-30,Hodan-Taleex,Household,Flour 2kg,Regular,Male,5,2.34,11.7,Zaad,Mohamed Ali,2024,12,December
INV104345,2024-12-30,Hodan-Taleex,Bakery,Donut,Member,Female,2,0.6,1.2,Evc Plus,Mohamed Ali,2024,12,December
INV104480,2024-12-30,Hamar Weyne,Beverages,Sprite 500ml,Regular,Female,6,0.77,4.62,Evc Plus,Ahmed Abdi,2024,12,December
INV104294,2024-12-30,Hodan-Taleex,Vegetables,Carrot (kg),Regular,Female,5,0.9,4.5,Visa,Amina Hassan,2024,12,December
INV104094,2024-12-30,Hodan-Taleex,Vegetables,Onion (kg),Regular,Female,3,0.65,1.95,Cash,Mohamed Ali,2024,12,December
INV104478,2024-12-30,Laba Dhagax,Bakery,Brown Bread,Member,Male,4,1.09,4.36,Zaad,Yusuf Farah,2024,12,December
INV104118,2024-12-30,Laba Dhagax,Dairy,Yogurt 500g,Member,Male,7,1.69,11.83,Evc Plus,Sahra Ibrahim,2024,12,December
INV104313,2024-12-30,Hamar Weyne,Snacks,Candy Pack,Member,Male,6,0.57,3.42,Evc Plus,Ahmed Abdi,2024,12,December
INV104025,2024-12-30,Hodan-Taleex,Dairy,Milk 1L,Regular,Female,1,1.72,1.72,Evc Plus,Abdirahman Nur,2024,12,December
INV104146,2024-12-30,Laba Dhagax,Bakery,Donut,Regular,Male,5,0.89,4.45,Evc Plus,Sahra Ibrahim,2024,12,December
INV104006,2024-12-30,Hamar Weyne,Household,Pasta 500g,Member,Female,2,1.37,2.74,Visa,Hodan Warsame,2024,12,December
INV104429,2024-12-30,Hamar Weyne,Dairy,Eggs Tray (30pcs),Regular,Female,4,5.15,20.6,Cash,Ahmed Abdi,2024,12,December
INV104267,2024-12-30,Hamar Weyne,Bakery,Biscuits Pack,Regular,Female,4,0.93,3.72,Zaad,Hodan Warsame,2024,12,December
INV104440,2024-12-31,Hodan-Taleex,Household,Rice 5kg,Regular,Female,5,8.95,44.75,Zaad,Fadumo Yusuf,2024,12,December
INV104362,2024-12-31,Hamar Weyne,Personal Care,Shampoo 400ml,Member,Female,2,3.81,7.62,Evc Plus,Ahmed Abdi,2024,12,December
INV104349,2024-12-31,Hodan-Taleex,Vegetables,Cucumber (kg),Regular,Female,5,0.74,3.7,Evc Plus,Abdirahman Nur,2024,12,December
INV104261,2024-12-31,Hamar Weyne,Bakery,Biscuits Pack,Regular,Male,2,1.32,2.64,Evc Plus,Hodan Warsame,2024,12,December
INV104461,2024-12-31,Hodan-Taleex,Snacks,Biscuit Snack Pack,Member,Female,5,0.77,3.85,Zaad,Amina Hassan,2024,12,December
INV104086,2024-12-31,Hamar Weyne,Bakery,White Bread,Member,Male,6,0.92,5.52,Zaad,Khadija Omar,2024,12,December
INV104156,2024-12-31,Hodan-Taleex,Snacks,Potato Chips,Member,Female,6,0.83,4.98,Evc Plus,Amina Hassan,2024,12,December
INV104041,2024-12-31,Hodan-Taleex,Vegetables,Onion (kg),Regular,Female,1,1.09,1.09,Zaad,Fadumo Yusuf,2024,12,December
INV104443,2024-12-31,Hodan-Taleex,Beverages,Bottled Water 500ml,Member,Female,5,0.42,2.1,Evc Plus,Mohamed Ali,2024,12,December
INV104292,2024-12-31,Hodan-Taleex,Fruits,Mango (kg),Regular,Male,1,1.3,1.3,Evc Plus,Amina Hassan,2024,12,December
INV104033,2024-12-31,Hodan-Taleex,Beverages,Coffee 200g,Regular,Female,3,2.99,8.97,Zaad,Amina Hassan,2024,12,December
INV104109,2024-12-31,Hodan-Taleex,Snacks,Chocolate Bar,Regular,Male,1,0.73,0.73,Visa,Amina Hassan,2024,12,December
INV104259,2024-12-31,Hodan-Taleex,Snacks,Biscuit Snack Pack,Regular,Male,1,0.75,0.75,Evc Plus,Abdirahman Nur,2024,12,December
INV104096,2024-12-31,Hamar Weyne,Personal Care,Toothpaste,Regular,Male,6,1.63,9.78,Evc Plus,Khadija Omar,2024,12,December
INV104453,2024-12-31,Hodan-Taleex,Vegetables,Tomato (kg),Regular,Male,5,1.06,5.3,Cash,Abdirahman Nur,2024,12,December
INV104211,2024-12-31,Hodan-Taleex,Beverages,Bottled Water 500ml,Member,Male,3,0.41,1.23,Evc Plus,Abdirahman Nur,2024,12,December
